cohort,group,seed,epoch,accuracy,predictions,probabilities_sha256
primary,1,12001,1,0.6824512534818942,5 4 0 1 6 9 6 2 7 8 4 2 1 1 8 0 8 5 3 8 0 9 1 6 5 5 3 4 1 9 2 9 2 3 4 5 3 2 2 6 3 4 4 8 4 0 8 9 9 1 1 4 2 0 0 7 8 3 0 5 2 0 6 2 2 2 3 1 9 5 2 7 9 6 1 7 5 3 6 2 7 0 2 2 2 5 5 0 2 4 3 4 7 2 2 6 2 2 9 5 8 1 0 7 0 6 1 4 7 5 6 2 1 4 5 4 5 5 6 3 5 2 3 0 0 2 7 8 9 6 9 7 5 0 9 2 2 9 4 9 6 6 4 5 6 9 6 7 7 0 0 7 6 5 3 9 0 3 7 3 0 6 6 0 6 5 3 0 4 5 0 0 8 5 1 6 3 5 6 0 5 2 2 5 5 0 6 4 6 7 5 0 6 5 6 7 4 0 9 3 8 6 0 9 4 1 2 1 1 2 0 9 2 5 4 0 3 1 5 4 9 0 1 4 6 6 4 0 1 1 2 6 4 0 9 4 8 7 2 2 7 6 3 5 9 2 0 4 4 3 7 4 4 8 4 1 7 9 8 6 2 2 9 2 6 0 9 7 2 0 3 0 3 9 9 5 2 2 1 9 4 5 4 4 4 6 5 4 2 9 5 2 3 2 9 4 8 5 5 4 2 2 2 1 5 0 0 0 6 7 8 5 7 0 5 6 0 0 0 7 7 4 9 2 5 2 1 9 8 8 5 7 8 8 0 5 5 7 4 0 5 8 2 9 7 6 3 2 5 2 0 2 7 8 3 7 7 5 6,7f94621b2a6369d483354103cf1b9f6396dd63cf570597916ac50dfbd8c5f1cc
primary,1,12001,2,0.7966573816155988,5 4 0 1 6 9 3 2 0 6 1 3 1 1 1 0 8 3 5 5 0 9 1 6 5 5 1 4 1 9 1 9 1 3 4 3 3 6 1 6 5 4 4 5 4 9 1 9 0 1 1 7 3 0 5 7 5 9 0 5 1 7 6 2 1 1 3 1 1 3 2 7 9 6 1 7 5 9 6 2 7 1 2 2 2 3 4 0 2 4 1 4 7 2 2 6 3 1 1 9 2 1 0 1 1 6 1 4 7 5 1 2 1 4 5 4 5 3 6 3 5 2 3 0 0 2 7 3 9 6 9 7 5 0 5 2 6 3 4 3 6 6 4 5 6 5 6 7 4 0 0 7 2 5 3 9 0 3 7 1 1 6 6 1 6 3 3 9 7 5 0 0 8 3 1 6 3 5 1 4 3 2 2 5 5 1 6 4 6 7 5 0 6 5 6 7 1 1 1 1 5 6 0 9 4 3 2 1 1 0 0 9 2 5 1 0 3 1 5 4 9 0 9 4 6 0 4 0 3 1 2 6 8 0 1 4 3 7 2 2 7 6 5 5 9 2 0 4 4 3 7 4 4 3 4 7 7 9 8 6 4 6 9 9 6 0 9 1 2 0 5 0 3 9 7 5 2 2 1 9 1 8 7 1 4 6 5 4 1 9 3 1 3 2 9 4 3 5 5 1 2 2 9 1 5 3 0 0 6 7 1 5 7 0 5 6 0 0 0 0 7 4 9 3 5 3 1 9 8 8 1 7 1 5 0 9 3 7 4 0 5 7 5 9 7 4 3 2 5 2 0 2 7 1 3 7 7 1 6,1cd8dc20f90f04796d8668efc86384fb4c5f492b6bee9196708b6860aa4868e8
primary,1,12001,3,0.8440111420612814,5 4 0 1 6 9 3 2 6 6 1 3 1 1 7 0 8 3 5 8 0 9 1 6 5 5 3 4 1 3 1 9 1 3 4 3 3 6 1 6 5 4 4 5 4 9 1 9 9 1 1 7 3 0 4 7 7 9 0 5 1 7 6 2 1 4 3 1 1 3 2 7 9 6 1 7 5 5 6 2 7 1 2 2 2 3 4 0 3 7 1 4 7 2 2 6 3 1 1 9 2 8 0 7 1 6 1 4 7 5 1 2 1 4 5 4 5 3 6 3 5 2 3 0 0 2 7 3 9 6 9 7 5 0 9 2 6 3 4 3 6 6 4 1 6 9 6 7 8 0 0 7 2 5 3 9 0 3 7 1 1 6 6 8 6 3 3 9 7 5 0 0 1 3 1 6 3 5 3 4 3 2 2 5 1 1 6 4 6 7 5 0 6 3 6 7 1 1 1 7 5 6 0 9 4 3 2 1 1 0 0 9 2 5 4 0 3 1 5 4 9 0 3 4 6 0 4 0 3 7 2 6 3 0 1 4 3 7 2 2 7 6 5 5 9 2 0 4 4 1 7 4 7 3 4 7 7 9 8 6 4 6 9 9 6 0 9 1 8 0 5 0 3 9 7 5 2 2 1 9 7 8 7 4 4 6 5 4 1 9 3 1 3 2 9 4 3 9 5 1 2 2 9 1 5 3 0 0 6 7 1 5 7 0 5 6 0 0 0 1 7 4 9 2 5 3 1 9 8 8 8 7 8 5 0 9 3 7 4 0 5 7 9 9 7 4 3 2 6 2 0 2 7 8 3 7 7 3 6,03bb3c078108646371cdeaefdc9e1e7ae5c45aa8b6aa4f69f731df47b91bb860
primary,1,12001,4,0.8774373259052924,5 4 0 1 6 9 9 2 0 6 6 3 1 1 7 0 8 3 5 8 0 9 1 6 5 5 3 4 1 3 8 9 8 3 4 3 3 6 1 6 5 4 4 5 4 9 1 9 9 1 1 7 3 0 4 7 7 9 0 5 1 7 6 2 1 4 3 1 1 3 2 7 3 6 1 7 5 5 6 2 7 1 2 2 2 3 4 0 2 7 8 4 7 2 2 6 3 1 1 9 2 8 0 7 1 6 1 4 7 5 1 2 4 4 5 4 5 3 6 3 5 2 3 0 0 2 7 3 9 6 9 7 5 0 9 2 6 3 4 3 6 6 7 1 6 9 6 7 8 0 0 7 2 5 3 9 0 3 7 8 1 6 6 8 6 3 3 9 7 5 0 0 7 3 1 6 3 5 8 4 3 2 2 5 5 1 6 4 6 7 5 0 6 9 6 7 1 1 1 7 8 6 0 9 4 3 2 1 1 0 0 9 2 5 4 0 3 1 5 4 9 0 9 4 6 0 4 0 3 7 2 6 7 0 1 4 8 7 2 2 7 6 5 5 9 2 0 4 4 8 7 4 7 3 4 7 7 9 8 6 4 6 9 9 6 0 9 1 8 0 5 0 3 9 7 5 2 2 1 9 7 8 7 4 4 6 5 4 1 9 3 1 3 2 9 4 3 9 5 4 2 2 9 1 5 3 0 0 6 7 1 5 7 0 5 6 0 0 0 1 7 4 9 2 5 3 1 9 8 8 8 7 8 5 0 9 3 7 4 0 5 7 9 9 7 4 3 2 6 2 0 2 7 8 3 7 7 1 6,be6643cdfa9280fc1ba7c12358f03f5697ba8eff64e0ae2bfd1450f11488525f
primary,1,12001,5,0.8802228412256268,5 4 0 1 6 9 3 2 4 6 1 3 1 1 7 0 8 5 5 8 0 3 1 6 5 5 3 4 1 3 8 9 8 3 4 3 3 6 1 6 5 4 4 5 4 9 1 9 9 1 1 7 3 0 4 7 7 9 0 5 1 7 6 2 1 4 3 1 1 3 2 7 3 6 1 7 5 5 6 2 7 1 2 2 2 3 4 0 2 7 1 4 7 2 2 6 3 1 1 9 2 8 0 7 1 6 1 4 7 5 1 2 1 4 5 4 5 3 6 3 5 2 3 0 0 2 7 3 9 6 9 7 5 0 9 2 6 3 4 3 6 6 7 1 6 9 6 7 8 0 0 7 2 5 3 9 0 3 7 8 1 8 6 8 6 3 3 1 7 5 0 0 8 3 1 6 3 5 3 4 3 2 2 5 5 1 6 4 6 7 5 0 6 3 6 7 1 1 1 7 8 6 0 9 4 3 1 1 1 0 0 9 2 5 4 0 3 1 5 4 3 0 3 4 6 0 4 0 3 8 2 6 7 0 1 4 8 7 2 2 7 6 5 5 9 2 0 4 4 8 7 4 7 3 4 2 7 9 8 6 4 6 9 9 6 0 9 1 8 0 5 0 3 9 7 5 2 3 1 9 7 8 7 4 4 6 5 4 1 1 3 1 3 2 9 4 8 5 5 4 2 2 9 1 5 3 0 0 6 7 1 5 7 0 5 6 0 0 0 1 7 4 9 2 5 3 1 9 8 8 8 7 8 5 0 9 3 7 4 0 5 7 9 9 7 4 3 2 6 2 0 2 7 8 3 7 7 1 6,845928355c4ded7433d6388d89f81b6defbf27df941c28387aab3acc030ca0c5
primary,1,12002,1,0.4818941504178273,0 4 0 1 0 3 3 2 0 8 1 3 1 1 2 0 1 3 7 0 0 3 1 8 3 0 1 4 1 3 3 3 1 3 4 3 3 1 1 0 7 4 4 6 0 9 1 3 3 1 1 7 3 0 8 7 1 9 0 1 1 2 2 2 1 8 3 1 2 3 2 7 3 1 1 1 7 3 0 2 6 2 2 1 3 3 4 0 3 7 8 4 7 1 2 0 9 1 3 3 3 1 0 4 1 0 1 4 7 7 1 0 1 4 7 0 0 3 2 3 1 2 9 0 0 2 1 3 3 1 3 7 7 0 3 2 1 2 0 3 0 0 1 1 1 0 2 7 0 0 0 7 1 0 3 3 0 3 7 1 7 1 3 2 8 3 9 3 7 0 0 0 1 3 1 2 3 0 6 4 3 2 2 0 1 1 0 4 8 7 0 3 5 3 4 7 1 1 1 7 8 2 0 3 4 3 1 1 2 0 0 3 2 2 1 0 3 2 5 4 9 0 3 4 8 0 4 0 3 1 2 3 6 0 1 0 3 1 2 2 7 6 2 0 3 2 0 7 4 1 7 0 1 3 0 7 7 9 1 8 8 1 3 3 0 0 3 1 1 0 3 0 3 3 7 7 2 3 1 9 7 7 1 4 4 1 8 0 1 1 3 3 3 4 9 4 3 5 7 8 2 2 9 1 3 3 0 0 6 7 8 0 7 0 5 2 0 0 0 1 7 4 8 1 0 3 1 3 8 1 1 7 0 7 0 3 3 1 4 0 0 7 9 3 4 4 3 2 0 2 0 3 7 3 3 1 7 1 0,e1dab751446103ec3472d70f8e0d2aa9323e7ee6e25a28a60abe857ccce92f35
primary,1,12002,2,0.8050139275766016,5 4 0 1 0 3 9 2 0 2 1 3 1 1 7 0 1 3 5 8 0 3 1 6 3 5 3 4 1 9 4 9 1 3 4 3 3 6 1 6 7 4 4 6 4 9 8 0 9 1 1 7 3 0 4 7 8 9 0 1 1 7 6 2 1 4 3 1 1 3 2 7 9 6 1 7 5 7 6 2 7 2 2 2 2 3 4 0 3 7 8 4 7 2 2 6 3 2 1 9 2 8 0 4 1 6 1 4 7 5 1 2 4 4 3 4 5 9 6 3 7 2 3 0 0 2 7 3 9 6 9 7 5 0 9 2 6 9 4 3 6 6 7 1 6 5 6 7 8 0 0 7 2 7 3 3 0 3 7 7 7 6 6 2 6 3 3 1 7 5 0 0 7 3 1 6 3 5 3 4 3 2 2 5 1 1 6 4 6 7 4 3 6 9 6 7 1 1 1 3 7 6 0 3 4 9 1 1 1 0 0 9 2 5 4 0 3 1 5 4 9 0 3 4 6 0 4 0 3 7 2 6 7 0 1 4 8 7 2 2 7 6 5 5 9 2 0 4 4 1 7 4 7 3 4 2 7 9 0 6 4 6 9 9 6 0 9 1 2 0 5 0 3 3 7 5 2 3 1 9 7 7 4 4 4 6 7 4 1 1 9 1 3 3 9 4 8 5 5 1 2 2 2 1 5 3 0 0 6 7 1 5 7 0 5 6 0 0 0 1 5 4 9 3 5 3 1 9 8 8 8 7 8 5 0 9 3 7 4 0 5 7 9 9 7 4 3 2 0 2 0 2 7 3 3 7 7 1 6,4314c33329bdf9048515af9e7b4d49d1ed4f230222ec50efd2532ad6cc8c56c4
primary,1,12002,3,0.8467966573816156,5 4 0 1 6 9 9 2 0 6 1 3 1 1 7 0 1 3 5 8 0 3 1 6 3 5 3 4 1 3 1 9 8 3 4 3 3 6 1 6 5 4 4 8 4 9 8 9 9 1 1 1 3 0 4 7 8 9 0 1 1 7 6 2 1 4 3 1 1 3 2 7 9 6 1 7 5 7 6 2 7 1 2 2 2 3 4 0 3 7 8 4 7 2 2 6 3 1 1 9 2 1 0 7 1 6 1 4 7 5 1 2 1 4 5 4 5 3 6 3 5 2 3 0 0 2 7 3 9 6 9 7 5 0 9 2 6 3 4 3 6 6 4 1 6 5 6 7 8 0 0 7 2 5 3 3 0 3 7 8 8 1 6 7 6 3 3 1 7 5 0 0 7 3 1 6 3 5 3 4 3 2 2 5 1 1 6 4 6 7 5 3 6 9 6 7 1 1 1 7 7 6 0 3 4 3 1 1 1 0 0 9 2 5 4 0 3 1 5 4 3 0 9 4 6 0 4 0 3 8 2 6 7 0 1 4 8 7 2 2 7 6 5 5 9 2 0 4 4 8 7 4 4 3 4 7 7 9 8 6 4 6 9 9 6 0 9 1 1 0 5 0 3 3 7 5 2 3 1 9 7 7 7 4 4 6 5 4 1 1 3 1 3 2 9 4 8 5 5 4 2 2 3 1 5 3 0 0 6 7 1 5 7 0 5 6 0 0 0 1 7 4 9 3 5 3 1 9 8 8 8 7 8 5 0 9 3 7 4 0 5 7 9 9 7 4 3 2 6 2 0 2 7 3 3 7 7 1 6,2c2c23a43d9150c53c3503d58bd1f9eadd12cfe0a89bf23fa637481046bb3f88
primary,1,12002,4,0.883008356545961,5 4 0 1 6 9 9 2 0 6 1 3 1 1 7 0 8 3 5 8 0 3 1 6 5 5 3 4 1 3 8 9 8 3 4 3 3 6 1 6 5 4 4 6 4 9 1 9 9 1 1 7 3 0 4 7 8 9 0 1 1 7 6 2 1 4 3 1 1 3 2 7 9 6 1 7 5 7 6 2 7 1 2 2 2 3 4 0 3 7 8 4 7 2 2 6 3 1 1 9 2 8 0 7 1 6 1 4 7 5 1 2 4 4 5 4 5 3 6 3 5 2 3 0 0 2 7 3 9 6 9 7 5 0 9 2 6 3 4 3 6 6 4 1 6 5 6 7 8 0 0 7 2 5 3 3 0 3 7 8 8 8 6 7 6 3 3 1 7 5 0 0 7 3 1 6 3 5 3 4 3 2 2 5 1 1 6 4 6 7 5 3 6 9 6 7 1 8 1 7 8 6 0 9 4 3 1 1 1 0 0 9 2 5 4 0 3 1 5 4 9 0 9 4 6 0 4 0 3 8 2 6 7 0 1 4 8 7 2 2 7 6 5 5 9 2 0 4 4 8 7 4 4 3 4 7 7 9 8 6 4 6 9 9 6 0 9 1 1 0 5 0 3 9 7 5 2 3 1 9 7 8 7 4 4 6 5 4 1 1 3 1 3 2 9 4 8 9 5 4 2 2 9 1 5 3 0 0 6 7 1 5 7 0 5 6 0 0 0 1 7 4 9 3 5 3 1 9 8 8 8 7 8 5 0 9 3 7 4 0 5 7 9 9 7 4 3 2 6 2 0 2 7 8 3 7 7 3 6,c504ebf697795ecbaff042c4f1f50ff8f036341b46175d4f427d4b20c32f677d
primary,1,12002,5,0.883008356545961,5 4 0 1 6 9 9 2 6 6 6 3 1 1 7 0 8 3 5 8 0 9 1 6 5 5 3 4 1 9 8 9 8 3 4 3 3 6 1 6 5 4 4 6 4 9 1 9 9 1 1 7 3 0 4 7 7 9 0 5 8 7 6 2 1 4 3 1 1 3 2 7 9 6 1 7 5 7 6 2 7 1 2 2 2 3 4 0 2 7 8 4 7 2 2 6 3 1 1 9 2 8 0 7 1 6 1 4 7 5 1 2 1 4 5 4 5 3 6 3 5 2 3 0 0 2 7 3 9 6 9 7 5 0 9 2 6 3 4 3 6 6 4 1 6 5 6 7 8 0 0 7 2 5 3 9 0 3 7 8 8 1 6 7 6 3 3 1 7 5 0 0 7 3 1 6 3 5 3 4 3 2 2 5 1 1 6 4 6 7 5 0 6 9 6 7 1 8 1 7 7 6 0 9 4 3 1 1 1 0 0 9 2 5 4 0 3 1 5 4 9 0 9 4 6 0 4 0 3 8 2 6 7 0 1 4 8 7 2 2 7 6 5 5 9 2 0 4 4 8 7 4 4 3 4 2 7 9 8 6 4 6 9 9 6 0 9 1 8 0 5 0 3 9 7 5 2 9 1 9 7 8 7 4 4 6 5 4 1 1 3 1 3 2 9 4 8 9 5 4 2 2 9 1 5 3 0 0 6 7 1 5 7 0 5 6 0 0 0 1 7 4 9 3 5 3 1 9 8 8 8 7 8 5 0 9 3 7 4 0 5 7 9 9 7 4 3 2 6 2 0 2 7 8 3 7 7 3 6,a2fa4ee39ff9d5c3de54ff5d3365a03111024907923a2bd2867e38778dc2d871
primary,1,12003,1,0.5403899721448467,5 9 0 1 6 3 3 2 0 6 1 3 1 1 9 0 2 0 9 4 0 3 1 6 9 5 2 1 1 3 1 3 1 2 1 3 3 6 1 6 3 4 7 4 4 9 1 0 3 2 1 1 0 0 1 7 6 3 0 4 4 2 6 2 2 1 3 1 1 2 2 7 3 2 1 2 5 0 6 2 7 2 2 2 2 3 2 0 2 1 2 1 7 2 2 6 3 1 1 3 2 1 0 0 1 6 1 1 7 0 1 2 9 1 3 7 3 3 1 3 6 2 3 0 9 3 7 6 3 6 5 7 0 0 0 2 4 3 7 3 6 6 7 5 6 5 6 7 2 0 9 7 2 5 3 1 0 3 7 2 0 1 6 9 6 3 3 0 3 5 0 9 3 0 2 6 3 5 3 1 3 2 2 3 9 4 6 1 6 7 2 3 6 3 6 7 1 4 1 2 3 1 0 1 1 3 2 0 1 0 7 9 2 3 1 0 3 1 5 4 3 0 2 4 6 9 1 0 3 6 2 6 9 0 1 1 6 7 2 2 7 6 3 5 9 2 2 7 4 4 7 4 4 6 4 2 7 3 2 5 1 1 9 9 6 0 3 1 1 9 3 9 3 9 7 5 2 0 1 3 7 2 7 1 1 1 5 7 2 1 3 9 3 2 9 1 3 9 5 1 2 2 1 1 3 3 9 0 6 0 1 9 7 0 9 6 2 0 0 0 2 1 9 2 5 6 1 9 2 2 2 7 0 5 4 9 3 1 9 9 0 7 9 9 7 1 3 2 0 2 0 2 1 9 3 7 7 0 6,7ddfbce7f1f5bb661acccceb82e345dfae97f4f6a1b854b10a51790e44e6e76d
primary,1,12003,2,0.7910863509749304,5 7 0 1 6 9 9 2 0 6 1 3 1 1 7 0 2 1 9 8 0 3 1 6 9 5 2 1 1 9 1 9 1 3 4 3 3 6 1 6 5 4 4 1 4 9 1 9 9 1 1 1 9 0 6 7 7 9 0 1 1 1 6 2 1 1 3 1 1 3 2 7 9 6 1 7 5 0 6 2 7 1 2 2 2 3 4 0 2 1 2 4 7 2 2 6 3 2 1 9 2 1 0 7 1 6 1 4 7 5 1 2 8 4 5 4 5 3 6 3 5 2 3 0 0 2 7 6 9 6 9 7 5 0 9 2 6 3 4 3 6 6 7 1 6 5 6 7 7 0 0 7 2 5 3 9 0 3 7 1 1 8 6 9 6 3 3 1 7 5 0 0 7 3 2 6 3 5 3 4 3 2 2 5 5 1 6 4 6 7 5 3 6 9 6 7 1 2 1 7 2 6 0 9 4 3 2 1 1 0 0 9 2 5 1 0 3 1 5 4 9 0 9 4 6 9 4 0 3 1 2 6 7 0 1 4 6 7 2 2 7 6 5 5 9 2 0 4 4 3 7 4 7 6 4 2 7 9 8 6 4 6 9 9 6 0 9 1 1 0 5 0 3 9 7 5 2 2 1 9 7 2 7 1 4 6 5 7 6 1 3 1 3 2 9 1 3 9 5 1 2 2 1 1 5 3 0 0 6 7 1 9 7 0 5 6 0 0 0 1 7 4 9 2 5 3 1 9 6 6 4 7 0 5 0 9 9 7 4 0 5 7 9 9 7 1 3 2 6 2 0 2 7 3 3 7 7 1 6,fc0fc7ebdd2e1a289c3bde79b238c6c0882b72930b2ead36e997d474e1e79cbc
primary,1,12003,3,0.871866295264624,5 4 0 1 6 9 9 2 0 6 1 3 1 1 7 0 8 8 5 8 0 3 1 6 9 5 3 4 1 9 8 9 8 3 4 3 3 6 1 6 5 4 4 6 4 9 1 9 9 1 1 7 9 0 4 7 8 9 0 5 1 7 6 2 1 4 3 1 1 3 2 7 9 6 1 7 5 0 6 2 7 1 2 2 2 3 4 0 2 1 8 4 7 2 2 6 3 1 1 9 2 8 0 7 1 6 1 4 7 5 1 2 9 4 5 4 5 3 6 3 5 2 3 0 0 2 7 8 9 6 9 7 5 0 9 2 6 3 4 3 6 6 7 1 6 5 6 7 8 0 0 7 2 5 3 9 0 3 7 8 8 6 6 2 6 3 3 1 7 5 0 0 7 3 1 6 3 5 3 4 3 2 2 5 5 1 6 4 6 7 5 3 6 9 6 7 1 1 1 7 5 6 0 9 4 3 1 1 1 0 0 9 2 5 4 0 3 1 5 4 9 0 9 4 6 0 4 0 3 8 2 6 7 0 1 4 8 7 2 2 7 6 5 5 9 2 0 4 4 3 7 4 7 5 4 2 7 9 8 6 4 6 9 9 6 0 9 1 1 0 9 0 3 9 7 5 2 2 1 9 7 8 7 4 4 6 5 4 1 1 3 1 3 2 9 4 3 9 5 1 2 2 9 1 5 3 0 0 6 7 1 5 7 0 5 6 0 0 0 1 7 4 9 2 5 9 1 9 8 8 8 7 8 5 0 9 9 7 4 0 5 7 9 9 7 4 3 2 6 2 0 2 7 3 3 7 7 8 6,cbd1b38ebb24089b79fcdaa61e556f57ba563b03dd3afb9565bedc3c561e12ae
primary,1,12003,4,0.8857938718662952,5 4 0 1 6 9 9 2 0 6 1 3 1 1 7 0 8 8 5 8 0 3 1 6 5 5 3 4 1 9 8 9 8 3 4 3 3 6 1 6 5 4 4 5 4 9 1 9 9 1 1 7 3 0 4 7 8 9 0 5 8 7 6 2 1 4 3 1 1 3 2 7 9 6 1 7 5 0 6 2 7 1 2 2 2 3 4 0 2 7 8 4 7 2 2 6 3 1 1 9 2 8 0 7 1 6 1 4 7 5 1 2 1 4 5 4 5 3 6 3 5 2 3 0 0 2 7 3 9 6 9 7 5 0 9 2 6 3 4 3 6 6 7 1 6 5 6 7 8 0 0 7 2 5 3 9 0 3 7 8 1 1 6 2 6 3 3 1 7 5 0 0 7 3 1 6 3 5 3 4 3 2 2 5 5 1 6 4 6 7 5 0 6 9 6 7 1 1 1 7 8 6 0 9 4 3 6 1 1 0 0 9 2 5 4 0 3 1 5 4 9 0 9 4 6 0 4 0 3 1 2 6 7 0 1 4 8 7 2 2 7 6 5 5 9 2 0 4 4 8 7 4 7 8 4 2 7 9 8 6 4 6 9 9 6 0 9 1 1 0 5 0 3 9 7 5 2 2 1 9 7 8 7 4 4 6 5 4 1 1 3 1 3 2 9 4 3 5 5 4 2 2 3 1 5 3 0 0 6 7 1 5 7 0 5 6 0 0 0 1 7 4 9 2 5 3 1 9 8 8 8 7 8 5 0 9 9 7 4 0 5 7 0 9 7 4 3 2 6 2 0 2 7 8 3 7 7 3 6,e64fa8d0be357b4e9735b918ea58b26b196bc8aa86aa482687c37ee8441ac47b
primary,1,12003,5,0.8997214484679665,5 4 0 1 6 9 9 2 0 6 1 3 1 1 7 0 8 5 5 8 0 3 1 6 5 5 3 4 1 9 8 9 8 3 4 3 3 6 1 6 5 4 4 5 4 9 8 9 9 2 1 7 9 0 4 7 8 9 0 5 1 7 6 2 1 4 3 1 1 3 2 7 9 6 1 7 5 5 6 2 7 1 2 2 2 3 4 0 2 7 8 4 7 2 2 6 3 1 1 9 2 8 0 7 1 6 1 4 7 5 1 2 9 4 5 4 5 3 6 3 5 2 3 0 0 2 7 8 9 6 9 7 5 0 9 2 6 3 4 3 6 6 7 1 6 5 6 7 8 0 0 7 2 5 3 9 0 3 7 8 1 8 6 8 6 3 3 1 7 5 0 0 7 3 1 6 3 5 3 4 3 2 2 5 5 1 6 4 6 7 5 0 6 9 6 7 1 1 1 7 8 6 0 9 4 3 2 1 1 0 0 9 2 5 4 0 3 1 5 4 9 0 9 4 6 0 4 0 3 7 2 6 7 0 1 4 8 7 2 2 7 6 5 5 9 2 0 4 4 8 7 4 7 8 4 2 7 9 8 6 4 6 9 9 6 0 9 1 8 0 5 0 3 9 7 5 2 2 1 9 7 8 7 4 4 6 5 4 1 1 3 1 3 2 9 4 8 9 5 4 2 2 9 1 5 3 0 0 6 7 1 5 7 0 5 6 0 0 0 8 7 4 9 2 5 9 1 9 8 8 8 7 8 5 0 9 9 7 4 0 5 7 0 9 7 4 3 2 6 2 0 2 7 8 3 7 7 8 6,a9c238b1e0d409ad7a5d89fe3745e8f3624347f1bd53532c70b57a32575731bc
primary,1,12004,1,0.5292479108635098,5 9 2 1 2 9 3 1 9 6 1 2 1 1 7 0 0 9 5 5 0 9 1 6 9 5 3 1 1 9 6 5 1 3 1 2 3 0 1 4 5 0 0 5 4 9 1 9 9 6 2 9 9 0 6 7 7 9 0 1 1 1 6 2 1 1 9 1 1 3 2 7 9 6 1 8 5 5 0 2 7 1 2 2 2 3 1 0 3 1 5 6 7 2 2 5 9 2 1 9 2 6 0 7 1 0 1 1 7 5 1 5 9 1 9 7 5 3 9 3 5 2 3 0 0 9 7 9 9 6 9 3 5 9 9 2 6 9 7 3 3 6 7 5 6 5 9 7 2 0 0 7 2 5 3 9 0 8 7 7 1 9 2 3 6 9 9 9 3 5 0 0 9 7 1 9 3 5 2 6 8 2 3 5 1 2 4 1 6 9 5 2 6 9 0 3 8 1 8 1 1 6 0 9 1 3 1 1 1 0 0 9 2 5 1 0 9 1 5 1 9 8 9 1 6 8 1 0 2 1 1 0 1 0 8 4 7 5 9 2 7 4 5 5 9 2 0 7 1 1 7 0 7 9 4 3 7 9 0 5 6 6 9 9 4 0 9 1 2 0 9 0 9 9 7 5 2 3 1 9 3 2 7 1 1 6 5 7 1 9 3 9 3 7 9 8 2 3 9 1 9 2 9 1 5 2 0 9 6 9 1 5 7 0 5 4 9 2 0 1 0 1 9 9 5 9 1 9 0 0 1 7 2 5 9 9 9 7 1 9 5 2 9 9 7 6 9 2 5 5 0 9 7 2 3 3 7 1 4,fefb9a42984d7e490bacd182ace80a8ffe6d13f198f1666bb1cc926ad670cbfc
primary,1,12004,2,0.8217270194986073,5 9 0 1 0 9 3 2 8 6 1 3 1 1 7 0 8 3 5 8 0 3 1 6 9 5 3 4 1 9 8 9 8 3 4 2 3 6 1 6 5 4 4 5 4 9 1 9 9 7 1 7 3 0 4 7 8 9 0 1 1 7 6 2 1 1 3 1 1 3 2 7 9 6 1 7 5 5 6 2 7 1 2 2 2 3 4 0 3 7 1 4 7 2 2 6 3 1 1 9 2 6 0 7 1 6 1 4 7 5 1 2 9 4 5 4 5 3 6 3 5 2 3 0 0 2 7 9 9 6 9 7 5 0 9 2 6 3 4 3 6 6 7 1 6 5 6 7 2 0 0 7 2 5 3 9 0 3 7 7 8 2 6 2 6 3 3 9 7 5 0 0 8 3 1 6 3 5 2 4 3 2 2 5 1 2 6 4 6 9 5 3 6 9 6 7 1 1 1 7 7 6 0 9 4 3 1 1 1 0 0 9 2 5 4 0 3 1 5 4 9 0 3 4 6 8 4 0 2 7 2 6 7 0 1 4 8 7 2 2 7 6 5 5 9 2 0 7 4 2 7 4 7 3 4 2 7 9 2 5 4 6 9 9 6 0 9 7 6 0 5 0 3 9 7 5 2 3 1 9 7 2 7 4 4 6 5 7 1 9 3 1 3 2 9 4 3 5 5 1 2 2 9 1 5 3 0 0 6 7 1 5 7 0 5 6 0 0 0 1 7 4 9 2 5 3 1 9 8 0 1 7 8 5 0 9 9 7 4 0 5 7 9 9 7 4 3 2 5 2 0 2 7 2 3 7 7 1 6,68f48299e186055199cab7972fa24c9955b3f9381e276a683ece3c4055b5b2d5
primary,1,12004,3,0.8690807799442897,5 4 0 1 6 9 9 2 0 6 1 3 1 1 7 0 8 9 5 8 0 9 1 6 3 5 1 4 1 9 8 9 8 3 4 2 3 6 1 6 5 4 4 5 4 9 1 9 9 1 1 7 3 0 4 7 8 9 0 5 1 7 6 2 1 4 3 1 1 3 2 7 9 6 1 7 5 5 6 2 7 1 2 2 2 3 4 0 2 7 8 4 7 2 2 6 3 1 1 9 2 8 0 7 1 6 1 4 7 5 1 2 4 4 5 4 5 3 6 3 5 2 3 0 0 2 7 9 9 6 9 7 5 0 9 2 6 9 4 3 6 6 7 5 6 5 6 7 8 0 0 7 2 5 3 9 0 3 7 7 1 1 6 7 6 3 3 9 7 5 0 0 7 3 1 6 3 5 8 4 3 2 2 5 1 1 6 4 6 7 5 3 6 9 6 7 1 1 1 7 7 6 0 9 4 3 1 1 1 0 0 9 2 5 4 0 3 1 5 4 9 0 9 4 6 0 4 0 3 7 2 6 7 0 1 4 8 7 2 2 7 6 5 5 9 2 0 7 4 2 7 4 7 3 4 2 7 9 8 5 4 6 9 9 6 0 9 1 1 0 5 0 3 9 7 5 2 2 1 9 7 2 7 4 4 6 5 4 1 9 3 1 3 2 9 4 8 5 5 4 2 2 9 1 5 3 0 0 6 7 1 5 7 0 5 6 0 0 0 1 7 4 9 2 5 3 1 9 8 8 8 7 8 5 0 9 9 7 4 0 5 7 9 9 7 4 3 2 6 2 0 2 7 2 3 7 7 1 6,f11b4fbe20bcdb4167baa489d2b08a61637f30b749443af62a544eac1f287e73
primary,1,12004,4,0.8969359331476323,5 4 0 1 6 9 9 2 0 6 1 3 1 1 7 0 8 8 5 8 0 9 1 6 3 5 3 4 1 9 8 9 8 3 4 3 3 6 1 6 5 4 4 5 4 9 1 9 9 1 1 7 3 0 4 7 8 9 0 5 1 7 6 2 1 4 3 1 1 3 2 7 9 6 1 7 5 8 6 2 7 1 2 2 2 3 4 0 2 7 8 4 7 2 2 6 3 1 1 9 2 8 0 5 1 6 1 4 7 5 1 2 9 4 5 4 5 3 6 3 5 2 3 0 0 2 7 8 9 6 9 7 5 0 9 2 6 3 4 3 6 6 7 5 6 5 6 7 8 0 0 7 2 5 3 9 0 3 7 7 8 8 6 2 6 3 3 1 7 5 0 0 8 3 1 6 3 5 8 4 3 2 2 5 5 1 6 4 6 7 5 3 6 9 6 7 1 1 1 7 5 6 0 9 4 3 2 1 1 0 0 9 2 5 4 0 3 1 5 4 9 0 9 4 6 0 4 0 3 7 2 6 7 0 1 4 8 7 2 2 7 6 5 5 9 2 0 4 4 8 7 4 7 3 4 2 7 9 8 5 4 6 9 9 6 0 9 1 1 0 5 0 3 9 7 5 2 2 1 9 7 8 7 4 4 6 5 4 1 9 3 1 3 2 9 4 8 5 5 4 2 2 9 1 5 3 0 0 6 7 1 5 7 0 5 6 0 0 0 8 7 4 9 2 5 3 1 9 8 8 8 7 8 5 0 9 8 7 4 0 5 7 0 9 7 4 3 2 6 2 0 2 7 8 3 7 7 1 6,04ba40cfbf1d1f732e6df1abe69e8bc75567daa76706b953d929cd15d422aa21
primary,1,12004,5,0.8857938718662952,5 4 0 1 6 9 3 2 6 6 1 3 1 1 7 0 8 8 5 8 0 9 1 6 5 5 3 4 1 9 8 9 8 3 4 3 3 6 1 6 5 4 4 5 4 9 1 9 9 1 1 7 3 0 4 7 8 9 0 5 1 7 6 2 1 4 3 1 1 3 2 7 9 6 1 7 5 5 6 2 7 1 2 2 2 3 4 0 2 7 8 4 7 2 2 6 3 1 1 9 2 8 0 7 1 6 1 4 7 5 1 2 9 4 5 4 5 3 6 3 5 2 3 0 0 2 7 3 9 6 9 7 5 0 9 2 6 3 4 3 6 6 7 1 6 5 6 7 8 0 0 7 2 5 3 9 0 3 7 8 1 8 6 2 6 3 3 9 7 5 0 0 7 3 1 6 3 5 8 4 3 2 2 5 5 2 6 4 6 7 5 3 6 9 6 7 1 1 1 7 5 6 0 9 4 3 1 1 1 0 0 9 2 5 4 0 3 1 5 4 3 0 9 4 6 0 4 0 3 7 2 6 7 0 1 4 8 7 2 2 7 6 5 5 9 2 0 4 4 8 7 4 7 3 4 2 7 9 8 6 4 6 9 9 6 0 9 1 1 0 5 0 3 9 7 5 2 2 1 9 7 8 7 4 4 6 5 4 1 9 3 1 3 2 9 4 8 5 5 4 2 2 9 1 5 3 0 0 6 7 1 5 7 0 5 6 0 0 0 1 7 4 7 2 5 3 1 9 8 8 8 7 8 5 0 9 3 7 4 0 5 7 0 9 7 4 3 2 6 2 0 2 7 8 3 7 7 1 6,0361708feb377b2012ffa99da0d8fefa9a5294af529c473f29bd8b83ffefadcd
primary,1,12005,1,0.5571030640668524,5 1 0 1 8 9 0 8 3 4 6 5 1 1 1 0 4 5 5 5 0 5 1 6 4 5 1 4 1 5 4 5 1 3 4 3 3 6 1 6 5 4 4 4 4 5 3 5 5 1 8 7 5 0 4 7 1 5 0 5 1 2 4 6 1 9 5 1 1 3 1 7 5 4 1 1 5 5 4 2 7 3 2 2 5 3 4 0 8 2 1 0 7 5 5 6 9 1 1 5 8 4 5 7 1 6 1 4 7 5 1 8 1 1 5 4 5 5 8 9 5 1 5 0 0 8 7 4 3 6 3 7 5 0 5 2 6 3 8 3 6 4 7 5 4 5 8 7 2 0 0 7 1 5 3 1 0 3 7 5 1 4 4 8 6 5 5 0 7 5 0 0 2 5 1 6 3 5 3 4 3 5 8 5 5 2 4 4 4 5 5 4 6 5 6 7 2 8 1 7 5 6 0 0 9 1 1 1 1 0 5 0 9 5 1 0 4 2 5 4 3 0 0 4 4 4 4 0 3 8 2 6 4 0 1 4 3 1 2 2 7 6 5 4 9 2 0 4 4 5 7 4 7 4 4 2 7 5 6 4 4 6 5 5 6 0 1 7 4 0 5 5 3 5 7 5 2 5 1 5 7 5 1 9 4 6 5 4 1 1 5 1 1 5 1 9 0 5 5 1 1 2 5 1 5 3 0 0 6 5 1 5 7 0 5 6 9 0 0 4 8 4 1 5 5 3 1 5 3 8 5 7 7 5 0 5 3 1 7 0 5 4 5 0 9 4 5 2 4 1 0 5 7 3 3 7 7 9 4,daf97fff06fdfe4ebbbfc82cfae498b6c1867d89b6a30bd982e5de3ba27daa36
primary,1,12005,2,0.807799442896936,5 4 0 1 6 9 9 2 0 4 6 3 1 1 2 0 8 9 5 1 0 3 1 6 9 5 1 4 1 9 4 9 8 3 4 3 3 6 1 6 5 4 4 6 4 5 3 9 9 1 8 7 9 0 4 7 7 9 0 5 8 7 6 2 1 4 3 1 1 3 2 7 9 6 1 7 5 5 6 2 7 2 2 2 2 3 4 0 2 7 1 4 7 2 2 6 3 1 1 9 2 4 0 1 1 6 1 4 7 5 1 2 1 4 5 4 5 3 6 9 5 2 3 0 0 2 7 0 9 6 3 7 5 0 9 2 6 3 4 3 6 6 7 1 6 5 6 7 8 0 0 7 2 5 3 3 0 3 7 7 2 4 6 2 6 9 3 4 7 5 0 0 8 3 1 6 3 5 3 4 3 2 2 5 1 1 6 4 6 7 5 0 6 5 6 7 4 1 1 4 5 6 0 9 4 3 1 1 1 0 0 9 2 5 4 0 3 1 5 4 3 0 3 4 6 4 4 0 3 2 2 6 7 0 1 4 3 7 2 2 7 6 5 5 9 2 0 4 4 2 7 4 7 3 4 2 7 9 2 6 4 6 9 9 6 0 9 1 4 0 5 0 3 3 7 5 2 5 1 9 7 8 7 4 4 6 5 4 1 9 5 1 3 2 9 4 2 9 5 4 2 2 9 1 5 3 0 0 6 7 1 5 7 0 5 6 0 0 0 8 2 4 9 2 5 3 1 9 6 8 3 7 8 5 0 9 3 7 4 0 5 7 5 9 7 4 9 2 6 2 0 2 7 9 3 7 7 2 6,1d7a0ec4ce7f697b88a6daf1de414960eeddda5607f2116f509a2323eaeb4673
primary,1,12005,3,0.8690807799442897,5 4 0 1 6 9 9 2 0 6 6 3 1 1 7 0 8 9 9 8 0 9 1 6 5 5 3 4 1 9 4 9 8 3 4 3 3 6 1 6 5 4 4 6 4 9 8 9 9 8 2 7 9 0 4 7 8 9 0 5 8 7 6 2 1 4 3 1 1 3 2 7 9 6 1 7 5 5 6 2 7 2 2 2 2 3 4 0 2 7 1 4 7 2 2 6 9 2 1 9 2 3 0 7 1 6 1 4 7 5 1 2 9 4 5 4 5 9 6 3 5 2 3 0 0 2 7 8 9 6 9 7 5 0 9 2 6 9 4 3 6 6 7 1 6 9 6 7 8 0 0 7 2 5 3 9 0 3 7 8 2 4 6 2 6 9 9 1 7 5 0 0 7 3 1 6 3 5 3 4 3 2 2 5 5 2 6 4 6 7 5 0 6 5 6 7 4 8 1 7 5 6 0 9 4 3 2 1 1 0 0 9 2 5 4 0 3 1 5 4 9 0 9 4 6 0 4 0 3 8 2 6 7 0 1 4 8 7 2 2 7 6 5 5 9 2 0 4 4 2 7 4 7 8 4 2 7 9 8 6 4 6 9 9 6 0 9 1 4 0 5 0 3 9 7 5 2 9 1 9 7 8 7 4 4 6 5 4 1 9 3 1 3 2 9 4 2 9 5 4 2 2 9 1 5 3 0 0 6 7 1 5 7 0 5 6 0 0 0 9 8 4 9 2 5 3 1 9 8 8 8 7 8 5 0 9 3 7 4 0 5 7 9 9 7 4 9 2 6 2 0 2 7 8 3 7 7 8 6,971ca1436121ab1799cabba11415aa10099df6534f609217a25a2e7a6c813fda
primary,1,12005,4,0.8802228412256268,5 4 0 1 6 9 9 2 0 6 1 3 1 1 7 0 8 9 9 8 0 9 1 6 9 5 3 4 1 9 8 9 8 3 4 3 3 6 1 6 5 4 4 6 4 9 8 9 9 8 2 7 9 0 4 7 8 9 0 5 1 7 6 2 1 4 3 1 1 3 2 7 9 6 1 7 5 5 6 2 7 2 2 2 2 3 4 0 2 7 1 4 7 2 2 6 3 2 1 9 2 8 0 7 1 6 1 4 7 5 1 2 9 4 5 4 5 3 6 3 5 2 3 0 0 2 7 3 9 6 9 7 5 0 9 2 6 9 4 3 6 6 7 1 6 9 6 7 8 0 0 7 2 5 3 9 0 3 7 8 1 2 6 2 6 9 3 1 7 5 0 0 7 3 1 6 3 5 3 4 3 2 2 5 1 1 6 4 6 7 5 0 6 9 6 7 1 1 1 7 5 6 0 9 4 3 2 1 1 0 0 9 2 5 4 0 3 1 5 4 9 0 9 4 6 0 4 0 3 2 2 6 7 0 1 4 8 7 2 2 7 6 5 5 9 2 0 4 4 2 7 4 7 2 4 2 7 9 8 6 4 6 9 9 6 0 9 7 2 0 5 0 3 9 7 5 2 2 1 9 7 8 7 4 4 6 5 4 1 9 3 1 3 2 9 4 2 5 5 4 2 2 9 1 5 3 0 0 6 7 1 5 7 0 5 6 0 0 0 8 8 4 9 2 5 3 1 9 8 8 8 7 8 5 0 9 9 7 4 0 5 7 9 9 7 4 3 2 6 2 0 2 7 8 3 7 7 1 6,7b1f9c219f4b0c1b5d2190eb62bec6bb18eeb6427f7a4db8ccc3ad72b6623f18
primary,1,12005,5,0.8997214484679665,5 4 0 1 6 9 9 2 0 6 1 3 1 1 7 0 8 9 5 8 0 9 1 6 9 5 1 4 1 9 8 9 8 3 4 3 3 6 1 6 5 4 4 6 4 9 8 9 9 8 2 7 9 0 4 7 8 9 0 5 1 7 6 2 1 4 3 1 1 3 2 7 9 6 1 7 5 9 6 2 7 2 2 2 2 3 4 0 2 7 8 4 7 2 2 6 3 1 1 9 2 8 0 7 1 6 1 4 7 5 1 2 9 4 5 4 5 9 6 3 5 2 3 0 0 2 7 8 9 6 9 7 5 0 9 2 6 9 4 3 6 6 7 1 6 9 6 7 8 0 0 7 2 5 3 9 0 3 7 8 1 6 6 8 6 9 3 1 7 5 0 0 7 3 1 6 3 5 8 4 3 2 2 5 5 1 6 4 6 7 5 0 6 5 6 7 1 1 1 7 8 6 0 9 4 3 2 1 1 0 0 9 2 5 4 0 3 1 5 4 9 0 9 4 6 0 4 0 3 8 2 6 7 0 1 4 8 7 2 2 7 6 5 5 9 2 0 4 4 2 7 4 7 8 4 2 7 9 8 6 4 6 9 9 6 0 9 1 8 0 5 0 3 9 7 5 2 2 1 9 7 8 7 4 4 6 5 4 1 1 3 1 3 2 9 4 8 9 5 4 2 2 9 1 5 3 0 0 6 7 1 5 7 0 5 6 0 0 0 8 8 4 9 2 5 3 1 9 8 8 8 7 8 5 0 9 9 7 4 0 5 7 9 9 7 4 3 2 6 2 0 2 7 8 3 7 7 8 6,51eab00e5fbc498db14dba4ff1d977f60b86cdf312cd5678d69e1ba3683e176b
primary,1,12006,1,0.5738161559888579,0 0 0 7 0 9 9 2 8 2 6 3 0 6 2 8 1 8 0 8 0 3 7 6 9 5 0 4 2 0 1 9 8 8 0 2 3 6 6 2 9 4 4 1 4 9 8 9 0 8 8 2 3 0 4 7 0 9 9 2 8 2 6 2 1 4 3 1 9 3 2 7 9 6 7 7 5 0 6 2 0 3 2 2 2 3 4 3 8 2 6 4 7 2 2 2 3 8 4 9 2 8 0 7 6 6 8 4 7 5 2 2 9 4 0 5 0 9 6 3 7 2 9 0 9 2 0 3 9 6 9 7 5 0 8 2 6 9 4 2 6 6 0 1 6 9 2 7 8 0 0 7 1 5 3 3 0 3 7 8 8 8 9 7 8 3 3 4 7 0 8 0 7 3 1 6 3 5 8 4 3 3 2 9 0 2 6 4 6 7 5 3 6 9 2 7 1 8 1 7 8 6 0 3 0 3 1 7 1 0 0 9 2 5 2 0 2 0 9 4 9 8 9 6 6 9 0 0 3 7 3 6 7 0 3 4 8 7 2 2 7 6 2 9 3 2 0 4 4 3 7 4 0 3 4 8 7 9 8 5 0 6 3 9 6 0 3 7 6 0 9 9 9 3 7 0 2 0 6 3 7 5 7 6 4 2 5 7 1 3 9 3 3 3 3 4 2 9 5 6 2 1 3 8 5 3 0 0 6 7 6 9 7 8 9 2 0 0 0 3 0 4 0 0 9 9 0 9 8 6 5 7 8 5 0 9 3 7 4 0 5 7 9 3 7 4 3 2 1 2 0 3 7 3 3 7 7 0 0,85efc05e15736420105c17efb50d04185c4adca0a145fc683735e325848ea463
primary,1,12006,2,0.8105849582172702,5 4 0 7 6 3 9 2 0 2 1 3 1 1 7 0 8 8 0 8 0 3 1 6 6 5 3 4 1 0 1 9 8 3 4 2 3 6 1 6 5 4 4 1 4 9 1 9 9 1 2 7 3 0 4 7 8 9 0 5 8 7 6 2 1 4 3 1 1 3 2 7 3 6 1 7 5 8 6 2 7 1 2 1 2 3 4 0 2 7 5 4 7 2 2 6 3 1 1 9 2 1 0 7 1 6 1 4 7 5 1 2 9 4 5 4 2 3 6 3 5 2 3 0 0 2 7 3 9 6 9 7 5 0 9 2 6 3 4 3 6 6 7 1 6 0 6 7 8 0 0 7 2 5 3 9 0 3 7 8 7 8 6 7 6 3 3 9 7 0 0 0 7 3 1 6 3 5 8 4 3 2 2 9 2 2 6 4 6 7 5 3 6 0 6 7 1 1 1 7 7 6 0 9 4 3 1 7 1 0 0 9 2 5 4 0 3 1 9 4 9 0 9 4 6 0 4 0 3 7 1 6 7 0 1 4 8 7 2 2 7 6 5 0 9 2 0 4 4 8 7 4 7 2 4 2 7 3 8 6 4 6 3 9 6 0 9 7 1 0 5 0 3 3 7 5 2 0 1 3 7 8 7 4 4 6 5 4 1 1 3 1 3 2 9 4 2 9 5 1 2 2 3 1 5 3 0 0 6 7 1 5 7 0 5 6 0 0 0 1 7 4 0 0 5 3 1 9 8 8 8 7 8 5 0 9 6 7 4 0 5 7 0 9 7 4 3 2 1 2 0 1 7 2 3 7 7 3 6,2a03c8196df4a404e00b71f384aa97149628faf7f6d42dd5336eca9508d3538c
primary,1,12006,3,0.8690807799442897,5 4 0 7 6 3 9 2 0 6 6 3 1 1 7 0 8 8 0 8 0 3 1 6 6 5 8 4 1 9 1 9 8 3 4 2 3 6 1 6 5 4 4 1 4 9 1 9 9 1 2 7 3 0 4 7 8 9 0 5 8 7 6 2 1 4 3 1 1 3 2 7 9 6 1 7 5 8 6 2 7 1 2 2 2 3 4 0 2 7 8 4 7 2 2 6 3 1 1 9 2 8 0 7 1 6 1 4 7 5 1 2 4 4 5 4 5 3 6 3 5 2 3 0 0 2 7 8 9 6 9 7 5 0 9 2 6 3 4 3 6 6 7 1 6 0 6 7 8 0 0 7 2 5 3 9 0 3 7 8 7 8 6 7 6 3 3 1 7 5 0 0 7 3 1 6 3 5 8 4 3 2 2 5 3 8 6 4 6 7 5 3 6 0 6 7 1 8 1 7 5 6 0 9 4 3 2 1 1 0 0 9 2 5 4 0 3 1 9 4 9 0 9 4 6 0 4 0 3 7 2 6 7 0 1 4 8 7 2 2 7 6 5 5 9 2 0 4 4 8 7 4 7 3 4 2 7 9 8 6 4 6 3 9 6 0 9 7 8 0 5 0 3 3 7 5 2 0 1 0 7 8 7 4 4 6 5 4 1 1 3 1 3 2 9 4 2 0 5 4 2 2 9 1 5 3 0 0 6 7 1 5 7 0 5 6 0 0 0 1 7 4 7 3 5 3 1 9 8 8 8 7 8 5 0 9 8 7 4 0 5 7 9 9 7 4 3 2 6 2 0 2 7 8 3 7 7 3 6,510a5da7f46d6491fedfc1c114888e90a43fa6a18273dec939bc7884fcac3bed
primary,1,12006,4,0.8941504178272981,5 4 0 1 6 9 9 2 0 6 1 3 1 1 7 0 8 8 5 8 0 3 1 6 9 5 3 4 1 9 8 9 8 3 4 3 3 6 1 6 5 4 4 1 4 9 1 9 9 8 2 7 3 0 4 7 8 9 0 5 8 7 6 2 1 4 3 1 1 3 2 7 9 6 1 7 5 8 6 2 7 1 2 2 2 3 4 0 3 7 8 4 7 2 2 6 3 1 1 9 2 8 0 7 1 6 1 4 7 5 1 2 9 4 5 4 5 3 6 3 5 2 3 0 0 2 7 3 9 6 9 7 5 0 9 2 6 3 4 3 6 6 7 1 6 5 6 7 8 0 0 7 2 5 3 9 0 3 7 8 7 8 6 7 6 3 3 1 7 5 0 0 7 3 1 6 3 5 8 4 3 2 2 5 3 2 6 4 6 7 5 3 6 9 6 7 1 1 1 7 8 6 0 9 4 3 2 1 1 0 0 9 2 5 4 0 3 1 5 4 9 0 9 4 6 0 4 0 3 8 2 6 7 0 1 4 8 7 2 2 7 6 5 5 9 2 0 4 4 8 7 4 7 3 4 2 7 9 8 6 4 6 3 9 6 0 9 7 8 0 5 0 3 9 7 5 2 0 1 9 7 8 7 4 4 6 5 4 1 1 3 1 3 2 9 4 8 9 5 4 2 2 9 1 5 3 0 0 6 7 1 5 7 0 5 6 0 0 0 1 7 4 7 1 5 3 1 9 8 8 8 7 8 5 0 9 8 7 4 0 5 7 9 9 7 4 3 2 6 2 0 2 7 8 3 7 7 3 6,3fd7b1d24c13e8eaf22ce01b8503a78a9e6b193ee718330fd2a8152541a3ccf6
primary,1,12006,5,0.8857938718662952,5 4 0 1 6 9 9 2 0 6 1 3 1 1 7 0 8 8 5 8 0 3 1 6 9 5 3 4 1 9 8 9 8 3 4 2 3 6 1 6 5 4 4 5 4 9 8 9 9 8 2 7 3 0 4 7 8 9 0 5 8 7 6 2 1 4 3 1 1 3 2 7 9 6 1 7 5 8 6 2 7 1 2 2 2 3 4 0 2 7 8 4 7 2 2 6 3 1 1 9 2 8 0 7 1 6 1 4 7 5 1 2 9 4 5 4 5 3 6 3 5 2 3 0 0 2 7 3 9 6 9 7 5 0 9 2 6 3 4 3 6 6 7 2 6 5 6 7 8 0 0 7 2 5 3 9 0 3 7 8 8 8 6 8 6 3 3 1 7 5 0 0 7 3 1 6 3 5 8 4 3 2 2 5 5 8 6 4 6 7 5 0 6 9 6 7 1 1 1 7 8 6 0 9 4 3 2 1 1 0 0 9 2 5 4 0 3 1 5 4 9 0 9 4 6 0 4 0 3 8 2 6 7 0 1 4 8 7 2 2 7 6 5 5 9 2 0 4 4 8 7 4 7 2 4 2 7 9 8 6 4 6 3 9 6 0 9 7 8 0 5 0 3 3 7 5 2 0 1 9 7 8 7 4 4 6 5 4 1 1 3 1 3 2 9 4 8 9 5 4 2 2 9 1 5 3 0 0 6 7 1 5 7 0 5 6 0 0 0 8 8 4 7 3 5 3 1 9 8 8 8 7 8 5 0 9 3 7 4 0 5 7 9 9 7 4 3 2 6 2 0 2 7 8 3 7 7 3 6,37cf94c0bf5ce04e64cc3bb5304363c73ca65b9ffecc41457f6f01fc865002dc
primary,1,12007,1,0.5459610027855153,5 4 0 1 4 0 3 2 1 1 1 3 1 8 4 0 9 3 5 1 0 3 8 4 9 5 3 4 8 0 1 9 2 3 4 3 3 4 8 5 2 4 4 0 4 0 3 0 1 7 3 2 3 0 4 7 3 0 0 1 2 7 6 2 2 4 3 1 1 3 2 7 0 4 2 7 2 7 4 2 5 3 2 2 2 3 1 0 2 2 8 4 7 2 3 4 3 3 4 3 5 3 0 7 4 6 1 4 7 5 1 5 4 4 9 5 5 3 0 3 5 2 3 0 0 2 7 3 0 6 4 7 5 0 3 3 4 9 5 3 4 6 7 1 6 0 4 3 3 0 0 7 2 5 3 9 0 3 7 8 1 4 6 3 6 3 3 9 7 5 0 0 2 3 3 7 3 5 1 4 3 3 2 9 3 3 4 4 6 7 9 0 4 0 4 7 1 2 3 3 5 1 0 3 4 3 1 3 8 0 9 0 2 5 1 0 3 4 5 6 9 0 3 4 6 0 4 0 3 3 2 4 3 0 1 4 3 7 2 2 3 4 5 9 0 2 0 5 4 2 7 6 7 3 4 3 7 0 3 5 4 4 1 3 6 0 3 1 4 0 5 0 3 3 0 5 5 3 8 0 7 3 4 4 4 1 5 5 3 1 3 9 3 2 3 4 5 1 5 1 2 2 3 2 9 3 0 0 1 7 1 5 7 0 5 4 0 0 0 3 5 4 7 2 9 4 1 0 3 4 8 7 3 5 0 4 3 7 4 0 5 7 3 0 7 4 3 2 5 2 0 2 7 7 3 7 7 3 0,f15cc5352ee147d27feb1de9da3339b9c345992acd0fed24e18aeeae5cf082f5
primary,1,12007,2,0.7688022284122563,5 4 0 1 6 3 0 2 1 6 1 3 1 1 7 0 2 3 5 8 0 3 1 6 9 5 2 4 1 3 1 9 2 3 4 3 3 6 1 6 5 4 4 8 4 9 1 0 3 1 1 7 3 0 6 7 7 3 0 5 1 7 6 2 1 1 3 1 1 3 2 7 3 6 1 7 5 7 6 2 7 1 2 2 2 3 1 0 2 7 8 4 7 2 2 6 3 1 1 9 2 1 0 7 1 6 1 4 7 5 1 2 9 4 5 5 5 3 1 3 5 2 3 0 0 2 7 3 9 6 9 7 5 0 3 2 6 3 4 3 6 6 7 1 6 9 6 7 1 0 0 7 2 5 3 9 0 3 7 8 1 1 6 2 6 3 3 1 7 5 0 0 7 3 1 6 3 5 2 4 3 2 2 9 3 2 6 4 6 7 5 3 6 9 6 7 1 1 1 7 5 1 0 3 4 3 2 1 1 0 0 3 2 5 1 0 3 1 5 4 9 0 3 4 6 0 4 0 3 1 2 6 7 0 1 4 3 7 2 1 7 6 5 5 3 2 0 5 4 2 7 4 7 3 4 2 7 3 8 6 4 6 9 3 6 0 9 1 1 0 5 0 3 9 7 5 2 3 1 3 7 3 4 4 4 6 5 4 1 1 3 1 3 2 9 4 3 1 5 1 2 2 9 1 5 3 0 0 6 7 1 5 7 0 5 6 0 0 0 1 7 4 9 2 5 3 1 0 3 0 8 7 2 5 0 0 3 7 4 0 5 7 0 9 7 4 3 2 6 2 0 2 7 8 3 7 7 8 6,6e0bfdb97ba0154ec07df435fa17b5ed81d4ada7875e58dc6d215892f6ecb3ec
primary,1,12007,3,0.8495821727019499,5 4 0 1 6 9 9 2 0 1 1 3 1 1 7 0 8 1 5 8 0 3 1 6 9 5 3 4 1 3 1 9 2 3 4 3 3 6 1 6 5 4 4 1 4 9 1 9 9 1 1 7 3 0 6 7 7 3 0 5 8 7 6 2 1 1 3 1 1 3 2 7 3 6 1 7 5 7 6 2 7 1 2 2 2 3 4 0 2 7 8 4 7 2 2 6 3 1 1 9 2 1 0 7 1 6 1 4 7 5 1 2 9 4 5 4 5 3 6 3 5 2 3 0 0 2 7 3 0 6 9 7 5 0 9 2 6 3 4 3 6 6 7 2 6 5 6 7 8 0 0 7 2 5 3 9 0 3 7 8 1 1 6 7 6 3 3 1 7 5 0 0 7 3 1 6 3 5 3 4 3 2 2 5 3 1 6 4 6 7 5 3 6 9 6 7 1 1 1 7 5 6 0 9 4 3 2 1 1 0 0 9 2 5 4 0 3 1 5 4 9 0 9 4 6 0 4 0 3 3 2 6 7 0 1 4 3 7 2 2 7 6 5 5 9 2 0 4 4 2 7 4 7 3 4 2 7 9 8 6 4 6 9 9 6 0 9 1 1 0 5 0 3 9 7 5 2 3 1 9 7 2 7 4 4 6 5 4 1 1 3 1 3 2 9 4 8 9 5 1 2 2 9 1 5 3 0 0 6 7 1 5 7 0 5 6 0 0 0 1 7 4 9 2 5 3 1 9 2 8 8 7 8 5 0 9 3 7 4 0 5 7 9 9 7 4 3 2 6 2 0 2 7 8 3 7 7 3 6,c77695e190f7cdf595e291e23ad722d540cdb91fa9f2d0c36c73b87e6af94a21
primary,1,12007,4,0.8774373259052924,5 4 0 1 6 9 9 2 0 1 1 3 1 1 7 0 2 9 5 8 0 3 1 6 9 5 3 4 1 9 1 9 8 3 4 3 3 6 1 6 5 4 4 1 4 9 1 9 9 1 2 7 3 0 4 7 8 9 0 5 1 7 6 2 1 4 3 1 1 3 2 7 3 6 1 7 5 7 6 2 7 1 2 2 2 3 4 0 2 7 8 4 7 2 2 6 3 1 1 9 2 8 0 7 1 6 1 4 7 5 1 2 9 4 5 4 5 3 6 3 5 2 3 0 0 2 7 3 9 6 9 7 5 0 9 2 6 9 4 3 6 6 7 2 6 5 6 7 8 0 0 7 2 5 3 9 0 3 7 8 1 1 6 2 6 3 3 1 7 5 0 0 7 3 1 6 3 5 3 4 3 2 2 5 3 1 6 4 6 7 5 3 6 9 6 7 1 1 1 7 5 6 0 9 4 3 2 1 1 0 0 9 2 5 4 0 3 1 5 4 9 0 9 4 6 0 4 0 3 8 2 6 7 0 1 4 3 7 2 2 7 6 5 5 9 2 0 4 4 2 7 4 7 3 4 2 7 9 8 6 4 6 9 9 6 0 9 1 8 0 5 0 3 9 7 5 2 3 1 9 7 8 7 4 4 6 5 4 1 1 3 1 3 2 9 4 8 5 5 1 2 2 9 1 5 3 0 0 6 7 1 5 7 0 5 6 0 0 0 1 5 4 9 2 5 3 1 9 8 8 8 7 8 5 0 9 3 7 4 0 5 7 9 9 7 4 3 2 6 2 0 2 7 8 3 7 7 3 6,bdc2344d64c847d57720e231e504bb0cd03e250c725269c23dafd26f84b10d52
primary,1,12007,5,0.871866295264624,5 4 0 1 6 9 9 2 0 6 6 3 1 1 7 0 8 9 5 8 0 3 1 6 9 5 2 4 1 9 8 9 8 3 4 3 3 6 1 6 5 4 4 5 4 9 8 9 9 2 2 7 3 0 4 7 7 9 0 5 1 7 6 2 2 4 3 1 1 3 2 7 9 6 1 7 5 5 6 2 7 1 2 2 2 3 4 0 2 7 8 4 7 2 2 6 3 1 1 9 2 8 0 7 1 6 1 4 7 5 1 2 9 4 5 4 5 3 6 3 5 2 3 0 0 2 7 3 9 6 9 7 5 0 9 2 6 9 4 3 6 6 7 2 6 5 6 7 8 0 0 7 2 5 3 9 0 3 7 8 8 8 6 2 6 3 3 1 7 5 0 0 7 3 1 6 3 5 3 4 3 2 2 5 3 1 6 4 6 7 5 0 6 9 6 7 1 1 1 7 5 6 0 9 4 3 2 1 1 0 0 9 2 5 4 0 3 1 5 4 9 0 9 4 6 0 4 0 3 7 2 6 7 0 1 4 8 7 2 2 7 6 5 5 9 2 0 4 4 2 7 4 7 3 4 2 7 9 8 6 4 6 9 9 6 0 9 1 8 0 5 0 3 9 7 5 2 3 1 9 7 8 7 4 4 6 5 4 1 1 3 1 3 2 9 4 8 9 5 1 2 2 9 1 5 3 0 0 6 7 1 5 7 0 5 6 0 0 0 1 7 4 9 2 5 9 1 9 8 8 8 7 8 5 0 9 3 7 4 0 5 7 9 9 7 4 3 2 6 2 0 2 7 8 3 7 7 2 6,498f4380d5a4c9781107dd02c8b2885e47b6fdb2f02bebfa37d3e776f4a8e218
primary,1,12008,1,0.5264623955431755,5 4 0 1 0 8 5 2 6 1 4 1 1 2 8 0 1 3 8 3 0 0 1 6 9 5 1 4 1 9 1 9 5 3 4 3 3 0 1 0 5 4 4 6 6 0 1 9 1 1 1 7 3 0 6 7 7 0 0 1 2 7 6 2 2 4 1 1 1 7 2 7 0 6 2 7 0 8 0 1 7 1 2 2 2 5 3 0 8 2 5 6 7 2 2 0 2 8 8 3 2 1 0 5 1 0 1 4 7 5 1 2 7 6 0 6 5 9 6 3 7 2 3 0 0 1 5 9 9 6 8 7 5 6 8 2 6 2 6 2 0 6 7 1 6 5 2 7 8 0 0 0 2 7 3 9 0 3 7 0 8 2 6 7 6 9 3 0 8 1 0 0 7 2 2 6 1 0 2 4 3 5 5 1 1 2 6 6 6 8 1 9 6 9 0 7 1 1 1 7 5 6 0 9 4 3 1 2 1 0 0 9 2 7 4 0 2 1 5 6 8 0 5 6 2 0 4 0 1 5 2 6 7 0 1 4 7 7 2 2 7 0 7 5 0 2 0 7 6 5 7 6 7 0 6 8 7 9 1 5 4 6 9 1 2 0 9 7 1 0 2 0 3 9 7 7 2 0 1 0 7 9 7 4 4 6 0 0 1 0 3 1 1 5 9 4 1 5 0 4 2 2 2 1 3 1 6 0 6 0 6 5 5 0 2 6 0 0 0 5 5 4 7 0 3 0 1 9 5 1 7 7 7 7 0 9 9 7 4 0 1 7 0 9 7 4 9 2 0 2 0 2 7 1 3 7 7 1 1,cbbf4f2e98d4b96ed4fb7389f7c2786386aca8d78934afec3218b68ecdf9f885
primary,1,12008,2,0.7966573816155988,5 4 0 1 6 9 5 2 6 6 1 1 1 1 7 0 8 3 5 1 0 3 1 6 3 5 5 4 1 9 1 9 1 3 4 3 3 6 1 6 5 4 4 5 4 9 1 9 9 1 1 7 3 0 4 7 7 9 0 5 1 7 6 2 2 4 3 1 1 3 2 7 3 6 1 7 5 8 6 2 7 1 2 2 2 3 4 0 3 7 5 4 7 2 2 6 3 4 1 9 2 1 0 7 1 6 1 4 7 5 1 2 7 4 1 4 5 3 6 3 5 2 3 0 0 1 7 3 9 6 3 7 5 0 8 2 6 9 4 3 6 6 7 1 6 5 6 7 8 0 0 7 2 5 3 9 0 3 7 7 8 2 6 7 6 3 3 0 7 5 0 0 7 3 1 6 3 5 2 4 3 2 2 5 5 1 6 4 6 7 5 3 6 9 6 7 1 1 1 7 5 6 0 9 4 3 2 1 1 0 0 9 2 7 4 0 3 1 5 4 9 0 9 4 6 0 4 0 3 7 2 6 7 0 1 4 9 7 2 2 7 6 5 5 0 2 0 5 4 5 7 4 7 5 4 3 7 9 8 6 4 6 9 9 6 0 9 7 1 0 5 0 3 9 7 5 2 0 1 9 7 1 7 4 4 6 5 4 2 1 3 1 3 2 9 4 5 5 5 4 2 2 9 1 5 3 0 0 6 7 4 5 7 0 5 6 0 0 0 8 5 4 7 2 5 3 1 9 8 8 1 7 8 5 0 9 3 7 4 0 5 7 9 9 7 4 3 2 6 2 0 2 7 1 3 7 7 3 6,92c93a8b05c9a37e59a784c784b827a8915e97fc8666664b91523dc832d152ea
primary,1,12008,3,0.8328690807799443,5 4 0 1 6 9 9 2 6 6 4 3 1 1 7 0 8 5 5 8 0 3 1 6 5 5 5 4 1 9 1 9 8 3 4 3 3 6 1 6 5 4 4 5 4 9 1 9 9 1 1 7 3 0 4 7 7 9 0 5 1 7 6 2 2 4 3 1 1 3 2 7 9 6 1 7 5 5 6 2 7 1 2 2 2 3 4 0 2 7 5 4 7 2 2 6 3 1 4 9 2 1 0 7 1 6 1 4 7 5 1 2 9 4 5 4 5 3 6 3 5 2 3 0 0 2 7 5 9 6 3 7 5 0 3 2 6 3 4 3 6 6 7 1 6 5 6 7 8 0 0 7 2 5 3 9 0 3 7 5 8 6 6 8 6 3 3 1 7 5 0 0 7 3 1 6 3 5 3 4 3 2 2 5 5 1 6 4 6 7 5 3 6 9 6 7 1 1 1 7 5 6 0 9 4 3 2 1 1 0 0 9 2 5 4 0 3 1 5 4 9 0 9 4 6 0 4 0 3 7 2 6 7 0 1 4 8 7 2 2 7 6 5 5 9 2 0 5 4 5 7 4 7 3 4 2 7 9 5 6 4 6 9 9 6 0 9 7 1 0 5 0 3 3 7 5 2 2 1 9 7 8 7 4 4 6 5 4 1 1 3 1 3 2 9 4 5 5 5 4 2 2 9 1 5 3 0 0 6 7 1 5 7 0 5 6 0 0 0 8 5 4 7 2 5 9 1 9 8 6 5 7 8 5 0 9 9 7 4 0 5 7 0 9 7 4 3 2 6 2 0 2 7 8 3 7 7 1 6,7ec3dd40f09f45aa37fa44275915fc663f3eae8bb05e5a8583cf37356381c3c8
primary,1,12008,4,0.8523676880222841,5 4 0 1 6 9 9 2 4 6 4 3 1 1 7 0 8 3 5 8 0 3 1 6 5 5 5 4 1 9 1 9 8 3 4 3 3 6 1 6 5 4 4 5 4 9 1 9 9 8 2 7 3 0 4 7 8 9 0 5 1 7 6 2 2 4 3 1 1 3 2 7 3 6 1 7 5 5 6 2 7 1 2 2 2 3 4 0 2 7 8 4 7 2 2 6 3 1 1 3 2 1 0 7 1 6 1 4 7 5 1 2 9 4 5 4 5 3 6 3 5 2 3 0 0 2 7 3 9 6 3 7 5 0 9 2 6 3 4 3 6 6 7 2 6 5 6 7 8 0 0 7 2 5 3 9 0 3 7 7 8 8 6 8 6 3 3 1 7 5 0 0 8 3 2 6 3 5 3 4 3 2 2 5 3 2 6 4 6 7 5 3 6 9 6 7 1 8 1 7 5 6 0 9 4 3 2 1 1 0 0 9 2 5 4 0 3 1 5 4 3 0 9 4 6 0 4 0 3 3 2 6 7 0 1 4 8 7 2 2 7 6 5 5 9 2 0 4 4 5 7 4 7 3 4 2 7 9 8 6 4 6 9 9 6 0 9 7 1 0 5 0 3 3 7 5 2 2 1 9 7 8 7 4 4 6 5 4 2 1 3 1 3 2 9 4 3 5 5 4 2 2 9 1 5 3 0 0 6 7 1 5 7 0 5 6 0 0 0 8 5 4 7 2 5 3 1 9 8 8 8 7 8 5 0 9 3 7 4 0 5 7 9 9 7 4 3 2 6 2 0 2 7 8 3 7 7 3 6,11c995af31d522466b05871a317e3cd06e9f7897823ba6854b84a32a9c443606
primary,1,12008,5,0.8802228412256268,5 4 0 1 6 9 9 2 4 6 4 3 1 1 7 0 8 9 5 8 0 3 1 6 5 5 3 4 1 9 8 9 8 3 4 3 3 6 1 6 5 4 4 5 4 9 1 9 9 8 2 7 3 0 4 7 8 9 0 5 8 7 6 2 2 4 3 1 1 3 2 7 9 6 1 7 5 5 6 2 7 1 2 2 2 3 4 0 2 7 8 4 7 2 2 6 3 4 1 9 2 8 0 7 1 6 1 4 7 5 1 2 9 4 5 4 5 3 6 3 5 2 3 0 0 2 7 8 9 6 9 7 5 0 9 2 6 3 4 3 6 6 4 1 6 5 6 7 8 0 0 7 2 5 3 9 0 3 7 8 8 8 6 8 6 3 3 1 7 5 0 0 8 3 2 6 3 5 3 4 3 2 2 5 5 1 6 4 6 7 5 3 6 9 6 7 1 1 1 7 5 6 0 9 4 3 2 1 1 0 0 9 2 5 4 0 3 1 5 4 9 0 9 4 6 0 4 0 3 8 2 6 7 0 1 4 8 7 2 2 7 6 5 5 9 2 0 4 4 5 7 4 7 3 4 2 7 9 8 6 4 6 9 9 6 0 9 7 8 0 5 0 3 9 7 5 2 2 1 9 7 8 7 4 4 6 5 4 1 1 3 1 3 2 9 4 8 5 5 4 2 2 9 1 5 3 0 0 6 7 1 5 7 0 5 6 0 0 0 8 5 4 7 2 5 9 1 9 8 8 8 7 8 5 0 9 9 7 4 0 5 7 9 9 7 4 3 2 6 2 0 2 7 8 3 7 7 3 6,21bcbfa4aae2e97dc8b5c2578fb524e172a096d2f171dc684672b665e88902e5
primary,1,12009,1,0.6211699164345403,0 1 0 1 0 0 0 2 0 6 1 2 1 1 0 0 8 7 5 0 0 0 1 6 5 5 1 4 2 5 8 3 8 3 4 2 3 6 1 6 5 1 4 2 4 5 2 0 5 8 2 8 3 0 4 7 1 3 0 5 1 7 6 2 2 1 3 1 1 3 2 7 3 6 2 7 5 1 6 2 7 1 2 2 2 3 4 0 2 1 1 4 1 2 3 6 3 1 1 3 2 8 0 1 1 6 2 4 7 5 1 2 1 4 5 1 5 3 6 3 5 1 3 0 0 2 7 3 0 6 3 1 5 0 5 2 6 5 4 2 6 6 7 1 6 5 6 7 7 0 0 9 1 5 3 3 0 3 1 7 1 8 6 8 6 3 3 4 8 5 0 0 1 3 2 6 2 0 0 4 3 3 2 5 5 1 6 4 6 5 5 9 6 9 6 7 1 2 1 7 1 6 0 3 4 1 2 1 2 0 0 3 3 5 1 0 2 1 5 4 3 0 0 4 6 0 1 0 1 4 2 6 7 0 1 4 8 1 2 2 7 6 5 5 0 2 0 1 4 1 1 4 4 8 4 2 7 3 0 6 4 1 3 5 6 0 1 1 2 0 5 0 3 9 8 5 3 5 2 3 8 0 1 1 4 6 5 5 1 1 3 1 3 2 3 4 0 5 5 1 2 2 3 1 5 9 0 0 6 7 1 5 7 0 5 6 0 0 0 1 2 4 1 5 5 8 1 0 0 0 1 7 0 5 0 5 3 1 1 0 5 7 0 3 1 4 3 2 0 2 0 2 7 3 3 7 7 1 6,13f393ce084aabee41f07dda25f956bcf3246025541bf45398ba3feeac56304f
primary,1,12009,2,0.8217270194986073,5 4 0 1 6 9 0 2 0 6 6 3 1 1 8 0 8 3 5 8 0 3 1 6 5 5 3 4 1 3 8 3 8 3 4 3 3 6 1 6 5 4 4 6 4 8 8 0 9 1 2 7 3 0 4 7 8 3 0 5 1 7 6 2 2 4 3 1 1 3 2 7 3 6 1 7 5 7 6 2 7 1 2 2 2 3 4 0 2 1 1 4 7 2 2 6 3 2 1 3 2 8 0 1 1 6 1 4 7 5 1 2 1 4 5 4 5 3 6 3 5 2 3 0 0 2 7 3 9 6 3 7 5 0 3 2 6 3 4 3 6 6 7 1 6 5 6 7 7 0 0 7 2 5 3 9 0 3 7 7 1 8 6 8 6 3 3 1 7 5 0 0 2 3 2 6 2 5 3 4 3 2 2 5 8 1 6 4 6 7 5 3 6 5 6 7 1 2 1 7 5 6 0 9 4 3 2 1 1 0 0 3 2 5 1 0 3 1 5 4 3 0 3 4 6 0 4 0 3 4 2 6 7 0 1 4 8 7 2 2 7 6 5 5 0 2 0 4 4 2 7 4 7 3 4 2 7 3 8 6 4 6 3 9 6 0 9 1 2 0 5 0 3 3 7 5 2 9 1 9 7 8 4 1 4 6 5 4 1 1 3 1 3 2 9 4 8 5 5 4 2 2 3 1 5 3 0 0 6 7 1 5 7 0 5 6 0 0 0 1 8 4 1 2 5 3 1 0 8 8 8 7 8 5 0 5 3 1 4 0 5 7 0 9 7 4 3 2 6 2 0 2 7 3 3 7 7 1 6,4d6322edc5c9b1cc9438ed7db15d50b8a59c3f51f42c338ca5fe76b63997faf7
primary,1,12009,3,0.8774373259052924,5 4 0 1 6 9 9 2 0 6 6 3 1 1 8 0 8 3 5 8 0 3 1 6 5 5 3 4 8 3 8 9 8 3 4 3 3 6 1 6 5 4 4 6 4 9 8 9 9 8 2 7 3 0 4 7 8 9 0 5 8 7 6 2 1 4 3 1 1 3 2 7 9 6 1 7 5 7 6 2 7 1 2 2 2 3 4 0 2 7 8 4 7 2 2 6 3 2 1 9 2 8 0 7 4 6 1 4 7 5 1 2 1 4 5 4 5 3 6 3 5 2 3 0 0 2 7 3 9 6 3 7 5 0 9 2 6 3 4 3 6 6 4 1 6 5 6 7 8 0 0 7 2 5 3 3 0 3 7 8 1 8 6 8 6 3 3 1 7 5 0 0 7 3 1 6 3 5 3 4 3 2 2 5 8 1 6 4 6 7 5 3 6 5 6 7 1 8 1 7 5 6 0 9 4 3 2 1 1 0 0 9 2 5 4 0 3 1 5 4 3 0 9 4 6 0 4 0 3 8 2 6 7 0 1 4 8 7 2 2 7 6 5 5 9 2 0 4 4 2 7 4 4 8 4 2 7 3 8 6 4 6 9 9 6 0 9 1 8 0 5 0 3 3 7 5 2 9 1 9 7 8 4 4 4 6 5 4 1 9 3 1 3 2 9 4 8 5 5 4 2 2 3 1 5 3 0 0 6 7 1 5 7 0 5 6 0 0 0 8 8 4 1 2 5 3 1 9 8 8 8 7 8 5 0 9 3 7 4 0 5 7 0 9 7 4 3 2 6 2 0 2 7 8 3 7 7 3 6,4830e8c6138f9f2a97906d4bdf5e1e681dc57efdf9c804d056d11de338bb6706
primary,1,12009,4,0.9108635097493036,5 4 0 1 6 9 9 2 0 6 6 3 1 1 2 0 8 9 5 8 0 9 1 6 5 5 3 4 1 5 8 9 8 3 4 3 3 6 1 6 5 4 4 5 4 9 8 9 9 1 2 7 3 0 4 7 8 9 0 5 1 7 6 2 1 4 3 1 1 3 2 7 9 6 1 7 5 7 6 2 7 1 2 2 2 3 4 0 2 7 8 4 7 2 2 6 3 1 1 9 2 8 0 1 1 6 1 4 7 5 1 2 1 4 5 4 5 3 6 3 5 2 3 0 0 2 7 8 9 6 3 7 5 0 9 2 6 3 4 3 6 6 7 1 6 5 6 7 8 0 0 7 2 5 3 9 0 3 7 8 1 8 6 8 6 3 3 1 7 5 0 0 7 3 1 6 3 5 3 4 3 2 2 5 5 1 6 4 6 7 5 3 6 5 6 7 1 8 1 7 8 6 0 9 4 3 1 1 1 0 0 9 2 5 4 0 3 1 5 4 9 0 9 4 6 0 4 0 3 8 2 6 7 0 1 4 8 7 2 2 7 6 5 5 9 2 0 4 4 2 7 4 7 3 4 2 7 9 8 6 4 6 9 9 6 0 9 1 8 0 5 0 3 9 7 5 2 2 1 9 7 8 4 4 4 6 5 4 1 1 3 1 3 2 9 4 8 5 5 4 2 2 3 1 5 3 0 0 6 7 4 5 7 0 5 6 0 0 0 8 5 4 1 2 5 3 1 9 8 8 8 7 8 5 0 9 3 7 4 0 5 7 0 9 7 4 3 2 6 2 0 2 7 8 3 7 7 3 6,791bfe357d5b406a870d5ae554f7407c47e2dba4bb877dcd813643631bebee4c
primary,1,12009,5,0.8969359331476323,5 4 0 1 6 9 9 2 0 6 6 3 1 1 7 0 8 8 5 8 0 9 1 6 5 5 3 4 1 3 8 9 8 3 4 3 3 6 1 6 5 4 4 5 4 9 8 9 9 8 2 7 3 0 4 7 8 9 0 5 8 7 6 2 1 4 3 1 1 3 2 7 9 6 1 7 5 8 6 2 7 1 2 2 2 3 4 0 2 7 8 4 7 2 2 6 3 1 1 9 2 8 0 7 1 6 1 4 7 5 1 2 9 4 5 4 5 3 6 3 5 2 3 0 0 2 7 3 9 6 3 7 5 0 9 2 6 3 4 3 6 6 7 1 6 5 6 7 8 0 0 7 2 5 3 9 0 3 7 8 8 8 6 7 6 3 3 9 7 5 0 0 7 3 1 6 3 5 3 4 3 2 2 5 5 1 6 4 6 7 5 0 6 5 6 7 1 2 1 7 8 6 0 9 4 3 2 1 1 0 0 9 2 5 4 0 3 1 5 4 9 0 9 4 6 0 4 0 3 8 2 6 7 0 1 4 8 7 2 2 7 6 5 5 9 2 0 4 4 2 7 4 7 3 4 2 7 9 8 6 4 6 9 9 6 0 9 1 8 0 5 0 3 9 7 5 2 2 1 9 7 8 7 4 4 6 5 4 1 9 3 1 3 2 9 4 8 9 5 4 2 2 3 1 5 3 0 0 6 7 1 5 7 0 5 6 0 0 0 8 8 4 7 2 5 3 1 9 8 8 8 7 8 5 0 9 3 7 4 0 5 7 0 9 7 4 3 2 6 2 0 2 7 8 3 7 7 3 6,4ebbcadbd3aa96309864bae4bc5370aab401e1bc4e5b21817a634d6e881aafa5
primary,1,12010,1,0.4818941504178273,5 0 9 1 6 5 3 2 6 3 6 3 1 0 0 9 2 3 5 1 9 9 1 6 3 0 2 4 0 3 1 3 2 7 4 3 3 6 1 6 5 4 4 8 0 3 3 3 3 7 2 2 3 9 6 7 2 3 9 3 1 0 6 2 1 6 3 1 1 8 2 7 3 6 1 2 5 0 6 2 8 1 7 2 2 3 7 9 8 5 0 6 7 1 2 6 3 4 1 5 2 1 0 0 1 6 1 4 7 0 1 2 0 4 5 6 5 9 6 7 5 2 3 1 5 5 0 3 3 6 5 0 5 9 3 2 6 3 7 3 6 6 4 2 6 5 6 7 1 9 5 8 2 5 3 5 9 3 7 1 1 6 6 2 6 3 3 1 7 5 9 9 2 8 1 6 9 5 2 4 3 2 2 5 2 2 6 4 6 1 2 9 6 3 6 0 1 8 1 7 2 6 4 3 4 9 1 1 0 4 5 3 2 5 0 9 3 1 5 6 3 6 3 6 6 5 4 9 1 8 2 6 7 9 1 4 2 0 2 2 4 6 5 5 3 2 5 0 4 2 1 4 4 3 4 8 7 3 2 6 4 6 3 3 6 5 3 1 6 9 5 9 3 9 7 7 2 2 1 3 5 2 0 6 4 6 5 7 2 5 3 1 2 2 3 4 2 9 5 6 2 2 3 2 5 3 9 3 6 1 1 5 8 3 5 6 5 9 4 2 2 6 1 1 5 6 3 3 2 2 2 0 8 5 4 3 3 4 4 3 5 7 3 3 0 4 3 2 6 2 9 5 7 2 3 0 8 2 6,4f3e30f2da9a6d008c4c0fbf8b561516ff15362b6ac209c9565fe41706d3ea93
primary,1,12010,2,0.8050139275766016,5 4 0 1 6 3 3 2 0 6 1 3 1 1 7 0 8 3 5 8 0 9 1 6 5 5 1 4 1 3 8 9 8 3 4 3 3 6 1 6 5 4 4 8 4 9 8 0 9 1 2 7 3 0 6 7 8 3 0 3 1 7 6 2 1 4 3 1 1 3 2 7 9 1 1 7 5 9 6 2 7 1 2 2 2 3 4 0 8 7 8 4 7 2 2 6 3 1 1 9 2 8 0 7 1 6 1 4 7 5 1 2 9 4 5 4 5 3 6 3 5 2 3 0 0 2 7 3 9 6 9 7 5 0 9 2 6 3 4 3 6 6 4 2 6 5 6 7 8 0 0 7 2 5 3 9 0 3 7 1 8 1 6 2 6 3 3 1 7 5 0 0 2 3 1 6 3 5 8 4 3 2 2 5 2 2 6 4 6 7 5 9 6 3 6 7 1 2 1 7 5 6 0 9 4 3 2 1 1 0 0 3 2 5 6 0 3 1 5 4 3 0 3 4 6 0 4 0 3 8 2 6 7 0 1 4 8 0 2 2 7 6 5 5 3 2 0 4 4 2 7 4 7 3 4 7 7 3 2 6 4 6 3 9 6 0 3 1 6 0 5 0 3 3 7 5 2 0 1 3 7 2 0 4 4 6 5 4 1 1 3 1 3 2 9 4 2 5 5 1 2 2 3 1 5 3 0 0 6 7 1 5 7 0 5 6 0 0 0 2 7 4 9 1 5 6 1 3 2 8 1 7 8 5 0 9 3 4 4 0 5 7 9 9 7 4 3 2 6 2 0 2 7 8 3 7 7 3 6,83d8b8031decf3c0398ef7ba7a0f148ca257478e55ce583da1e2551af0de54b9
primary,1,12010,3,0.8579387186629527,5 4 0 1 6 9 3 2 0 6 1 3 1 1 7 0 8 3 5 8 0 9 1 6 5 5 3 4 1 9 8 9 8 3 4 3 3 6 1 6 5 4 4 8 4 9 8 9 3 1 1 7 3 0 4 7 7 3 0 5 1 7 6 2 1 4 3 1 1 3 2 7 3 6 1 7 5 7 6 2 7 1 2 2 2 3 4 0 2 7 8 4 7 2 2 6 3 1 1 9 2 8 0 7 1 6 1 4 7 5 1 2 1 4 5 4 5 3 6 3 5 2 3 0 0 2 7 3 9 6 9 7 5 0 9 2 6 3 4 3 6 6 4 1 6 5 6 7 8 0 0 7 2 5 3 9 0 3 7 1 1 1 6 2 6 3 3 1 7 5 0 0 2 3 1 6 3 5 8 4 3 2 2 5 2 1 6 4 6 7 5 9 6 5 6 7 1 1 1 7 5 6 0 9 4 3 2 1 1 0 0 3 2 5 4 0 3 1 5 4 9 0 3 4 6 0 4 0 3 8 2 6 7 0 1 4 8 7 2 2 7 6 5 5 9 2 0 4 4 2 7 4 7 8 4 7 7 3 8 6 4 6 9 9 6 0 9 1 6 0 5 0 3 9 7 5 2 0 1 3 7 2 4 4 4 6 5 4 1 1 3 1 3 2 9 4 2 5 5 4 2 2 9 1 5 3 0 0 6 7 1 5 7 0 5 6 0 0 0 1 7 4 7 2 5 3 1 9 8 8 5 7 8 5 0 5 8 7 4 0 5 7 0 9 7 4 3 2 6 2 0 2 7 8 3 7 7 2 6,0c71377ea39b514f58ff926ffd8f2c50b3445e0f8f1dae53bd38a62861adb230
primary,1,12010,4,0.8885793871866295,5 4 0 1 6 9 9 2 0 6 1 3 1 1 7 0 8 3 5 8 0 3 1 6 5 5 3 4 1 3 8 9 8 3 4 3 3 6 1 6 5 4 4 8 4 9 8 9 9 7 1 7 3 0 4 7 7 3 0 5 1 7 6 2 1 4 3 1 1 3 2 7 3 6 1 7 5 7 6 2 7 1 2 2 2 3 4 0 2 7 8 4 7 2 2 6 3 1 1 3 2 8 0 7 1 6 1 4 7 5 1 2 1 4 5 4 5 3 6 3 5 2 3 0 0 2 7 8 9 6 9 7 5 0 9 2 6 3 4 3 6 6 4 1 6 5 6 7 8 0 0 7 2 5 3 9 0 3 7 8 1 8 6 2 6 3 3 1 7 5 0 0 2 3 1 6 3 5 8 4 3 2 2 5 2 1 6 4 6 7 5 0 6 5 6 7 1 1 1 7 5 6 0 9 4 3 1 1 1 0 0 3 2 5 4 0 3 1 5 4 9 0 9 4 6 6 4 0 3 8 2 6 7 0 1 4 8 7 2 2 7 6 5 5 9 2 0 4 4 2 7 4 7 8 4 7 7 9 8 6 4 6 9 9 6 0 9 1 8 0 5 0 3 3 7 5 2 0 1 9 7 8 4 4 4 6 5 4 1 1 3 1 3 2 9 4 2 5 5 4 2 2 9 1 5 3 0 0 6 7 1 5 7 0 5 6 0 0 0 8 7 4 9 2 5 3 1 9 8 8 5 7 8 5 0 9 8 7 4 0 5 7 0 9 7 4 3 2 6 2 0 2 7 8 3 7 7 3 6,e9c6e65fd1f3b7de67ac446ef825bd515b8dc6324e01cc54f5b28b9c587562cc
primary,1,12010,5,0.9025069637883009,5 4 0 1 6 9 9 2 0 6 6 3 1 1 7 0 8 8 5 8 0 9 1 6 5 5 3 4 1 9 8 9 8 3 4 3 3 6 1 6 5 4 4 5 4 9 8 9 9 1 1 7 3 0 4 7 7 9 0 5 1 7 6 2 1 4 3 1 1 3 2 7 9 6 1 7 5 7 6 2 7 1 2 2 2 3 4 0 2 7 8 4 7 2 2 6 3 1 1 9 2 8 0 7 1 6 1 4 7 5 1 2 1 4 5 4 5 3 6 3 5 2 3 0 0 2 7 8 9 6 9 7 5 0 9 2 6 3 4 3 6 6 7 1 6 5 6 7 8 0 0 7 2 5 3 9 0 3 7 1 1 8 6 2 6 3 3 1 7 5 0 0 2 3 1 6 3 5 8 4 3 2 2 5 5 1 6 4 6 7 5 0 6 5 6 7 1 1 1 7 5 6 0 9 4 3 1 1 1 0 0 9 2 5 4 0 3 1 5 4 3 0 9 4 6 0 4 0 3 8 2 6 7 0 1 4 8 7 2 2 7 6 5 5 9 2 0 4 4 2 7 4 7 8 4 7 7 9 8 6 4 6 9 9 6 0 9 1 8 0 5 0 3 9 7 5 2 0 1 9 7 8 7 4 4 6 5 4 1 1 3 1 3 2 9 4 2 5 5 4 2 2 9 1 5 3 0 0 6 7 1 5 7 0 5 6 0 0 0 1 7 4 7 2 5 3 1 9 8 8 5 7 8 5 0 5 8 7 4 0 5 7 9 9 7 4 3 2 6 2 0 2 7 8 3 7 7 3 6,431d25fe012e2357962516da947b8c368212f526c347287c02bc6f7b3db1af7b
primary,1,12011,1,0.5069637883008357,1 4 0 1 4 9 0 2 4 8 1 1 1 8 8 0 1 1 9 3 0 0 1 6 4 5 2 4 8 7 8 3 1 3 4 2 3 4 8 4 2 4 4 0 4 9 8 0 1 1 1 5 1 0 4 1 1 9 0 1 1 2 6 1 3 8 3 1 1 1 2 5 2 6 1 5 5 3 6 6 7 1 2 2 2 3 0 0 2 5 1 4 1 2 2 6 2 1 1 3 2 8 0 1 8 6 1 4 5 2 1 1 8 4 9 4 0 3 0 2 5 2 3 0 0 0 8 1 0 6 3 1 5 4 9 2 6 0 4 3 4 6 4 4 6 4 6 7 3 0 0 1 2 4 3 4 0 3 1 8 8 6 6 0 0 1 3 1 5 3 0 0 8 1 1 4 3 0 3 4 3 2 2 5 1 1 6 4 6 5 5 0 6 7 6 1 1 1 1 1 3 4 0 3 8 3 1 1 8 0 9 9 2 5 8 0 3 1 9 4 3 0 3 4 1 4 4 0 3 1 2 7 5 0 1 4 1 4 2 8 1 6 7 8 9 2 0 6 4 8 1 4 4 1 4 2 1 3 8 6 4 4 9 1 6 0 9 1 3 0 3 0 3 1 5 7 2 3 8 0 5 3 4 1 4 0 8 4 1 1 3 1 3 2 1 4 0 0 5 1 2 2 3 1 0 3 0 0 4 1 8 4 1 0 0 4 0 0 9 1 5 4 1 2 5 1 1 0 0 0 1 1 8 5 0 3 1 1 4 0 3 7 3 0 1 4 3 2 6 1 0 2 8 3 3 5 5 1 6,77999badf6fed096f80474d441935d294f42bca9907455523401b67022304b1e
primary,1,12011,2,0.7966573816155988,5 4 0 1 6 3 3 2 4 1 1 3 1 1 8 0 1 1 5 8 0 9 1 6 5 5 1 4 8 9 8 5 8 3 4 3 3 6 1 6 5 4 4 5 4 9 1 9 9 1 1 5 1 0 4 7 5 3 0 1 1 7 6 2 1 4 3 1 1 3 2 7 3 6 1 7 5 8 6 6 7 1 2 2 2 3 4 0 2 7 8 4 7 2 2 6 3 1 1 9 2 8 0 1 1 6 1 4 7 5 1 1 9 4 5 4 5 3 6 3 5 2 3 0 0 2 4 5 9 6 3 7 5 0 9 2 6 3 4 3 6 6 4 6 6 5 6 7 8 0 0 7 2 5 3 9 0 3 7 8 8 6 6 2 6 3 3 1 7 5 0 0 5 3 1 6 3 5 3 4 3 2 2 5 1 1 6 4 6 7 5 3 6 9 6 7 1 1 1 1 8 6 0 9 4 3 1 1 1 0 0 9 2 5 4 0 3 1 9 4 3 4 9 4 6 4 4 0 3 1 2 6 7 0 1 4 8 7 2 2 7 6 5 4 9 2 0 4 4 3 7 4 4 1 4 2 7 9 8 6 4 6 9 9 6 0 9 1 1 0 5 0 3 9 7 5 2 2 1 9 7 3 4 4 4 6 4 4 1 1 3 1 3 2 9 4 0 0 5 1 2 2 3 1 5 3 0 0 6 7 1 4 7 0 5 6 0 0 0 1 7 4 9 2 5 3 1 9 8 8 1 7 8 5 0 3 5 1 4 0 5 7 0 9 7 4 3 2 6 2 0 2 7 3 3 7 7 1 6,ac287800548523bf5a16f85299370a2374225a11df611abe9d12fbe14d03ecd3
primary,1,12011,3,0.8662952646239555,5 4 0 1 6 9 9 2 4 6 1 3 1 1 7 0 8 1 5 8 0 9 1 6 5 5 3 4 1 3 8 9 8 3 4 3 3 6 1 6 5 4 4 6 4 9 8 9 9 1 1 7 3 0 4 7 5 9 0 5 1 7 6 2 1 4 3 1 1 3 2 7 9 6 1 7 5 7 6 6 7 1 2 2 2 3 4 0 2 7 5 4 7 2 2 6 3 1 1 9 2 8 0 8 1 6 1 4 7 5 1 2 9 4 5 4 5 3 6 3 5 2 3 0 0 2 7 8 9 6 3 7 5 0 9 2 6 3 4 3 6 6 4 6 6 5 6 7 8 0 0 7 2 5 3 9 0 3 7 8 8 6 6 2 6 3 3 1 7 5 0 0 7 3 1 6 3 5 3 4 3 2 2 5 8 8 6 4 6 7 5 0 6 9 6 7 1 1 1 1 7 6 0 9 4 3 1 1 1 0 0 9 2 5 4 0 3 1 9 4 3 0 3 4 6 4 4 0 3 8 2 6 7 0 1 4 8 7 2 2 7 6 5 5 9 2 0 4 4 2 7 4 4 8 4 2 7 9 8 6 4 6 9 9 6 0 9 1 1 0 5 0 3 9 7 5 2 9 1 9 7 8 4 4 4 6 5 4 1 1 3 1 3 2 9 4 8 5 5 4 2 2 3 1 5 3 0 0 6 7 1 5 7 0 5 6 0 0 0 1 7 4 9 2 5 3 1 9 8 8 8 7 8 5 0 9 9 4 4 0 5 7 0 9 7 4 3 2 6 2 0 2 7 8 3 7 7 2 6,aaf3aa374a68f4466e30c4ae6fbf2679c3495f8fe885ffa6d8ec386fb88c22d3
primary,1,12011,4,0.8857938718662952,5 4 0 1 6 9 3 2 4 6 1 3 1 1 7 0 8 9 5 8 0 9 1 6 5 5 3 4 1 9 8 9 8 3 4 3 3 6 1 6 5 4 4 5 4 9 1 9 9 1 1 7 9 0 4 7 8 9 0 5 1 7 6 2 1 4 3 1 1 3 2 7 9 6 1 7 5 7 6 2 7 1 2 2 2 3 4 0 2 7 5 4 7 2 2 6 3 1 1 9 2 8 0 7 1 6 1 4 7 5 1 2 9 4 5 4 5 3 6 3 5 2 3 0 0 2 7 8 9 6 9 7 5 0 9 2 6 3 4 3 6 6 4 6 6 5 6 7 8 0 0 7 2 5 3 9 0 3 7 7 8 6 6 2 6 3 3 1 7 5 0 0 7 3 1 6 3 5 8 4 3 2 2 5 8 2 6 4 6 7 5 3 6 9 6 7 1 1 1 7 8 6 0 9 4 3 1 1 1 0 0 9 2 5 4 0 3 1 9 4 9 0 9 4 6 0 4 0 3 7 2 6 7 0 1 4 8 7 2 2 7 6 5 5 9 2 0 4 4 8 7 4 4 8 4 2 7 9 8 6 4 6 9 9 6 0 9 1 8 0 5 0 3 9 7 5 2 2 1 9 7 8 4 4 4 6 5 4 1 1 3 1 3 2 9 4 5 5 5 4 2 2 9 1 5 3 0 0 6 7 1 5 7 0 5 6 0 0 0 1 7 4 9 2 5 3 1 9 8 8 8 7 8 5 0 9 8 7 4 0 5 7 0 9 7 4 3 2 6 2 0 2 7 8 3 7 7 1 6,58c600349ad3a6840f4347a8a5241fa81bf04749da9715031bdd5bc2b79337b6
primary,1,12011,5,0.8941504178272981,5 4 0 1 6 9 9 2 0 6 1 3 1 1 7 0 8 9 5 8 0 9 1 6 5 5 3 4 1 9 8 9 8 3 4 3 3 6 1 6 5 4 4 5 4 9 1 9 9 2 2 7 3 0 4 7 8 9 0 5 8 7 6 2 1 4 3 1 1 3 2 7 9 6 1 7 5 7 6 2 7 1 2 2 2 3 4 0 2 7 5 4 7 2 2 6 3 2 1 9 2 8 0 7 1 6 1 4 7 5 1 2 9 4 5 4 5 3 6 3 5 2 3 0 0 2 7 8 9 6 9 7 5 0 9 2 6 3 4 3 6 6 4 1 6 5 6 7 8 0 0 7 2 5 3 9 0 3 7 7 8 6 6 2 6 3 3 1 7 5 0 0 7 3 1 6 3 5 8 4 3 2 2 5 8 2 6 4 6 7 5 3 6 5 6 7 1 1 1 7 8 6 0 9 4 3 1 1 1 0 0 9 2 5 4 0 3 1 9 4 9 0 9 4 6 0 4 0 3 8 2 6 7 0 1 4 8 7 2 2 7 6 5 5 9 2 0 4 4 2 7 4 7 8 4 2 7 9 8 6 4 6 9 9 6 0 9 1 8 0 5 0 3 9 7 5 2 9 1 9 7 8 4 4 4 6 5 4 1 1 3 1 3 2 9 4 8 9 5 4 2 2 2 1 5 3 0 0 6 7 1 5 7 0 5 6 0 0 0 1 7 4 7 2 5 3 1 9 8 8 8 7 8 5 0 9 9 7 4 0 5 7 0 9 7 4 3 2 6 2 0 2 7 8 3 7 7 2 6,6e17ba532da627eee71594d280248188a90d292302b56122d6ae7020588526d6
primary,1,12012,1,0.584958217270195,5 4 0 1 6 9 4 2 0 6 1 2 1 1 1 0 1 9 7 8 0 9 1 6 9 4 3 4 7 9 3 2 1 3 4 7 3 4 1 6 5 4 4 4 4 9 3 2 9 0 1 7 9 0 4 4 5 9 0 5 1 1 6 1 1 4 3 1 8 3 2 1 9 6 1 1 5 4 6 9 3 4 2 1 2 3 4 0 3 7 1 4 4 2 7 6 8 9 9 2 7 2 8 7 1 0 1 4 7 5 1 2 9 4 5 4 5 2 1 3 7 0 3 9 0 2 4 8 9 6 9 9 5 9 9 2 6 1 4 7 4 6 4 5 6 2 4 3 4 0 0 7 2 5 3 9 9 3 5 8 1 9 6 2 4 9 2 9 7 5 0 4 1 7 1 6 3 7 9 4 3 2 3 5 9 1 6 4 6 5 4 9 4 9 4 5 8 2 1 4 8 1 0 9 4 8 1 1 1 0 4 9 2 5 4 0 7 1 5 4 9 0 9 4 4 4 4 0 3 7 2 6 7 4 1 4 9 4 2 1 4 6 5 5 9 2 0 4 4 2 7 4 4 9 4 9 4 9 8 6 4 6 9 9 4 8 9 1 3 9 5 4 9 9 7 5 2 9 1 9 7 8 4 4 4 6 5 4 1 9 8 2 3 2 9 4 8 9 5 1 2 0 9 1 3 3 9 0 6 7 1 5 4 0 5 4 9 0 4 0 4 4 1 9 7 9 1 9 8 8 8 9 3 5 0 9 9 0 4 9 5 4 9 9 9 4 3 2 4 2 0 7 1 8 3 9 3 3 4,c1bb0f627e2f25efcaa2db3204632d7397cc96a740318af9d49e54b6ebf5ced1
primary,1,12012,2,0.8495821727019499,5 4 0 1 0 9 8 2 0 1 6 2 1 1 1 0 8 9 5 8 0 9 1 6 5 5 3 4 1 9 8 9 8 3 4 3 3 6 1 6 5 4 4 4 4 9 8 9 9 0 1 7 3 0 4 7 5 9 0 3 1 1 6 1 1 4 3 1 1 2 2 7 9 6 1 7 5 4 6 2 7 1 2 2 2 3 4 0 3 7 1 4 7 2 2 6 3 1 1 9 2 1 0 4 1 6 1 4 7 5 1 2 1 4 5 4 5 3 6 3 5 2 3 0 0 2 7 3 9 6 9 7 5 0 9 2 6 3 4 3 6 6 7 1 6 0 6 7 8 0 0 7 2 5 3 9 0 3 7 8 1 6 6 2 6 3 3 1 7 5 0 0 1 2 1 6 3 5 8 4 3 2 2 5 3 1 6 4 6 7 5 9 6 9 6 7 8 1 1 7 8 6 0 9 4 3 1 1 1 0 0 9 2 5 4 0 2 1 5 4 9 0 9 4 6 0 4 0 3 7 2 6 7 0 1 4 8 7 2 2 7 6 5 5 9 2 0 4 4 2 7 4 4 9 4 7 7 9 8 6 4 6 9 9 6 0 9 1 1 0 5 0 3 9 7 5 2 9 1 9 7 8 4 4 4 6 5 4 1 1 3 1 3 2 9 4 8 0 5 4 2 2 9 1 5 3 0 0 6 7 1 5 7 0 5 6 0 0 0 1 5 4 1 2 5 2 1 9 8 8 8 7 8 5 0 9 9 1 4 0 5 7 0 9 7 4 3 2 6 2 0 2 7 8 3 5 7 3 6,12fcd484a57231fe63d1f38e394ec037e92a1366c602c20364fe56f271eb292e
primary,1,12012,3,0.8774373259052924,5 4 0 1 6 9 0 2 0 6 6 3 1 1 7 0 8 9 5 8 0 9 1 6 5 5 3 4 1 3 8 9 8 3 4 3 3 6 1 6 5 4 4 6 4 9 1 9 9 0 2 7 3 0 4 7 5 9 0 5 1 7 6 2 1 4 3 1 1 3 2 7 9 6 1 7 5 5 6 2 7 1 2 2 2 3 4 0 2 7 8 4 7 2 2 6 3 0 1 9 2 8 0 7 1 6 1 4 7 5 1 2 1 4 5 4 5 3 6 3 5 2 3 0 0 2 7 2 9 6 9 7 5 0 9 2 6 3 4 3 6 6 7 1 6 5 6 7 8 0 0 7 2 5 3 9 0 3 7 8 1 6 6 2 6 3 3 9 7 5 0 0 7 3 1 6 3 5 3 4 3 2 2 5 2 8 6 4 6 7 5 3 6 5 6 7 1 2 1 7 5 6 0 9 4 3 2 1 1 0 0 9 2 5 4 0 3 1 5 4 9 0 9 4 6 0 4 0 3 7 2 6 7 0 1 4 8 7 2 2 7 6 5 5 9 2 0 4 4 2 7 4 7 8 4 2 7 9 8 6 4 6 9 9 6 0 9 1 6 0 5 0 3 9 7 5 2 2 1 9 7 2 7 4 4 6 5 4 1 9 3 1 3 2 9 4 2 0 5 4 2 2 9 1 5 3 0 0 6 7 1 5 7 0 5 6 0 0 0 1 5 4 7 2 5 2 1 9 8 8 8 7 8 5 0 9 9 7 4 0 5 7 9 9 7 4 3 2 6 2 0 2 7 8 3 7 7 3 6,1f513777b6c206de45f509c73dd142cb7714eae03a206d06d4eb18e54495d5b4
primary,1,12012,4,0.8997214484679665,5 4 0 1 6 9 9 2 0 6 6 3 1 1 7 0 8 9 5 8 0 9 1 6 5 5 3 4 1 9 8 9 8 3 4 3 3 6 1 6 5 4 4 5 4 9 8 9 9 8 2 7 3 0 4 7 5 9 0 5 1 7 6 2 1 4 3 1 1 3 2 7 9 6 1 7 5 5 6 2 7 1 2 2 2 3 4 0 2 7 8 4 7 2 2 6 3 1 1 9 2 8 0 7 1 6 1 4 7 5 1 2 1 4 5 4 5 3 6 3 5 2 3 0 0 2 7 3 9 6 9 7 5 0 9 2 6 3 4 3 6 6 7 2 6 5 6 7 8 0 0 7 2 5 3 9 0 3 7 8 1 6 6 7 6 3 3 1 7 5 0 0 7 3 1 6 3 5 8 4 3 2 2 5 5 1 6 4 6 7 5 3 6 5 6 7 1 2 1 7 5 6 0 9 4 3 1 1 1 0 0 9 2 5 4 0 3 1 5 4 9 0 9 4 6 0 4 0 3 7 2 6 7 0 1 4 8 7 2 2 7 6 5 5 9 2 0 4 4 2 7 4 7 3 4 2 7 9 8 6 4 6 9 9 6 0 9 1 1 0 5 0 3 9 7 5 2 2 1 9 7 8 7 4 4 6 5 4 1 1 3 1 3 2 9 4 2 5 5 4 2 2 9 1 5 3 0 0 6 7 1 5 7 0 5 6 0 0 0 8 7 4 1 2 5 3 1 9 8 8 8 7 8 5 0 9 3 7 4 0 5 7 9 9 7 4 3 2 6 2 0 2 7 8 3 7 7 3 6,08624df6b3e43b007fded14d9488e47fc4ba30c7d92acaf9e8821c1d03dac861
primary,1,12012,5,0.8913649025069638,5 4 0 1 6 9 9 2 0 6 6 3 1 1 7 0 8 9 5 8 0 9 1 6 5 5 3 4 1 9 8 9 8 3 4 3 3 6 1 6 5 4 4 5 4 9 8 9 9 2 2 7 3 0 4 7 5 9 0 5 1 7 6 2 1 4 3 1 1 3 2 7 9 6 1 7 5 5 6 2 7 1 2 2 2 3 4 0 2 7 1 4 7 2 2 6 3 1 1 9 2 8 0 7 1 6 1 4 7 5 1 2 1 4 5 4 5 3 6 3 5 2 3 0 0 2 7 9 9 6 9 7 5 0 9 2 6 3 4 3 6 6 7 1 6 5 6 7 8 0 0 7 2 5 3 9 0 3 7 8 1 1 6 2 6 3 3 1 7 5 0 0 7 3 1 6 3 5 3 4 3 2 2 5 1 1 6 4 6 7 5 0 6 9 6 7 1 1 1 7 5 6 0 9 4 3 2 1 1 0 0 9 2 5 4 0 3 1 5 4 9 0 9 4 6 0 4 0 3 7 2 6 7 0 1 4 8 7 2 2 7 6 5 5 9 2 0 4 4 2 7 4 7 8 4 2 7 9 8 6 4 6 9 9 6 0 9 1 1 0 5 0 3 9 7 5 2 2 1 9 7 8 7 4 4 6 5 4 1 9 3 1 3 2 9 4 2 9 5 4 2 2 9 1 5 3 0 0 6 7 1 5 7 0 5 6 0 0 0 1 7 4 9 2 5 3 1 9 8 8 8 7 8 5 0 9 9 7 4 0 5 7 9 9 7 4 3 2 6 2 0 2 7 8 3 7 7 3 6,5a584815d8547610883287665fd9cc6647937c072d176a0b1271fff1ff9711ed
primary,1,12013,1,0.5821727019498607,5 4 6 1 5 9 0 1 6 6 1 9 1 8 8 0 8 9 2 8 9 9 1 6 5 2 8 4 1 6 9 9 1 2 4 2 7 6 1 6 1 4 4 5 4 9 2 8 9 1 9 7 9 0 4 5 9 6 0 3 8 1 6 2 2 4 9 2 1 9 2 7 2 6 1 8 1 8 6 2 5 7 1 2 2 3 8 0 2 8 8 4 9 2 2 2 9 2 9 8 2 2 0 9 1 6 9 4 2 1 1 2 5 4 5 2 6 9 6 9 5 1 9 0 0 2 7 9 9 5 8 7 8 0 9 2 6 3 4 3 6 6 7 2 6 5 6 8 8 0 0 9 2 5 9 9 0 3 9 8 8 2 6 8 6 9 9 9 8 2 0 0 8 9 2 6 8 8 8 4 9 2 2 2 1 8 6 4 6 8 3 9 6 2 6 5 9 8 9 8 8 6 0 9 4 8 3 1 4 9 8 9 2 5 1 0 3 1 5 4 8 6 9 4 6 0 4 0 9 8 2 6 2 0 9 4 9 5 2 3 7 6 5 2 9 2 0 2 4 8 1 4 4 9 4 9 7 8 8 6 4 6 9 9 6 0 9 1 8 0 5 0 3 9 8 8 2 9 5 9 8 8 2 1 4 6 5 2 2 9 2 9 9 2 9 4 8 5 5 4 2 2 1 1 2 3 0 6 6 5 1 5 9 6 5 6 0 0 0 9 8 4 9 2 5 9 1 9 8 8 8 8 8 5 0 5 9 4 4 0 8 8 9 9 9 4 9 2 6 2 0 2 7 8 3 5 7 1 6,cdc26dcecb83ca0d29a4733d0e4efab00c7bf2e0fe4bba4fd3f278552c4e93b5
primary,1,12013,2,0.8495821727019499,5 4 0 1 6 9 9 8 0 6 4 3 1 1 8 0 8 9 5 8 0 9 1 6 6 5 8 4 1 6 8 9 8 3 4 3 3 6 1 6 5 4 4 5 4 9 8 9 9 8 3 7 9 0 4 7 9 9 0 5 8 7 6 2 2 4 9 1 1 3 2 7 3 6 1 7 5 8 6 2 7 1 2 2 2 3 4 0 3 5 5 4 7 2 2 6 3 8 1 9 2 8 0 9 1 6 1 4 7 5 1 2 9 4 5 4 5 3 6 9 5 2 3 0 0 2 7 9 9 6 9 7 5 0 9 2 6 3 4 3 6 6 7 1 6 5 6 7 8 0 0 7 2 5 3 9 0 3 7 8 8 6 6 8 6 9 3 1 7 5 0 0 8 3 2 6 3 5 8 4 3 2 2 5 3 1 6 4 6 7 5 3 6 9 6 7 1 8 1 7 8 6 0 9 4 3 1 1 1 0 0 9 2 5 4 0 3 1 0 4 3 0 9 4 6 0 4 0 3 8 2 6 7 0 1 4 8 5 2 2 7 6 5 5 9 2 0 4 4 8 7 4 4 9 4 8 7 9 8 6 4 6 9 9 6 0 9 7 8 0 5 0 3 9 8 5 2 9 1 9 7 8 4 4 4 6 5 4 1 9 3 1 3 2 9 4 8 5 5 4 2 2 3 1 5 3 0 0 6 7 1 5 7 0 5 6 0 0 0 9 8 4 9 2 5 3 1 9 8 8 8 7 8 5 0 9 9 4 4 0 5 7 9 9 7 4 3 2 6 2 0 2 7 8 3 7 7 3 6,d89eeb4b56cfc5ce97516f2ea886f126d418da5ce79225a5bd7ac4e7d12590f4
primary,1,12013,3,0.8551532033426184,5 4 0 1 6 9 9 1 0 6 4 3 1 1 7 0 8 9 0 8 0 3 1 6 9 5 7 4 1 9 8 9 8 3 4 3 3 6 1 6 5 4 4 5 4 9 8 9 9 8 1 7 9 0 4 7 9 9 0 5 8 7 6 2 2 4 3 1 1 3 2 7 3 6 1 7 5 8 6 2 7 1 2 2 2 3 4 0 3 7 8 4 7 2 2 6 3 8 1 9 2 8 0 7 1 6 1 4 7 5 1 2 9 4 5 4 5 3 6 3 5 2 3 0 0 2 7 9 9 6 9 7 5 0 9 2 6 3 4 3 6 6 7 2 6 9 6 7 8 0 0 7 2 5 3 9 0 3 7 8 8 8 6 8 6 9 3 1 7 5 0 0 8 3 1 6 3 5 8 4 3 2 2 5 3 8 6 4 6 7 5 3 6 9 6 7 1 8 1 7 8 6 0 9 4 3 1 1 1 0 0 9 2 5 4 0 3 1 5 4 9 0 9 4 6 0 4 0 3 8 2 6 7 0 1 4 8 7 2 1 7 6 5 5 9 2 0 4 4 8 7 4 4 9 4 8 7 9 8 6 4 6 9 9 6 0 9 7 8 0 5 0 3 9 7 5 2 3 1 9 7 8 7 4 4 6 5 4 1 1 3 1 3 2 9 4 8 9 5 4 2 2 3 1 5 3 0 0 6 7 1 5 7 0 5 6 0 0 0 9 5 4 7 2 5 3 1 9 8 8 8 7 8 5 0 9 9 7 4 0 5 7 9 9 7 4 9 2 6 2 0 2 7 8 3 7 7 1 6,c4466b42be3657fe04e7dc34ace376d3723e0afff75513d05115c2e9f376d37a
primary,1,12013,4,0.8690807799442897,5 4 0 1 6 9 9 2 0 6 1 3 1 1 7 0 8 9 5 8 0 3 1 6 5 5 7 4 1 9 8 9 8 3 4 3 3 6 1 6 5 4 4 5 4 9 8 9 9 8 1 7 9 0 4 7 7 3 0 5 8 7 6 2 2 4 3 1 1 3 2 7 9 6 1 7 5 8 6 2 7 1 2 2 2 3 4 0 2 7 1 4 7 2 2 6 3 8 1 9 2 8 0 7 1 6 1 4 7 5 1 2 1 4 5 4 5 3 6 3 5 2 3 0 0 2 7 9 9 6 9 7 5 0 9 2 6 3 4 3 6 6 7 2 6 5 6 7 8 0 0 7 2 5 3 9 0 3 7 8 8 8 6 8 6 9 3 9 7 5 0 0 7 3 1 6 3 5 8 4 3 2 2 5 5 1 6 4 6 7 5 0 6 9 6 7 1 1 1 7 8 6 0 9 4 3 1 1 1 0 0 9 2 5 4 0 3 1 5 4 9 0 9 4 6 0 4 0 3 8 2 6 7 0 1 4 8 7 2 2 7 6 5 5 9 2 0 4 4 8 7 4 7 8 4 7 7 9 8 6 4 6 9 9 6 0 9 7 8 0 5 0 3 9 7 5 2 3 1 9 7 8 7 4 4 6 5 4 1 1 3 1 3 2 9 4 8 9 5 4 2 2 9 1 5 3 0 0 6 7 1 5 7 0 5 6 0 0 0 1 5 4 7 2 5 3 1 9 8 8 8 7 8 5 0 9 9 7 4 0 5 7 9 9 7 4 3 2 6 2 0 2 7 8 3 7 7 1 6,2941f6bc726278db8362524d111204daf9e30981bd21e9152f5564b808e431c5
primary,1,12013,5,0.8997214484679665,5 4 0 1 6 9 9 2 0 6 1 3 1 1 7 0 8 9 5 8 0 3 1 6 5 5 8 4 1 9 8 9 8 3 4 3 3 6 1 6 5 4 4 5 4 9 1 9 9 8 1 7 9 0 4 7 8 3 0 5 1 7 6 2 1 4 3 1 1 3 2 7 9 6 1 7 5 8 6 2 7 1 2 2 2 3 4 0 2 7 1 4 7 2 2 6 3 1 1 9 2 8 0 7 1 6 1 4 7 5 1 2 1 4 5 4 5 3 6 3 5 2 3 0 0 2 7 3 9 6 9 7 5 0 9 2 6 3 4 3 6 6 7 1 6 5 6 7 8 0 0 7 2 5 3 9 0 3 7 8 1 8 6 8 6 3 3 1 7 5 0 0 7 3 1 6 3 5 8 4 3 2 2 5 3 8 6 4 6 7 5 0 6 9 6 7 1 1 1 7 8 6 0 9 4 3 1 1 1 0 0 9 2 5 4 0 3 1 5 4 9 0 9 4 6 0 4 0 3 8 2 6 7 0 1 4 8 7 2 2 7 6 5 5 9 2 0 4 4 8 7 4 7 8 4 2 7 9 8 6 4 6 9 9 6 0 9 1 8 0 5 0 3 9 7 5 2 3 1 9 7 8 7 4 4 6 5 4 1 1 3 1 3 2 9 4 8 9 5 4 2 2 9 1 5 3 0 0 6 7 1 5 7 0 5 6 0 0 0 1 8 4 7 2 5 3 1 9 8 8 8 7 8 5 0 9 9 7 4 0 5 7 9 9 7 4 3 2 6 2 0 2 7 8 3 7 7 1 6,a7112b49a15e7a17e99dc0155bc500e4d03b95555d03cb1bd0521b2c165f8d03
primary,1,12014,1,0.5710306406685237,6 4 0 1 6 3 8 1 6 5 6 3 1 8 7 0 2 8 6 8 0 8 8 6 3 6 7 4 7 3 2 3 2 3 4 3 3 6 1 6 5 4 4 8 4 8 8 3 8 5 2 7 3 0 4 7 2 3 0 5 8 1 6 6 2 4 3 1 7 5 2 8 3 6 7 2 2 3 6 2 5 2 2 2 2 3 0 0 5 7 5 4 2 2 2 6 3 2 1 3 2 8 0 7 8 6 1 4 8 6 1 2 4 4 2 4 6 3 6 3 7 2 3 6 0 2 7 2 8 6 6 5 5 0 3 2 4 3 4 3 6 6 4 2 6 3 6 5 8 0 0 3 2 2 3 2 0 3 7 2 8 2 6 8 6 3 3 0 7 6 0 0 7 3 6 6 3 2 8 4 3 5 8 3 5 2 6 4 6 2 2 3 6 3 6 5 1 8 1 2 8 6 0 0 4 3 6 1 1 0 0 3 2 2 6 0 3 2 8 4 5 0 3 4 6 6 4 0 3 2 2 6 2 0 1 4 5 4 2 2 2 6 2 5 8 2 0 4 4 2 7 4 4 5 4 2 7 3 5 6 6 6 3 8 6 0 3 7 2 0 3 0 3 3 8 7 2 3 7 3 8 8 4 4 4 6 6 8 2 1 3 1 3 5 3 4 6 9 9 4 2 2 3 7 3 3 0 0 6 7 1 6 7 0 3 6 0 0 0 6 8 4 9 2 3 3 7 3 2 8 8 7 8 2 0 3 2 4 4 0 6 5 0 3 2 6 3 2 6 2 0 2 7 8 3 5 7 5 6,8f39e3eea909990d6a80b7963362e7c8e8b404b12e851800683b7d4238e5faf7
primary,1,12014,2,0.8189415041782729,5 4 0 1 6 3 8 8 0 5 6 3 1 1 8 0 2 5 8 8 0 9 1 6 3 5 7 4 1 3 6 3 8 3 4 3 3 6 1 6 5 4 4 8 4 9 8 8 0 8 2 7 3 0 4 7 8 3 0 5 8 7 6 2 1 4 3 1 1 3 2 7 9 6 1 7 5 7 6 2 7 2 2 2 2 3 4 0 8 7 8 4 7 2 2 6 3 2 1 9 8 8 0 1 1 6 1 4 7 5 1 2 1 4 5 4 5 3 6 3 5 2 3 0 0 2 7 3 9 6 5 7 5 0 9 2 6 3 4 3 6 6 7 1 6 5 6 7 8 0 0 7 2 5 3 9 0 3 7 7 8 8 6 8 6 3 3 1 7 5 0 0 7 3 1 6 3 5 8 4 3 2 2 5 5 1 6 4 6 7 5 0 6 5 6 7 1 8 1 7 8 6 0 9 4 3 6 1 1 0 0 3 2 5 4 0 3 1 9 4 3 0 3 4 6 6 4 0 3 8 2 6 7 0 1 4 8 7 2 2 7 6 5 6 3 2 0 4 4 8 7 4 4 5 4 2 7 3 8 6 4 6 3 3 6 0 9 7 2 0 5 0 3 9 7 5 2 3 1 3 8 8 4 4 4 6 5 4 1 1 3 1 3 2 9 4 8 9 5 4 2 2 3 1 5 3 0 0 6 7 1 5 7 0 5 6 0 0 0 1 8 4 9 2 5 3 1 0 8 8 5 7 8 5 0 5 8 7 4 0 5 5 0 9 7 4 3 2 6 2 0 2 7 8 3 5 7 5 6,0e302cf86192ea35789fb1426ce493b81d5875f577290754048879558aab6728
primary,1,12014,3,0.9164345403899722,5 4 0 1 6 9 8 2 0 2 6 3 1 1 7 0 8 5 5 8 0 9 1 6 5 5 3 4 1 9 8 9 8 3 4 3 3 6 1 6 5 4 4 8 4 9 8 9 9 8 8 7 3 0 4 7 8 9 0 5 8 7 6 2 1 4 3 1 1 3 2 7 9 6 1 7 5 7 6 2 7 2 2 2 2 3 4 0 8 7 8 4 7 2 2 6 3 2 1 9 2 8 0 5 1 6 1 4 7 5 1 2 9 4 5 4 5 3 6 3 5 2 3 0 0 2 7 8 9 6 9 7 5 0 9 2 6 3 4 3 6 6 4 1 6 5 6 7 8 0 0 7 2 5 3 9 0 3 7 8 8 2 6 8 6 3 3 1 7 5 0 0 7 3 1 6 3 5 8 4 3 2 2 5 5 8 6 4 6 7 5 0 6 3 6 7 1 8 1 7 8 6 0 9 4 3 2 1 1 0 0 9 2 5 4 0 3 1 5 4 9 0 9 4 6 6 4 0 3 8 2 6 7 0 1 4 8 7 2 2 7 6 5 5 9 2 0 4 4 8 7 4 7 8 4 2 7 9 8 6 4 6 9 9 6 0 9 7 8 0 5 0 3 9 7 5 2 9 1 9 8 8 4 4 4 6 5 4 1 1 3 1 3 2 9 4 8 9 5 4 2 2 9 1 5 3 0 0 6 7 1 5 7 0 5 6 0 0 0 8 8 4 9 2 5 3 1 9 8 8 8 7 8 5 0 5 8 7 4 0 5 7 0 9 7 4 3 2 6 2 0 2 7 8 3 7 7 5 6,0e6afc675a54504ac9b0a7ceb2fe9ea6a71b99ef3aff3c222e4c7f90f92e6a58
primary,1,12014,4,0.9136490250696379,5 4 0 1 6 9 8 2 4 8 6 3 1 1 7 0 8 8 5 8 0 9 1 6 3 5 3 4 1 3 8 9 8 3 4 3 3 6 1 6 5 4 4 5 4 9 8 9 9 8 1 7 3 0 4 7 8 9 0 5 1 7 6 2 1 4 3 1 1 3 2 7 9 6 1 7 5 9 6 2 7 1 2 2 2 3 4 0 8 7 8 4 7 2 2 6 3 2 1 9 2 8 0 5 1 6 1 4 7 5 1 2 9 4 5 4 5 3 6 3 5 2 3 0 0 2 7 3 9 6 9 7 5 0 9 2 6 3 4 3 6 6 4 1 6 5 6 7 8 0 0 7 2 5 3 9 0 3 7 8 8 8 6 8 6 3 3 1 7 5 0 0 8 3 1 6 3 5 8 4 3 2 2 5 5 1 6 4 6 5 5 0 6 9 6 7 1 8 1 7 8 6 0 9 4 3 1 1 1 0 0 9 2 5 4 0 3 1 5 4 9 0 9 4 6 6 4 0 3 8 2 6 7 0 1 4 8 7 2 2 7 6 5 5 9 2 0 4 4 8 7 4 4 8 4 2 7 9 8 6 4 6 9 9 6 0 9 7 8 0 5 0 3 9 7 5 2 2 1 9 7 8 7 4 4 6 5 4 1 1 3 1 3 2 9 4 8 9 5 4 2 2 9 1 5 3 0 0 6 7 1 5 7 0 5 6 0 0 0 8 8 4 9 2 5 9 1 9 8 8 8 7 8 5 0 9 8 7 4 0 5 7 9 9 7 4 3 2 6 2 0 2 7 8 3 7 7 8 6,84c675b7f33125ddd3748848174c381792229ed84b0e6c45a259aa856316e4a3
primary,1,12014,5,0.9303621169916435,5 4 0 1 6 9 9 2 0 6 6 3 1 1 7 0 8 8 5 8 0 9 1 6 5 5 3 4 1 9 8 9 8 3 4 3 3 6 1 6 5 4 4 5 4 9 1 9 9 8 8 7 3 0 4 7 8 9 0 5 1 7 6 2 1 4 3 1 1 3 2 7 9 6 1 7 5 9 6 2 7 2 2 2 2 3 4 0 2 7 8 4 7 2 2 6 3 2 1 9 2 8 0 7 1 6 1 4 7 5 1 2 9 4 5 4 5 3 6 3 5 2 3 0 0 2 7 8 9 6 9 7 5 0 9 2 6 3 4 3 6 6 7 1 6 5 6 7 8 0 0 7 2 5 3 9 0 3 7 8 8 8 6 8 6 3 3 1 7 5 0 0 8 3 1 6 3 5 8 4 3 2 2 5 5 8 6 4 6 7 5 0 6 9 6 7 1 1 1 7 8 6 0 9 4 3 1 1 1 0 0 9 2 5 4 0 3 1 5 4 9 0 9 4 6 6 4 0 3 8 2 6 7 0 1 4 8 7 2 2 7 6 5 5 9 2 0 4 4 8 7 4 4 8 4 2 7 9 8 6 4 6 9 9 6 0 9 7 8 0 5 0 3 9 7 5 2 2 1 9 7 8 7 4 4 6 5 4 1 1 3 1 3 2 9 4 8 5 5 4 2 2 9 1 5 3 0 0 6 7 1 5 7 0 5 6 0 0 0 1 8 4 9 2 5 3 1 9 8 8 5 7 8 5 0 9 8 7 4 0 5 7 9 9 7 4 3 2 6 2 0 2 7 8 3 7 7 8 6,6d81683da7ec9826ec3b98b2bc2ef8240dbd62bd84b6c3ec6f0c43fe10af8281
primary,1,12015,1,0.479108635097493,0 4 0 3 0 0 5 2 0 7 6 3 1 1 2 0 8 1 4 8 0 3 1 6 0 5 2 1 1 8 8 9 2 3 1 3 3 0 1 0 7 4 4 1 4 3 3 9 9 1 2 3 1 0 1 8 1 3 0 3 2 4 6 2 2 1 3 2 3 3 2 7 3 7 1 8 7 4 6 2 1 4 2 2 3 3 4 0 3 4 1 1 1 3 3 0 3 3 4 9 2 3 0 1 1 0 1 1 4 5 1 2 4 1 3 6 5 3 0 3 7 2 3 0 0 2 4 3 9 6 3 8 6 0 3 2 1 9 4 3 0 6 4 0 6 7 8 8 2 0 0 4 2 7 3 3 0 3 4 7 2 3 6 2 6 3 3 4 2 6 0 0 1 3 1 6 3 7 3 4 3 2 2 3 3 1 6 1 1 1 6 3 6 0 0 4 8 3 1 4 5 8 0 3 4 9 2 1 1 0 0 9 2 6 1 0 3 1 6 1 2 0 3 1 6 0 4 0 3 3 2 6 3 0 4 4 3 1 2 1 4 6 2 8 3 2 0 4 4 8 4 4 1 7 0 8 1 9 6 6 1 0 0 3 0 0 3 7 8 0 0 0 3 3 2 6 2 0 1 3 7 8 1 1 1 6 7 6 2 4 3 1 3 2 0 4 5 1 9 1 2 2 3 1 6 3 0 0 6 1 1 1 4 0 9 6 0 0 4 1 5 1 1 0 7 3 1 9 6 8 1 7 2 5 0 0 3 1 4 0 5 4 1 3 1 4 3 2 6 2 0 0 7 1 3 4 7 3 0,2f2fabd01eee80c12d2c52f6884e63207f244bbfc8d02a8464022238f2a100d8
primary,1,12015,2,0.8022284122562674,5 4 0 1 6 9 3 2 0 6 6 3 1 1 7 0 8 8 9 8 0 3 1 6 9 5 2 4 1 9 8 9 8 3 4 3 3 6 1 6 5 4 4 6 4 9 1 9 9 1 1 7 0 0 4 7 1 9 0 3 2 7 6 2 2 4 3 1 1 3 2 7 9 6 1 7 5 9 6 2 7 8 2 2 2 3 4 0 2 7 1 4 7 2 2 6 3 8 1 9 2 3 0 9 1 6 1 4 7 5 1 2 1 4 3 4 5 3 6 3 7 2 3 0 0 2 7 9 9 6 3 7 5 0 9 2 6 9 4 3 6 6 7 1 6 9 6 7 2 0 0 7 2 5 3 9 0 3 7 7 2 8 6 2 6 3 3 0 7 5 0 0 7 3 2 6 3 5 3 4 3 2 2 5 3 2 6 4 6 7 5 3 6 9 6 7 1 1 1 4 5 6 0 9 4 3 2 1 1 0 0 9 2 5 1 0 3 1 0 4 9 0 9 4 6 0 4 0 3 7 2 6 7 0 1 4 8 7 2 2 4 6 2 5 9 2 0 4 4 2 7 4 7 3 4 2 7 9 8 6 4 6 9 9 6 0 9 1 8 0 3 0 3 3 7 5 2 0 1 3 7 2 7 4 4 6 5 4 2 1 3 1 3 2 9 4 9 9 5 4 2 2 9 1 5 3 0 0 6 7 1 8 7 0 9 6 0 0 0 1 7 4 1 0 5 3 1 9 8 8 2 7 8 5 0 9 9 7 4 0 5 7 9 9 7 4 3 2 6 2 0 2 7 2 3 7 7 1 6,1d50043fbaa6964cb20348d308000e1b856af207533e673ff9fdd38f0132a89c
primary,1,12015,3,0.8551532033426184,5 4 0 1 6 9 9 2 0 6 6 3 1 1 7 0 8 9 4 8 0 3 1 6 9 5 2 4 1 9 8 9 8 3 4 3 3 6 1 6 5 4 4 1 4 9 1 9 9 1 2 7 3 0 4 7 8 9 0 5 1 7 6 2 1 4 3 1 1 3 2 7 9 6 1 7 5 5 6 2 7 1 2 2 2 3 4 0 2 7 1 4 7 2 2 6 3 4 1 9 2 8 0 7 1 6 1 4 7 5 1 2 9 4 5 4 5 3 6 3 5 2 3 0 0 2 7 9 9 6 9 7 5 0 9 2 6 9 4 3 6 6 7 6 6 5 6 7 2 0 0 7 2 5 3 9 0 3 7 8 1 8 6 2 6 3 3 0 7 5 0 0 7 3 2 6 3 5 3 4 3 2 2 5 3 1 6 4 6 7 5 0 6 9 6 7 1 1 1 7 8 6 0 9 4 3 2 1 1 0 0 9 2 5 1 0 3 1 9 4 9 0 9 4 6 0 4 0 3 7 2 6 7 0 1 4 8 7 2 2 7 6 5 5 9 2 0 4 4 7 7 4 7 3 4 2 7 9 8 6 4 6 9 9 6 0 9 7 8 0 5 0 3 3 7 5 2 3 1 3 7 8 7 4 4 6 5 4 1 1 3 1 3 2 9 4 8 9 5 1 2 2 9 1 5 3 0 0 6 7 1 5 7 0 5 6 0 0 0 1 7 4 9 2 5 9 1 9 8 8 8 7 8 5 0 9 9 7 4 0 5 7 9 9 7 4 3 2 6 2 0 2 7 2 3 7 7 1 6,360e2d29cdf056721bbd9ac3932b34e0b66c7d8e4f4e235c0fa424e224dc7aa9
primary,1,12015,4,0.8885793871866295,5 4 0 1 6 9 9 2 0 6 6 3 1 1 7 0 8 9 5 8 0 3 1 6 5 5 7 4 1 9 8 9 8 3 4 3 3 6 1 6 5 4 4 6 4 9 8 9 9 8 8 7 3 0 4 7 8 9 0 5 8 7 6 2 2 4 3 1 1 3 2 7 9 6 1 7 5 9 6 2 7 1 2 2 2 3 4 0 2 7 1 4 7 2 2 6 3 4 1 9 2 8 0 9 1 6 1 4 7 5 1 2 9 4 5 4 5 3 6 3 5 2 3 0 0 2 7 9 9 6 9 7 5 0 9 2 6 9 4 3 6 6 7 1 6 5 6 7 8 0 0 7 2 5 3 9 0 3 7 8 8 8 6 2 6 3 3 4 7 5 0 0 7 3 2 6 3 5 3 4 3 2 2 5 3 8 6 4 6 7 5 3 6 9 6 7 1 1 1 7 8 6 0 9 4 3 2 1 1 0 0 9 2 5 4 0 3 1 5 4 9 0 9 4 6 0 4 0 3 7 2 6 7 0 1 4 8 7 2 2 7 6 5 5 9 2 0 4 4 8 7 4 7 9 4 2 7 9 8 6 4 6 9 9 6 0 9 7 8 0 5 0 3 9 7 5 2 0 1 9 7 8 7 4 4 6 5 4 1 9 3 1 3 2 9 4 8 9 5 4 2 2 9 1 5 3 0 0 6 7 1 5 7 0 5 6 0 0 0 1 7 4 9 2 5 3 1 9 8 8 8 7 8 5 0 9 9 7 4 0 5 7 9 9 7 4 3 2 6 2 0 2 7 2 3 7 7 3 6,92f70998ed344b44f0f6748b1c6d32c30250fef1f1dd3565bbe12fa0bb828bed
primary,1,12015,5,0.8941504178272981,5 4 0 1 6 9 9 2 0 6 6 3 1 1 7 0 8 9 5 8 0 3 1 6 5 5 2 4 1 9 8 9 8 3 4 3 3 6 1 6 5 4 4 5 4 9 8 9 9 8 2 7 3 0 4 7 8 9 0 5 8 7 6 2 2 4 3 1 1 3 2 7 9 6 1 7 5 5 6 2 7 8 2 2 2 3 4 0 2 7 1 4 7 2 2 6 3 8 1 9 2 8 0 7 1 6 1 4 7 5 1 2 9 4 5 4 5 3 6 3 5 2 3 0 0 2 7 9 9 6 9 7 5 0 9 2 6 3 4 3 6 6 7 1 6 5 6 7 8 0 0 7 2 5 3 9 0 3 7 8 8 8 6 2 6 3 3 4 7 5 0 0 7 3 1 6 3 5 3 4 3 2 2 5 3 1 6 4 6 7 5 3 6 9 6 7 1 1 1 7 8 6 0 9 4 3 2 1 1 0 0 9 2 5 4 0 3 1 5 4 9 0 9 4 6 0 4 0 3 8 2 6 7 0 1 4 8 7 2 2 7 6 5 5 9 2 0 4 4 8 7 4 7 8 4 2 7 9 8 6 4 6 9 9 6 0 9 7 8 0 5 0 3 9 7 5 2 3 1 9 7 8 7 4 4 6 5 4 1 9 3 1 3 2 9 4 8 9 5 4 2 2 9 1 5 3 0 0 6 7 1 5 7 0 5 6 0 0 0 1 8 4 9 2 5 3 1 9 8 8 8 7 8 5 0 9 9 7 4 0 5 7 9 9 7 4 3 2 6 2 0 2 7 2 3 7 7 3 6,a130a49bab763b174ba39d3ca19e3ce70a1908957775de7a8beb9972cd295271
primary,1,12016,1,0.6072423398328691,5 1 0 1 6 9 3 5 5 6 1 3 1 1 1 0 8 3 5 2 0 9 1 6 6 5 1 4 1 9 8 5 1 3 4 6 3 6 1 6 9 1 4 5 4 5 1 5 3 1 1 6 3 0 4 7 5 1 0 1 1 5 6 6 2 6 3 1 1 3 5 7 5 6 1 7 2 7 6 2 2 7 2 2 2 8 7 5 7 5 1 4 7 9 2 6 3 1 1 5 2 8 0 2 1 6 1 0 7 5 1 5 1 4 9 4 5 9 6 3 5 2 9 0 0 2 5 8 5 6 5 3 5 0 5 2 6 9 4 1 6 6 5 2 6 5 6 3 8 0 0 7 2 5 3 2 0 8 7 1 1 3 6 5 6 3 9 3 5 5 0 0 5 3 1 6 9 9 8 1 2 2 5 5 1 1 6 4 6 2 2 9 6 9 6 7 1 1 1 7 5 6 0 9 4 9 1 1 1 0 0 3 2 5 6 0 5 8 5 4 1 6 3 4 6 9 1 0 3 1 2 6 6 0 1 4 8 7 2 2 7 6 2 5 9 2 0 4 4 5 3 4 5 9 4 7 3 5 2 6 4 6 9 1 6 0 9 1 8 0 5 0 3 1 5 5 2 9 1 5 5 2 1 4 4 6 5 4 2 1 5 1 1 2 9 6 6 5 5 6 2 2 9 1 5 3 0 0 6 7 1 5 3 0 9 6 0 0 0 1 2 4 1 3 5 2 1 9 5 8 1 3 8 5 0 9 9 7 4 0 5 2 9 9 7 1 3 2 0 2 0 2 1 1 8 7 7 1 6,a5637fb9b788c18a57806ff4180cc46fad6949753b593b59a78a6a23a73c7ab6
primary,1,12016,2,0.8356545961002786,5 9 0 1 6 9 3 8 0 6 6 3 1 1 7 0 8 3 5 8 0 3 1 6 9 5 8 4 1 9 8 9 8 3 4 3 3 6 1 6 5 4 4 5 4 9 8 9 3 7 1 7 3 0 4 7 1 3 0 1 1 7 6 2 1 4 3 1 1 3 2 7 3 6 1 7 5 7 6 2 7 7 2 2 2 3 4 0 7 7 1 4 7 2 2 6 3 1 1 9 2 8 0 7 1 6 1 4 7 5 1 2 9 4 9 4 5 3 6 3 5 2 3 0 0 2 7 3 9 6 9 7 5 0 9 2 6 9 4 3 6 6 7 2 6 9 6 7 8 0 0 7 2 5 3 3 0 3 7 1 1 8 6 7 6 3 3 1 7 5 0 0 1 3 1 6 3 9 8 4 3 2 2 5 5 2 6 4 6 7 5 3 6 9 6 7 1 1 1 7 7 6 0 9 4 9 1 1 1 0 0 9 2 5 4 0 3 1 9 4 5 0 9 4 6 9 4 0 3 7 2 6 7 0 1 4 8 7 2 2 7 6 5 5 9 2 0 4 4 8 7 4 4 5 4 7 7 9 8 6 4 6 9 9 6 0 3 1 8 0 9 0 3 3 7 5 2 9 1 9 7 8 4 4 4 6 5 4 1 1 3 1 3 2 9 4 5 9 5 4 2 2 9 1 5 3 0 0 6 7 1 5 7 0 5 6 0 0 0 1 5 4 9 2 5 3 1 9 8 8 8 7 8 5 0 9 3 7 4 0 5 7 9 9 7 4 3 2 0 2 0 2 7 8 3 7 7 1 6,11837e5cd73bde46600149e9a32699082a0031159ed4b32689d0600b064d0d3e
primary,1,12016,3,0.8607242339832869,5 4 0 1 6 9 3 2 6 6 6 3 1 1 7 0 8 3 5 8 0 3 1 6 5 5 7 4 1 9 8 9 8 3 4 3 3 6 1 6 5 4 4 5 4 9 8 9 9 7 2 7 3 0 4 7 7 3 0 5 1 7 6 2 1 4 3 1 1 3 2 7 3 6 1 7 5 7 6 2 7 1 2 2 2 3 4 0 2 7 1 4 7 2 2 6 3 7 1 9 2 8 0 7 1 6 1 4 7 5 1 2 9 4 9 4 5 3 6 3 5 2 3 0 0 2 7 3 9 6 9 7 5 0 9 2 6 9 4 3 6 6 7 1 6 9 6 7 8 0 0 7 2 5 3 9 0 3 7 8 7 8 6 7 6 3 3 1 7 5 0 0 7 3 1 6 3 5 8 4 3 2 2 5 5 2 6 4 6 7 5 0 6 9 6 7 1 1 1 7 7 6 0 9 4 3 2 1 1 0 0 9 2 5 4 0 3 1 5 4 9 0 9 4 6 0 4 0 3 7 2 6 7 0 1 4 8 7 2 2 7 6 5 5 9 2 0 4 4 2 7 4 7 3 4 7 7 9 8 6 4 6 9 9 6 0 9 7 8 0 5 0 3 9 7 5 2 2 1 9 7 8 7 4 4 6 7 4 1 1 3 1 3 2 9 4 8 9 5 4 2 2 9 1 5 3 0 0 6 7 1 5 7 0 5 6 0 0 0 1 2 4 7 2 5 9 1 9 8 8 8 7 8 5 0 9 9 7 4 0 5 7 9 9 7 4 3 2 6 2 0 2 7 8 3 7 7 1 6,406c0c4af4b2eef171f291157a13507399d6484d7ad68e7fcbcc317249aa8cb6
primary,1,12016,4,0.8969359331476323,5 4 0 1 6 9 9 2 0 6 6 3 1 1 7 0 8 3 5 8 0 3 1 6 9 5 1 4 1 9 8 9 8 3 4 3 3 6 1 6 5 4 4 5 4 9 8 9 9 1 1 7 3 0 4 7 7 3 0 5 1 7 6 2 1 4 3 1 1 3 2 7 9 6 1 7 5 7 6 2 7 1 2 2 2 3 4 0 2 7 1 4 7 2 2 6 3 2 1 9 2 8 0 7 1 6 1 4 7 5 1 2 9 4 5 4 5 3 6 3 5 2 3 0 0 2 7 3 9 6 9 7 5 0 9 2 6 3 4 3 6 6 7 1 6 5 6 7 8 0 0 7 2 5 3 9 0 3 7 8 1 8 6 8 6 3 3 1 7 5 0 0 7 3 1 6 3 5 8 4 3 2 2 5 1 1 6 4 6 7 5 3 6 5 6 7 1 1 1 7 8 6 0 9 4 3 1 1 1 0 0 9 2 5 4 0 3 1 5 4 9 0 9 4 6 0 4 0 3 7 2 6 7 0 1 4 8 7 2 2 7 6 5 5 9 2 0 4 4 8 7 4 7 3 4 2 7 9 8 6 4 6 9 9 6 0 9 7 8 0 5 0 3 9 7 5 2 9 1 9 7 8 7 4 4 6 5 4 1 1 3 1 3 2 9 4 8 9 5 4 2 2 9 1 5 3 0 0 6 7 1 5 7 0 5 6 0 0 0 1 5 4 7 2 5 3 1 9 8 8 8 7 8 5 0 9 9 7 4 0 5 7 9 9 7 4 3 2 6 2 0 2 7 8 3 7 7 1 6,8b9c94f5879b2386f17805ee1f020fad47c56ad977aefe95851f4d22c7e174b1
primary,1,12016,5,0.8913649025069638,5 4 0 1 6 9 9 2 6 6 6 3 1 1 7 0 8 3 5 8 0 3 1 6 5 5 1 4 1 9 8 9 8 3 4 3 3 6 1 6 5 4 4 5 4 9 1 9 9 1 2 7 3 0 4 7 8 3 0 5 1 7 6 2 1 4 3 1 1 3 2 7 3 6 1 7 5 7 6 2 7 1 2 2 2 3 4 0 2 7 1 4 7 2 2 6 3 1 1 9 2 8 0 7 1 6 1 4 7 5 1 2 9 4 5 4 5 3 6 3 5 2 3 0 0 2 7 3 9 6 9 7 5 0 9 2 6 3 4 3 6 6 7 1 6 5 6 7 8 0 0 7 2 5 3 9 0 3 7 8 1 8 6 8 6 3 3 1 7 5 0 0 7 3 1 6 3 5 8 4 3 2 2 5 5 1 6 4 6 7 5 0 6 5 6 7 1 1 1 7 7 6 0 9 4 3 1 1 1 0 0 9 2 5 4 0 3 1 5 4 9 0 9 4 6 0 4 0 3 7 2 6 7 0 1 4 8 7 2 2 7 6 5 5 9 2 0 4 4 8 7 4 7 3 4 2 7 9 8 6 4 6 9 9 6 0 9 7 8 0 5 0 3 9 7 5 2 2 1 9 7 8 7 4 4 6 5 4 1 1 3 1 3 2 9 4 8 9 5 4 2 2 9 1 5 3 0 0 6 7 1 5 7 0 5 6 0 0 0 1 7 4 7 2 5 3 1 9 8 8 8 7 8 5 0 5 3 7 4 0 5 7 9 9 7 4 3 2 6 2 0 2 7 8 3 7 7 1 6,39a180cc45344af6efff1507c787a2dad03441e7f1d6929c6b8f6ee47b182e64
primary,1,12017,1,0.5933147632311978,5 9 0 2 6 9 9 3 0 2 1 3 4 2 7 0 1 9 5 8 0 9 2 6 2 5 3 1 2 2 1 9 8 3 4 3 3 6 2 6 5 4 7 5 4 9 3 3 9 7 2 7 2 5 3 7 2 9 0 5 7 7 6 2 2 1 3 1 1 3 2 7 0 6 2 8 5 8 6 2 6 7 3 3 3 3 8 0 2 7 5 7 7 8 3 6 3 0 1 9 2 1 5 9 1 6 0 7 7 5 4 2 9 7 5 7 5 3 6 3 2 2 3 0 9 2 7 3 9 6 9 7 5 0 9 3 6 9 4 3 6 6 9 2 6 5 2 7 8 0 0 8 2 5 3 9 0 3 7 1 7 6 6 4 3 3 3 1 7 5 0 0 5 3 2 6 3 5 9 7 3 3 2 5 3 4 6 4 6 5 5 3 6 2 6 7 1 2 9 3 5 6 7 0 4 3 2 2 2 2 5 9 2 5 1 0 3 1 5 7 9 7 9 7 6 3 9 0 3 7 0 6 7 0 1 7 3 7 2 2 7 6 5 5 1 8 0 7 4 8 7 7 7 3 7 2 7 9 3 5 3 6 9 9 6 7 9 7 6 0 9 0 3 9 7 5 2 7 2 9 7 3 7 1 7 1 5 7 2 1 3 1 3 2 9 1 3 1 5 1 2 2 9 2 5 3 0 7 6 1 5 5 6 0 5 6 3 0 7 9 2 4 7 1 5 3 4 1 8 6 1 1 3 5 0 2 3 7 4 0 5 7 1 9 7 1 3 2 4 2 0 3 7 3 3 7 7 9 6,d166e9ffb8dfe51b8394e38b9cf483c612c94ef4ff900de859c06364ffb07ee2
primary,1,12017,2,0.8245125348189415,5 4 0 1 6 9 9 2 0 2 1 3 1 1 7 0 1 9 5 8 0 9 1 6 9 5 3 4 1 9 1 9 8 3 4 3 3 6 1 6 5 4 4 5 4 9 1 9 9 8 2 7 9 0 4 7 2 9 0 5 1 7 6 2 2 4 3 1 1 3 2 7 9 6 2 7 5 3 6 2 7 1 2 2 2 3 4 0 2 7 5 4 7 2 2 6 3 7 1 9 2 1 0 9 1 6 1 4 7 5 1 2 9 4 5 4 5 3 6 3 5 2 3 0 0 2 7 3 9 6 9 7 5 0 9 2 6 9 4 3 6 6 7 2 6 5 6 7 8 0 0 7 2 5 3 9 0 3 7 1 7 1 6 2 6 3 3 1 7 5 0 0 8 3 2 6 3 5 3 4 3 2 2 5 9 8 6 4 6 5 5 3 6 5 6 7 1 1 1 7 8 6 0 9 4 3 2 1 1 0 5 9 2 5 4 0 3 1 5 4 9 6 9 4 6 9 4 0 3 8 2 6 7 0 1 4 2 7 2 2 7 6 5 5 9 2 0 7 4 8 7 4 7 3 4 2 7 9 8 6 4 6 9 9 6 0 9 7 1 0 5 0 3 9 2 5 2 9 1 9 7 8 7 4 4 6 5 7 2 1 3 1 3 2 9 4 3 5 5 4 2 2 9 1 5 3 0 0 6 1 1 5 7 0 5 6 0 0 0 9 7 4 7 2 5 3 1 9 3 8 1 7 1 5 0 9 9 7 4 0 5 7 9 9 7 4 3 2 4 2 0 2 7 3 3 7 7 9 6,4d7585db4891b606d769c09a7046e4520917f9abd0d10149fe713791d003c596
primary,1,12017,3,0.8579387186629527,5 4 0 1 6 9 9 2 0 6 1 3 1 1 7 0 8 9 5 8 0 3 1 6 5 5 3 4 1 3 1 9 8 3 4 3 3 6 1 6 5 4 4 5 4 9 1 9 9 2 1 7 3 0 4 7 8 9 0 5 1 7 6 2 2 4 3 1 1 3 2 7 3 6 1 7 5 8 6 2 7 7 2 2 2 3 4 0 2 7 5 4 7 2 2 6 3 7 1 9 2 1 0 9 1 6 1 4 7 5 1 2 9 4 5 4 5 3 6 3 5 2 3 0 0 2 7 3 9 6 9 7 5 0 9 2 6 3 4 3 6 6 7 2 6 5 6 7 8 0 0 7 2 5 3 9 0 3 7 8 8 1 6 8 6 3 3 1 7 5 0 0 8 3 1 6 3 5 8 4 3 2 2 5 3 1 6 4 6 7 5 3 6 5 6 7 1 1 1 7 8 6 0 9 4 3 2 1 1 0 0 9 2 5 4 0 3 1 5 4 3 0 9 4 6 9 4 0 3 8 2 6 7 0 1 4 3 7 2 2 7 6 5 5 9 2 0 7 4 8 7 4 7 3 4 2 7 9 8 6 4 6 9 9 6 0 9 7 1 0 5 0 3 3 7 5 2 3 1 9 7 8 7 4 4 6 5 4 2 9 3 1 3 2 9 4 3 5 5 4 2 2 9 1 5 3 0 0 6 7 1 5 7 0 5 6 0 0 0 1 2 4 7 2 5 3 1 9 8 8 8 7 8 5 0 9 3 7 4 0 5 7 0 9 7 4 3 2 4 2 0 2 7 3 3 7 7 3 6,0b3792ade103f09592c1983ebe25955ed0f7d5c0bd4f17effd9b7b74ba59e11a
primary,1,12017,4,0.883008356545961,5 4 0 1 6 9 9 2 0 6 1 3 1 1 7 0 8 9 5 8 0 9 1 6 5 5 8 4 1 9 8 9 8 3 4 3 3 6 1 6 5 4 4 5 4 9 1 9 9 8 1 7 3 0 4 7 8 9 0 5 8 7 6 2 1 4 3 1 1 3 2 7 3 6 1 7 5 8 6 2 7 1 2 2 2 3 4 0 2 7 8 4 7 2 2 6 3 4 1 9 2 1 0 7 1 6 1 4 7 5 1 2 9 4 5 4 5 3 6 3 5 2 3 0 0 2 7 3 9 6 9 7 5 0 9 2 6 3 4 3 6 6 7 2 6 5 6 7 8 0 0 7 2 5 3 9 0 3 7 8 8 6 6 8 6 3 3 1 7 5 0 0 8 3 1 6 3 5 8 4 3 2 2 5 3 8 6 4 6 5 5 3 6 5 6 7 1 1 1 7 8 6 0 9 4 3 1 1 1 0 0 9 2 5 4 0 3 1 5 4 9 0 9 4 6 0 4 0 3 8 2 6 8 0 1 4 3 7 2 2 7 6 5 5 9 2 0 7 4 8 7 4 7 3 4 2 7 9 8 6 4 6 9 9 6 0 9 7 8 0 5 0 3 3 7 5 2 3 1 9 7 8 7 4 4 6 5 4 1 1 3 1 3 2 9 4 8 5 5 4 2 2 9 1 5 3 0 0 6 7 1 5 7 0 5 6 0 0 0 8 7 4 7 2 5 3 1 9 8 8 8 7 8 5 0 9 8 7 4 0 5 7 0 9 7 4 3 2 4 2 0 2 7 8 3 7 7 3 6,f3c9e7273183e4995bf7d0a20eec08a6c7a691ac51065ee9bea8d0f014c402e5
primary,1,12017,5,0.8997214484679665,5 4 0 1 6 9 9 2 4 6 1 3 1 1 7 0 8 8 5 8 0 9 1 6 5 5 3 4 1 9 8 9 8 3 4 3 3 6 1 6 5 4 4 5 4 9 8 9 9 8 2 7 3 0 4 7 8 9 0 5 8 7 6 2 1 4 3 1 1 3 2 7 3 6 1 7 5 8 6 2 7 7 2 2 2 3 4 0 2 7 8 4 7 2 2 6 3 7 1 9 2 8 0 8 1 6 1 4 7 5 1 2 9 4 5 4 5 3 6 3 5 2 3 0 0 2 7 3 9 6 9 7 5 0 9 2 6 3 4 3 6 6 7 1 6 5 6 7 8 0 0 7 2 5 3 9 0 3 7 8 8 6 6 8 6 3 3 1 7 5 0 0 8 3 1 6 3 5 8 4 3 2 2 5 5 8 6 4 6 7 5 3 6 5 6 7 1 1 1 7 8 6 0 9 4 3 2 1 1 0 0 9 2 5 4 0 3 1 5 4 3 0 9 4 6 9 4 0 3 8 2 6 7 0 1 4 8 7 2 2 7 6 5 5 9 2 0 4 4 8 7 4 7 3 4 2 7 9 8 6 4 6 9 9 6 0 9 7 8 0 5 0 3 9 7 5 2 9 1 9 7 8 7 4 4 6 5 4 1 1 3 1 3 2 9 4 8 5 5 4 2 2 9 1 5 3 0 0 6 7 1 5 7 0 5 6 0 0 0 1 7 4 7 3 5 3 1 9 8 8 8 7 8 5 0 9 8 7 4 0 5 7 9 9 7 4 3 2 6 2 0 2 7 8 3 7 7 3 6,090192e90d592e45b62677be22273f99bdf4fd70eeb4e438eb599bad0cb07f4b
primary,1,12018,1,0.6100278551532033,0 4 0 8 0 9 9 2 0 2 8 3 5 8 8 0 3 4 0 8 0 0 5 6 5 8 8 4 1 5 4 9 8 3 4 2 3 6 1 2 5 4 4 3 4 9 8 9 9 2 1 1 0 0 4 7 8 9 0 8 2 7 6 2 2 4 3 1 7 5 2 7 9 3 1 8 5 7 6 2 7 2 2 2 2 5 4 0 2 7 8 4 4 2 2 2 3 4 4 0 2 6 0 4 8 2 8 4 7 5 2 2 4 4 5 4 5 3 6 3 8 2 3 0 0 2 4 0 9 2 9 8 8 4 9 2 6 9 4 3 6 6 4 2 6 9 5 3 3 0 0 7 2 5 3 5 0 3 7 1 7 4 6 8 4 3 3 5 7 9 0 0 7 0 2 2 3 7 8 4 3 2 2 8 8 2 6 4 5 7 5 3 6 9 2 7 6 8 7 4 7 6 4 2 4 3 2 8 1 4 0 9 2 8 4 0 2 1 9 4 2 0 9 4 6 0 4 0 3 8 2 2 4 0 4 4 8 5 2 2 4 6 2 0 9 2 0 7 4 8 7 4 8 2 4 8 7 9 0 2 4 6 9 9 4 0 9 7 3 0 9 0 3 0 7 8 2 0 1 9 7 2 4 4 4 6 5 4 2 3 3 5 3 2 3 4 2 3 5 4 2 2 3 5 8 3 0 0 6 7 1 0 7 0 9 6 9 0 4 8 8 4 2 2 8 3 1 9 5 0 8 7 8 0 0 9 0 4 4 0 5 7 9 9 7 4 3 2 4 2 4 2 7 9 3 7 5 8 6,07fe61ce000d3b56bc5ad5a1c18c1e3fee2a98cfe4e3a4717c04480c29dbce8f
primary,1,12018,2,0.8245125348189415,5 4 0 1 6 9 9 2 0 2 6 3 1 1 5 0 8 9 0 8 0 9 1 6 5 5 1 4 1 5 6 9 8 3 4 3 3 6 1 6 5 4 4 5 4 9 1 9 9 2 1 1 0 0 4 7 8 9 0 1 8 7 6 2 2 4 3 1 1 3 2 7 9 6 1 7 5 5 6 2 7 2 2 2 2 3 4 0 2 7 8 4 7 2 2 6 3 8 1 9 2 6 0 4 8 6 1 4 7 5 1 2 1 4 5 4 5 3 6 3 5 2 3 0 0 2 7 3 9 6 9 7 5 0 9 2 6 3 4 3 6 6 4 2 6 9 6 7 8 0 0 7 2 5 3 9 0 3 7 8 8 6 6 8 6 3 3 5 7 5 0 0 7 3 2 6 3 5 8 4 3 2 2 5 1 2 6 4 6 7 5 3 6 5 6 7 1 8 1 7 8 6 0 9 4 3 2 1 1 0 0 9 2 5 4 0 3 1 9 4 9 0 9 4 6 0 4 0 3 8 2 6 3 0 1 4 8 4 2 2 7 6 5 5 9 2 0 4 4 8 7 4 4 3 4 8 7 9 8 6 4 6 9 9 6 0 9 7 3 0 9 0 3 9 7 5 2 9 1 9 7 2 4 4 4 6 5 4 2 9 3 5 3 2 9 4 2 9 5 4 2 2 3 1 5 3 0 0 6 7 1 9 7 0 9 6 0 0 0 8 8 4 1 9 5 3 1 9 8 8 8 7 8 5 0 9 0 4 4 0 5 7 9 9 7 4 3 2 6 2 0 2 7 8 3 7 7 8 6,5dbf5d1d06477c737bbabb9022b3c029c6c7c6c0b8efdcd6a35c55fb4bc0ae6a
primary,1,12018,3,0.883008356545961,5 4 0 1 6 9 9 2 0 6 6 3 1 1 7 0 8 9 0 8 0 9 1 6 5 5 8 4 1 9 8 9 8 3 4 3 3 6 1 6 5 4 4 1 4 9 1 9 9 2 2 7 3 0 4 7 8 9 0 5 8 7 6 2 2 4 3 1 1 3 2 7 9 6 1 7 5 7 6 2 7 2 2 2 2 3 4 0 2 7 8 4 7 2 2 6 3 2 1 9 2 6 0 7 1 6 1 4 7 5 1 2 9 4 5 4 5 3 6 3 5 2 3 0 0 2 7 8 9 6 9 7 5 0 9 2 6 3 4 3 6 6 4 1 6 0 6 7 8 0 0 7 2 5 3 9 0 3 7 8 8 8 6 8 6 3 3 1 7 5 0 0 7 3 2 6 3 5 8 4 3 2 2 5 1 2 6 4 6 7 5 3 6 9 6 7 1 8 1 7 8 6 0 9 4 3 2 1 1 0 0 9 2 5 4 0 3 1 5 4 3 0 9 4 6 0 4 0 3 8 2 6 4 0 1 4 8 7 2 2 7 6 5 5 9 2 0 4 4 8 7 4 4 3 4 2 7 9 8 6 4 6 9 9 6 0 9 7 8 0 5 0 3 9 7 5 2 9 1 9 7 2 4 4 4 6 5 4 1 9 3 1 3 2 9 4 8 9 5 4 2 2 9 1 5 3 0 0 6 7 1 5 7 0 5 6 0 0 0 8 8 4 1 2 5 3 1 9 8 8 8 7 8 5 0 9 9 4 4 0 5 7 9 9 7 4 3 2 6 2 0 2 7 8 3 7 7 8 6,89f353c84c33f1a73cd01f49d5a696838bb0cfe0d1ca543c5faed3a65d1bd665
primary,1,12018,4,0.8746518105849582,5 4 0 1 6 9 9 2 4 6 4 3 1 1 7 0 8 9 5 8 0 9 1 6 5 5 7 4 1 9 8 9 8 3 4 3 3 6 1 6 5 4 4 5 4 9 1 9 9 8 1 7 3 0 4 7 8 9 0 5 8 7 6 2 2 4 3 1 1 3 2 7 9 6 1 7 5 7 6 2 7 1 2 2 2 3 4 0 2 7 8 4 7 2 2 6 3 8 1 9 2 8 0 4 1 6 1 4 7 5 1 2 9 4 5 4 5 3 6 3 5 2 3 0 0 2 7 3 9 6 9 7 5 0 9 2 6 3 4 3 6 6 4 2 6 5 6 7 8 0 0 7 2 5 3 9 0 3 7 8 8 8 6 8 6 3 3 1 7 5 0 0 7 3 2 6 3 5 3 4 3 2 2 5 1 2 6 4 6 7 5 0 6 5 6 7 1 8 1 7 5 6 0 9 4 3 2 1 1 0 0 9 2 5 4 0 3 1 5 4 9 0 9 4 6 0 4 0 3 8 2 6 7 0 1 4 8 7 2 2 7 6 5 5 9 2 0 4 4 8 7 4 4 3 4 2 7 9 8 6 4 6 9 9 6 0 9 1 8 0 5 0 3 9 7 5 2 2 1 9 7 8 4 4 4 6 5 4 1 1 3 1 3 2 9 4 2 5 5 4 2 2 9 1 5 3 0 0 6 7 1 5 7 0 5 6 0 0 0 8 5 4 1 2 5 3 1 9 8 8 8 7 8 5 0 9 9 4 4 0 5 7 0 9 7 4 3 2 6 2 0 2 7 8 3 7 7 8 6,0306ed78ba2fa189d7e507d341c6fdd7a87465afed46c2ca53af294fc809477a
primary,1,12018,5,0.8913649025069638,5 4 0 1 6 9 9 2 0 6 6 3 1 1 7 0 8 9 5 8 0 9 1 6 5 5 3 4 1 9 8 9 8 3 4 3 3 6 1 6 5 4 4 5 4 9 1 9 9 8 1 7 3 0 4 7 8 9 0 5 8 7 6 2 1 4 3 1 1 3 2 7 9 6 1 7 5 5 6 2 7 1 2 2 2 3 4 0 2 7 8 4 7 2 2 6 3 1 1 9 2 8 0 7 1 6 1 4 7 5 1 2 1 4 5 4 5 3 6 3 5 2 3 0 0 2 7 8 9 6 9 7 5 0 9 2 6 3 4 3 6 6 4 1 6 5 6 7 8 0 0 7 2 5 3 9 0 3 7 8 8 8 6 8 6 3 3 1 7 5 0 0 7 3 2 6 3 5 3 4 3 2 2 5 1 1 6 4 6 7 5 3 6 5 6 7 1 1 1 7 8 6 0 9 4 3 2 1 1 0 0 9 2 5 4 0 3 1 5 4 9 0 9 4 6 0 4 0 3 8 2 6 7 0 1 4 8 7 2 2 7 6 5 5 9 2 0 4 4 8 7 4 4 3 4 2 7 9 8 6 4 6 9 9 6 0 9 1 8 0 5 0 3 9 7 5 2 0 1 9 7 8 4 4 4 6 5 4 1 9 3 1 3 2 9 4 8 5 5 4 2 2 9 1 5 3 0 0 6 7 1 5 7 0 5 6 0 0 0 1 5 4 1 2 5 3 1 9 8 8 8 7 8 5 0 9 9 7 4 0 5 7 9 9 7 4 3 2 6 2 0 2 7 8 3 7 7 8 6,cee50d5313245338e280ee4e2d7728c3ee963ddf8055d4badfbb257980a9b987
primary,1,12019,1,0.5515320334261838,5 8 0 1 6 9 0 2 4 1 1 2 1 1 7 0 8 9 8 3 0 3 1 4 3 5 2 2 1 3 8 9 8 2 2 3 3 6 1 6 3 2 4 1 2 9 8 0 9 2 2 7 5 0 1 7 0 9 0 5 1 7 2 4 1 2 0 1 1 2 2 7 3 4 1 7 5 3 0 1 7 1 2 2 2 3 0 0 2 7 8 4 7 2 2 6 3 2 2 9 2 8 5 5 1 4 1 2 7 5 1 1 7 2 8 0 5 3 4 3 5 1 3 0 0 2 7 4 0 4 9 5 5 0 9 2 1 3 2 3 6 4 7 1 4 0 4 7 3 0 0 7 1 7 5 9 0 3 7 7 1 9 0 7 4 2 3 2 7 5 0 0 0 3 1 4 3 5 3 2 3 2 2 3 5 1 4 4 4 5 1 2 4 9 4 7 2 8 1 6 5 4 0 9 2 3 1 2 1 0 5 3 2 5 4 0 3 2 9 6 0 0 0 4 4 0 2 0 3 3 2 4 7 0 1 4 8 5 2 1 0 4 5 8 9 2 0 5 4 8 7 4 7 5 4 2 6 3 5 8 2 1 9 8 6 0 9 1 8 0 5 0 3 3 7 5 2 2 1 0 7 1 7 2 4 4 5 8 1 2 3 2 3 5 9 4 5 8 5 2 2 1 9 1 5 2 0 0 4 5 2 8 3 0 0 4 0 0 0 1 7 2 7 2 8 5 1 0 5 5 8 7 1 5 0 9 3 7 5 0 5 7 5 9 7 2 3 2 1 1 0 2 7 1 3 5 7 2 4,cbacd3cd0940c71644d3e8694db2f5f098ba806993e46a6db2a968e46bb9b713
primary,1,12019,2,0.8272980501392758,5 4 0 1 6 9 9 2 4 8 1 2 1 1 7 0 8 5 5 8 0 3 1 6 3 5 2 4 1 9 8 9 8 3 4 3 3 6 1 6 5 4 4 1 4 9 1 9 9 2 2 7 3 0 4 7 5 9 0 5 1 7 4 1 1 1 3 1 1 3 2 7 3 6 1 7 5 5 6 2 7 1 2 2 2 3 0 0 2 7 7 4 7 2 2 6 3 1 1 9 2 1 0 5 1 6 1 4 7 5 1 2 7 4 5 5 5 3 6 3 5 2 3 0 0 2 7 4 9 6 3 7 5 0 9 2 6 3 4 3 6 6 7 1 4 9 6 7 1 0 0 7 2 5 3 9 0 3 7 3 1 8 6 2 6 3 3 1 7 5 0 0 1 3 1 6 3 5 8 4 3 2 2 5 5 1 6 4 4 5 5 3 6 9 6 7 1 8 1 7 8 6 0 9 4 3 1 1 1 0 5 9 2 5 4 0 3 1 5 4 9 0 9 4 4 0 4 0 3 3 2 6 7 0 1 4 8 5 2 1 7 6 5 5 9 2 0 4 4 8 7 4 7 8 4 2 7 9 8 8 4 6 9 9 6 0 9 1 1 0 5 0 3 3 7 5 2 2 1 9 7 8 7 4 4 1 5 4 1 1 3 1 3 2 9 4 3 5 5 1 2 2 9 1 5 3 0 0 4 7 1 5 7 0 5 6 0 0 0 1 5 4 7 2 5 9 1 9 8 8 8 7 1 5 0 9 3 7 4 0 5 7 0 9 7 4 3 2 6 2 0 2 7 8 3 7 7 2 6,40fe015692f7d0509347d408b9a64bf1149b07a47b5d2a66fe5e7f81e96e242f
primary,1,12019,3,0.8802228412256268,5 4 0 1 6 9 9 2 6 1 1 3 1 1 7 0 8 9 5 8 0 9 1 6 9 5 3 4 1 9 8 9 8 3 4 3 3 6 1 6 5 4 4 1 4 9 1 9 9 1 1 7 3 0 4 7 8 9 0 5 1 7 6 2 1 4 3 1 1 3 2 7 9 6 1 7 5 5 6 2 7 1 2 2 2 3 0 0 2 7 8 4 7 2 2 6 3 1 1 9 2 8 0 5 1 6 1 4 7 5 1 2 9 4 5 5 5 3 6 3 5 2 3 0 0 2 7 3 9 6 9 7 5 0 9 2 6 9 4 3 6 6 7 1 6 9 6 7 8 0 0 7 2 5 3 9 0 3 7 8 1 8 6 2 6 3 3 1 7 5 0 0 8 3 1 6 3 5 3 4 3 2 2 5 1 1 6 4 6 5 5 3 6 9 6 7 1 1 1 7 8 6 0 9 4 3 1 1 1 0 0 9 2 5 4 0 3 1 5 4 9 0 9 4 6 0 4 0 3 1 2 6 7 0 1 4 8 7 2 2 7 6 5 5 9 2 0 4 4 8 7 4 7 3 4 2 7 9 8 6 4 6 9 9 6 0 9 1 1 0 5 0 3 9 7 5 2 2 1 9 7 8 7 4 4 1 5 4 1 1 3 1 3 2 9 4 3 5 5 4 2 2 9 1 5 3 0 0 6 7 1 5 7 0 5 6 0 0 0 1 7 4 9 2 5 3 1 9 8 8 8 7 8 5 0 9 3 7 4 0 5 7 9 9 7 4 9 2 6 2 0 2 7 8 3 7 7 2 6,43ede3feefffe05f63af4aaeadad22d6ed0d3aa3f26b286738ab864bc547dadf
primary,1,12019,4,0.8997214484679665,5 4 0 1 6 9 9 2 0 6 1 3 1 1 7 0 8 9 5 8 0 3 1 6 9 5 3 4 1 9 8 9 8 3 4 3 3 6 1 6 5 4 4 1 4 9 1 9 9 2 1 7 3 0 4 7 8 9 0 5 1 7 6 2 1 4 3 1 1 3 2 7 3 6 1 7 5 5 6 2 7 1 2 2 2 3 0 0 2 7 8 4 7 2 2 6 3 1 1 9 2 8 0 5 1 6 1 4 7 5 1 2 9 4 5 4 5 3 6 3 5 2 3 0 0 2 7 3 9 6 9 7 5 0 9 2 6 3 4 3 6 6 7 1 6 5 6 7 8 0 0 7 2 5 3 9 0 3 7 8 1 8 6 8 6 3 3 1 7 5 0 0 8 3 1 6 3 5 3 4 3 2 2 5 5 1 6 4 6 5 5 3 6 9 6 7 1 8 1 7 8 6 0 9 4 3 1 1 1 0 0 9 2 5 4 0 3 1 5 4 9 0 9 4 6 0 4 0 3 8 2 6 7 0 1 4 8 7 2 2 7 6 5 5 9 2 0 4 4 8 7 4 4 5 4 2 7 9 8 6 4 6 9 9 6 0 9 1 8 0 5 0 3 9 7 5 2 2 1 9 7 8 7 4 4 6 5 4 1 1 3 1 3 2 9 4 8 5 5 4 2 2 9 1 5 3 0 0 6 5 1 5 7 0 5 6 0 0 0 1 5 4 9 2 5 9 1 9 8 8 8 7 8 5 0 9 9 4 4 0 5 7 9 9 7 4 3 2 6 2 0 2 7 8 3 7 7 3 6,00988fefe253315f343b7840e7a05018420a3fe0d1850957c6ed18e4d7763e06
primary,1,12019,5,0.8857938718662952,5 4 0 1 6 9 9 2 0 2 1 3 1 1 7 0 8 8 5 8 0 9 1 6 9 5 3 4 1 9 8 9 1 3 4 3 3 6 1 6 5 4 4 5 4 9 1 9 9 2 1 7 3 0 4 7 8 9 0 5 1 7 6 2 1 4 3 1 1 3 2 7 9 6 1 7 5 5 6 2 7 1 2 2 2 3 4 0 2 7 8 4 7 2 2 6 3 1 1 9 2 8 0 5 1 6 1 4 7 5 1 2 9 4 5 4 5 3 6 3 5 2 3 0 0 2 7 3 9 6 9 7 5 0 9 2 6 3 4 3 6 6 7 1 6 9 6 7 8 0 0 7 2 5 3 9 0 3 7 8 1 8 6 2 6 3 3 1 7 5 0 0 8 3 1 6 3 5 3 4 3 2 2 5 5 1 6 4 6 7 5 3 6 9 6 7 1 1 1 7 8 6 0 9 4 3 1 1 1 0 0 9 2 5 4 0 3 1 5 4 9 0 9 4 6 0 4 0 3 8 2 6 7 0 1 4 8 7 2 2 7 6 5 5 9 2 0 4 4 8 7 4 4 3 4 2 7 9 8 6 4 6 9 9 6 0 9 7 8 0 5 0 3 9 7 5 2 2 1 9 7 8 7 4 4 6 5 4 1 9 3 1 3 2 9 4 2 9 5 4 2 2 9 1 5 3 0 0 6 7 1 5 7 0 5 6 0 0 0 1 7 4 9 2 5 9 1 9 8 8 8 7 8 5 0 9 9 4 4 0 5 7 9 9 7 4 3 2 6 2 0 2 7 3 3 7 7 3 6,9ca9bcd4eedb12e592019fedd91a67bd873a47d08b4d08556cd7c2a4dcd4ebdd
primary,1,12020,1,0.6406685236768802,4 4 0 1 6 3 9 2 0 2 4 2 1 1 2 0 9 7 0 8 0 2 1 6 6 5 2 4 4 3 1 9 8 2 4 3 3 3 1 0 2 4 4 1 4 9 9 9 3 2 1 4 2 0 4 7 4 9 0 4 1 7 6 2 2 4 3 1 8 3 2 7 9 6 1 3 4 4 6 2 7 9 2 2 2 3 0 0 2 4 8 4 0 2 1 6 3 0 8 2 2 8 0 4 1 6 1 4 3 5 1 2 1 4 2 4 5 3 6 3 5 2 2 0 0 2 0 7 9 6 9 7 2 0 2 2 1 3 4 3 6 6 0 2 6 5 1 7 8 0 0 7 2 5 3 6 0 2 7 0 4 8 6 2 6 3 7 4 2 5 0 0 7 3 1 6 3 4 8 4 3 2 2 2 1 8 6 4 4 7 2 3 6 7 6 7 8 9 1 6 8 6 0 3 4 3 2 1 1 0 0 2 2 2 4 0 2 1 2 4 8 6 9 4 4 0 4 0 3 0 2 6 4 0 8 4 9 9 2 2 0 6 2 5 9 2 0 4 4 1 7 4 5 3 4 2 9 9 1 5 4 6 3 3 6 0 9 8 8 0 7 0 3 3 8 5 2 2 1 2 8 8 0 4 4 6 5 4 1 1 3 2 3 2 3 4 8 5 2 4 2 2 3 1 4 3 0 0 6 7 4 2 0 0 2 6 0 0 0 8 2 4 7 2 5 3 1 9 9 8 8 7 8 2 0 0 9 9 4 0 2 3 0 9 9 6 7 2 5 2 0 2 7 8 3 0 7 9 6,d5743973f664d9cb7dc8289a9f76687c188094823d557dc689be70a86c0b2215
primary,1,12020,2,0.8161559888579387,5 4 0 1 6 3 9 2 0 6 1 3 1 1 8 0 8 9 0 8 0 3 1 6 5 5 8 4 1 3 8 9 8 3 4 3 3 6 1 6 5 4 4 2 4 9 8 9 9 1 1 7 9 0 4 7 8 9 0 5 1 7 6 2 2 4 3 1 8 3 2 7 3 6 1 7 5 0 6 2 7 8 2 2 2 3 0 0 3 7 8 4 7 2 2 6 3 9 1 9 2 9 0 5 8 6 7 4 7 5 1 2 1 4 8 4 5 3 6 3 5 2 3 0 0 2 7 9 9 6 9 7 5 0 9 2 6 3 4 3 6 6 4 2 6 5 6 7 8 0 0 7 2 5 3 9 0 3 7 8 8 8 6 8 6 3 3 1 7 5 0 0 7 3 2 6 3 5 3 4 3 2 2 5 1 8 6 4 6 7 5 3 6 5 6 7 8 1 1 8 8 6 0 9 4 3 2 1 1 0 0 9 2 5 4 0 3 1 5 4 9 6 9 4 6 0 4 0 3 8 2 6 8 0 1 4 8 7 2 2 0 6 5 5 9 2 0 4 4 8 7 4 4 8 4 2 7 9 8 6 4 6 9 9 6 0 9 7 8 0 5 0 3 9 7 5 2 0 1 9 8 8 7 4 4 6 5 4 2 1 3 1 3 2 9 4 8 5 5 4 2 2 2 1 5 3 0 0 6 7 4 5 7 0 5 6 0 0 0 8 5 4 9 2 5 2 1 9 9 8 8 7 8 5 0 5 9 9 4 0 5 7 0 9 7 4 3 2 5 2 0 2 7 8 3 5 7 2 6,118be77071221d40840fa14b9eeb7c5c9205d1f0d43d51fcab8551b3dd5c7f46
primary,1,12020,3,0.871866295264624,5 4 0 1 6 9 0 2 0 6 4 3 1 1 8 0 8 8 5 8 0 3 1 6 5 5 3 4 1 3 8 9 8 3 4 3 3 6 1 6 5 4 4 5 4 9 8 9 9 1 1 7 9 0 4 7 8 9 0 8 8 7 6 2 2 4 3 1 1 3 2 7 9 6 1 8 5 5 6 2 7 8 2 2 2 3 4 0 2 7 8 4 7 2 2 6 3 8 1 9 2 8 0 7 1 6 1 4 7 5 1 2 1 4 5 4 5 3 6 3 5 2 3 0 0 2 7 9 9 6 9 7 5 0 9 2 6 3 4 3 6 6 4 2 6 5 6 7 8 0 0 7 2 5 3 9 0 3 7 8 8 8 6 8 6 3 3 1 7 5 0 0 8 3 1 6 3 5 8 4 3 2 2 5 1 8 6 4 6 7 5 3 6 5 6 7 1 1 1 7 8 6 0 9 4 3 2 1 1 0 0 9 2 5 4 0 3 1 5 4 9 0 9 4 6 0 4 0 3 8 2 6 7 0 1 4 8 7 2 2 7 6 5 5 9 2 0 4 4 8 7 4 4 8 4 2 7 9 8 5 4 6 9 9 6 0 9 7 8 0 5 0 3 9 7 5 2 0 1 9 8 8 7 4 4 6 5 4 1 1 3 1 3 3 9 4 8 5 5 4 2 2 9 1 5 3 0 0 6 7 1 5 7 0 0 6 0 0 0 8 5 4 9 2 5 9 1 9 8 8 8 7 8 5 0 9 9 7 4 0 5 7 0 9 7 4 3 2 5 2 0 2 7 8 3 7 7 8 6,c0794dc80d78db2a2684fd1d38cf906a387d000f93580fdbeb51d01d677f8807
primary,1,12020,4,0.8913649025069638,5 4 0 1 6 9 9 2 0 6 6 3 1 1 8 0 8 9 5 8 0 3 1 6 5 5 3 4 1 9 8 9 8 3 4 3 3 6 1 6 5 4 4 5 4 9 1 9 9 1 1 7 3 0 4 7 8 9 0 5 8 7 6 2 2 4 3 1 1 3 2 7 9 6 1 7 5 8 6 2 7 1 2 2 2 3 4 0 3 7 8 4 7 2 2 6 3 1 1 9 2 8 0 7 1 6 1 4 7 5 1 2 1 4 5 4 5 3 6 3 5 2 3 0 0 2 7 9 9 6 9 7 5 0 9 2 6 3 4 3 6 6 4 2 6 5 6 7 8 0 0 7 2 5 3 9 0 3 7 8 8 8 6 8 6 3 3 1 7 5 0 0 7 3 2 6 3 5 8 4 3 2 2 5 1 8 6 4 6 7 5 3 6 5 6 7 1 1 1 7 8 6 0 9 4 3 2 1 1 0 0 9 2 5 4 0 3 1 5 4 9 0 9 4 6 0 4 0 3 8 2 6 7 0 1 4 8 7 2 2 7 6 5 5 9 2 0 4 4 8 7 4 7 8 4 2 7 9 8 5 4 6 9 9 6 0 9 1 8 0 5 0 3 9 7 5 2 2 1 9 7 8 7 4 4 6 5 4 1 1 3 1 3 2 9 4 8 5 5 4 2 2 9 1 5 3 0 0 6 7 1 5 7 0 5 6 0 0 0 1 5 4 9 2 5 3 1 9 8 8 8 7 8 5 0 9 9 7 4 0 5 7 0 9 7 4 3 2 6 2 0 2 7 8 3 7 7 1 6,82307df47e065fc4e6381080a14d7ea6ef78b7ac6c42c5d2813a3ed814d421d8
primary,1,12020,5,0.8997214484679665,5 4 0 1 6 9 9 2 0 6 6 3 1 1 8 0 8 9 5 8 0 9 1 6 5 5 3 4 1 9 8 9 8 3 4 3 3 6 1 6 5 4 4 5 4 9 1 9 9 1 1 7 3 0 4 7 8 9 0 5 8 7 6 2 2 4 3 1 1 3 2 7 9 6 1 7 5 8 6 2 7 1 2 2 2 3 4 0 3 7 8 4 7 2 2 6 3 2 1 9 2 8 0 8 1 6 1 4 7 5 1 2 1 4 5 4 5 3 6 3 5 2 3 0 0 2 7 3 9 6 9 7 5 0 9 2 6 3 4 3 6 6 7 2 6 5 6 7 8 0 0 7 2 5 3 9 0 3 7 8 8 8 6 8 6 3 3 1 7 5 0 0 8 3 1 6 3 5 3 4 3 2 2 5 1 8 6 4 6 7 5 3 6 5 6 7 1 1 1 7 8 6 0 9 4 3 2 1 1 0 0 9 2 5 4 0 3 1 5 4 9 0 9 4 6 0 4 0 3 8 2 6 7 0 1 4 8 7 2 2 7 6 5 5 9 2 0 4 4 8 7 4 7 3 4 2 7 9 8 6 4 6 9 9 6 0 9 1 8 0 5 0 3 9 7 5 2 2 1 9 7 8 7 4 4 6 5 4 1 1 3 1 3 2 9 4 8 5 5 4 2 2 9 1 5 3 0 0 6 7 1 5 7 0 5 6 0 0 0 8 7 4 9 2 5 3 1 9 8 8 8 7 8 5 0 9 9 7 4 0 5 7 0 9 7 4 3 2 6 2 0 2 7 8 3 7 7 2 6,9a77ed7ee25c07fed6b97dfe977dba29ba565430dd9839e0ebaec4476b533dcd
primary,8,12001,1,0.6573816155988857,5 4 0 1 0 6 0 2 0 8 1 3 1 3 7 0 2 5 3 3 0 9 1 6 5 3 3 4 1 5 3 9 3 3 4 5 3 6 1 6 3 4 4 0 4 9 2 9 9 0 1 7 8 0 0 7 8 3 0 5 3 8 6 2 5 0 3 1 9 3 2 7 9 6 1 7 3 3 6 5 7 1 2 2 2 3 0 0 3 7 8 4 7 2 2 6 3 0 9 9 3 3 0 7 8 6 1 4 7 3 8 3 9 4 5 4 3 3 6 9 3 2 3 0 0 2 7 8 9 6 5 7 3 0 0 2 2 5 4 3 6 6 7 5 6 5 6 7 0 0 0 7 2 5 3 9 0 3 7 3 0 0 6 4 6 9 3 9 4 5 0 0 7 3 2 1 3 5 3 0 3 2 2 5 5 1 6 4 6 7 5 0 6 5 6 7 8 0 1 3 3 1 0 9 4 0 2 1 1 0 0 9 2 3 4 0 2 1 5 4 9 0 0 4 6 5 4 0 2 7 2 6 4 0 9 4 8 7 2 5 7 6 3 5 9 2 0 4 4 3 7 7 4 8 7 7 7 9 8 6 0 2 9 9 0 0 9 1 2 0 5 0 3 9 4 5 8 2 0 9 4 1 7 4 4 1 5 4 2 9 3 2 3 2 9 4 8 5 5 2 2 2 2 1 3 3 0 0 6 7 0 5 7 0 5 6 0 0 0 8 7 4 9 2 5 8 1 9 6 8 3 7 8 3 0 5 3 7 4 0 3 8 5 9 7 7 3 2 5 2 0 2 7 8 3 7 7 5 6,8052210c87b132ad3a41fbc7ef030f7b2a3f0f106279da16e6187c9ab2b3f9fa
primary,8,12001,2,0.8161559888579387,5 4 0 1 6 9 9 2 0 6 1 3 1 1 7 0 8 3 5 3 0 9 1 6 0 5 3 4 1 9 1 9 2 3 4 3 3 6 1 6 5 4 4 5 4 9 1 9 9 1 2 7 3 0 4 7 3 9 0 5 1 7 6 2 1 4 3 1 1 3 2 7 9 6 1 7 5 3 6 2 7 1 2 2 2 3 4 0 2 7 1 4 7 2 2 6 3 1 9 9 2 1 0 7 1 6 1 4 7 5 1 2 9 4 5 4 5 3 6 3 5 2 3 0 0 2 7 3 9 6 9 7 3 0 3 2 6 9 4 3 6 6 7 5 6 5 6 7 3 0 0 7 2 5 3 9 0 3 7 1 1 6 6 7 6 3 3 9 7 5 0 0 7 3 1 6 3 5 3 4 3 2 2 5 5 1 6 4 6 7 5 0 6 9 6 7 4 1 1 7 3 6 0 9 4 3 2 1 1 0 0 9 2 5 4 0 3 1 5 4 9 0 0 4 6 0 4 0 3 1 2 6 7 0 1 4 8 7 2 2 7 6 5 5 9 2 0 4 4 3 7 4 4 3 4 7 7 9 8 6 4 6 9 9 6 0 9 7 2 0 5 0 3 9 7 5 2 2 1 9 7 8 7 4 4 6 5 4 2 9 3 9 3 2 9 4 3 9 5 4 2 2 9 1 5 3 0 0 6 7 1 5 7 0 5 6 0 0 0 1 7 4 9 2 5 2 1 9 0 8 3 7 8 5 0 0 3 7 4 0 5 7 9 9 7 4 3 2 0 2 0 2 7 3 3 7 7 3 6,8c86a0f293e82441f3437ecd17dbdf193c4a6311bd456b16a5c0df5a53d2011b
primary,8,12001,3,0.8523676880222841,5 4 0 1 6 9 9 2 0 6 6 3 1 1 7 0 2 3 5 8 0 9 1 6 5 5 3 4 1 9 8 9 3 3 4 3 3 6 1 6 5 4 4 1 4 9 1 9 9 2 2 7 3 0 4 7 7 9 0 5 1 7 6 2 2 4 3 1 1 3 2 7 9 6 1 7 5 3 6 2 7 1 2 2 2 3 4 0 3 7 1 4 7 2 2 6 3 1 1 9 2 3 0 7 1 6 1 4 7 5 1 2 9 4 5 4 5 3 6 3 5 2 3 0 0 2 7 3 9 6 9 7 5 0 9 2 6 3 4 3 6 6 7 6 6 5 6 7 8 0 0 7 2 5 3 9 0 3 7 8 1 6 6 2 6 3 3 9 7 5 0 0 7 3 2 6 3 5 3 4 3 2 2 5 1 1 6 4 6 7 5 0 6 5 6 7 1 1 1 7 5 6 0 9 4 3 2 1 1 0 0 9 2 5 4 0 3 1 5 4 3 0 9 4 6 0 4 0 3 7 2 6 7 0 1 4 8 7 2 2 7 6 5 5 9 2 0 4 4 3 7 4 7 3 4 7 7 9 8 6 4 6 9 9 6 0 9 7 2 0 5 0 3 9 7 5 2 2 1 9 7 3 7 4 4 6 5 4 2 9 3 1 3 2 9 4 3 9 5 4 2 2 9 1 5 3 0 0 6 7 1 5 7 0 5 6 0 0 0 1 7 4 9 2 5 3 1 9 8 8 3 7 8 5 0 9 3 7 4 0 5 7 9 9 7 4 3 2 6 2 0 2 7 3 3 7 7 3 6,b352e9c54f341069b940e785e615b6cf999a582a09b91db47bc1228e2f7641c7
primary,8,12001,4,0.871866295264624,5 4 0 1 6 9 9 2 0 6 6 3 1 1 7 0 8 3 5 8 0 9 1 6 5 5 3 4 1 9 8 9 8 3 4 3 3 6 1 6 5 4 4 5 4 9 1 9 9 1 2 7 3 0 4 7 8 9 0 5 1 7 6 2 2 4 3 1 1 3 2 7 9 6 1 7 5 9 6 2 7 1 2 2 2 3 4 0 2 7 1 4 7 2 2 6 3 1 1 9 2 6 0 7 1 6 1 4 7 5 1 2 9 4 5 4 5 3 6 3 5 2 3 0 0 2 7 3 9 6 9 7 5 0 9 2 6 3 4 3 6 6 7 6 6 5 6 7 8 0 0 7 2 5 3 9 0 3 7 8 1 6 6 8 6 9 3 9 7 5 0 0 7 3 2 6 3 5 3 4 3 2 2 5 5 1 6 4 6 7 5 0 6 9 6 7 1 1 1 7 8 6 0 9 4 3 2 1 1 0 0 9 2 5 4 0 3 1 5 4 9 0 9 4 6 0 4 0 3 7 2 6 7 0 1 4 3 7 2 2 7 6 5 5 9 2 0 4 4 8 7 4 7 3 4 2 7 9 8 6 4 6 9 9 6 0 9 7 2 0 5 0 3 9 7 5 2 2 1 9 7 8 7 4 4 6 5 4 1 9 3 9 3 2 9 4 3 9 5 4 2 2 9 1 5 3 0 0 6 7 1 5 7 0 5 6 0 0 0 8 7 4 9 2 5 3 1 9 8 8 8 7 8 5 0 9 9 7 4 0 5 7 9 9 7 4 3 2 6 2 0 2 7 3 3 7 7 3 6,fe41a87d9505c9f49375af0b6fca3921e48d42921f6bdfe3ea16c3b912f53915
primary,8,12001,5,0.8774373259052924,5 4 0 1 6 9 9 2 0 6 1 3 1 1 7 0 8 9 5 8 0 9 1 6 9 5 3 4 1 9 8 9 8 3 4 3 3 6 1 6 5 4 4 5 4 9 1 9 9 1 1 7 3 0 4 7 8 9 0 5 1 7 6 2 2 4 3 1 1 3 2 7 9 6 1 7 5 9 6 2 7 1 2 2 2 3 4 0 2 7 1 4 7 2 2 6 3 1 1 9 2 8 0 7 1 6 1 4 7 5 1 2 9 4 5 4 5 3 6 3 5 2 3 0 0 2 7 3 9 6 9 7 5 0 9 2 6 3 4 3 6 6 7 1 6 5 6 7 8 0 0 7 2 5 3 9 0 3 7 8 1 6 6 8 6 3 3 9 7 5 0 0 8 3 2 6 3 5 3 4 3 2 2 5 5 1 6 4 6 7 5 0 6 9 6 7 1 1 1 7 5 6 0 9 4 3 2 1 1 0 0 9 2 5 4 0 3 1 5 4 9 0 9 4 6 0 4 0 3 8 2 6 7 0 1 4 3 7 2 2 7 6 5 5 9 2 0 4 4 8 7 4 7 3 4 2 7 9 8 6 4 6 9 9 6 0 9 7 1 0 5 0 3 9 7 5 2 9 1 9 7 8 7 4 4 6 5 4 2 9 3 1 3 2 9 4 8 5 5 4 2 2 9 1 5 3 0 0 6 7 1 5 7 0 5 6 0 0 0 1 7 4 9 2 5 3 1 9 8 8 8 7 8 5 0 9 3 7 4 0 5 7 9 9 7 4 3 2 6 2 0 2 7 8 3 7 7 3 6,56d3db22d116e0a42e9c77913a3f7fc03edaf4a50828a381833c94f952405bd7
primary,8,12002,1,0.5431754874651811,0 4 0 1 0 3 3 1 0 8 1 7 1 1 7 0 1 1 0 8 0 3 1 2 3 0 8 4 1 5 4 9 8 3 4 3 3 1 1 0 8 4 4 6 4 9 1 0 9 8 1 7 3 0 8 7 8 9 0 1 1 1 2 2 1 8 3 1 2 3 2 7 9 6 1 7 7 8 6 2 7 2 2 1 1 3 4 0 7 7 8 4 7 1 2 2 9 2 1 3 2 8 0 8 1 0 1 4 7 0 1 2 1 4 3 0 8 3 0 3 1 2 3 0 3 2 1 3 3 6 3 1 8 0 3 2 1 0 0 3 0 6 4 1 6 0 6 7 1 0 0 4 1 7 9 9 0 3 7 1 8 7 3 2 0 3 9 3 7 0 0 0 1 3 1 2 3 7 1 4 3 7 2 0 7 1 0 4 2 7 8 3 6 3 0 7 1 1 1 7 8 2 0 3 4 9 1 1 1 0 0 9 2 7 1 0 3 1 9 4 1 0 3 4 1 0 4 0 3 1 7 6 6 0 1 7 8 1 2 0 7 6 7 0 3 1 0 0 4 1 7 0 1 3 0 7 7 9 1 8 8 1 3 9 0 0 9 1 1 0 3 0 3 3 7 7 2 7 1 9 7 3 4 4 4 1 7 7 1 1 9 1 3 4 9 4 3 0 7 8 2 2 2 1 7 3 0 0 6 7 1 0 7 0 5 6 0 0 0 0 0 4 1 1 8 3 1 9 7 0 7 7 8 7 0 0 3 1 4 0 7 7 9 3 7 4 3 2 0 2 0 1 7 3 3 1 8 1 0,1eb425c590072a80976602816894e2a4c538ea22eb40b9c8caa3fe5460ec76ac
primary,8,12002,2,0.7910863509749304,0 4 0 1 6 9 3 2 0 2 1 3 1 1 7 0 1 3 5 8 0 3 1 6 3 5 3 4 1 9 8 9 4 3 4 3 3 6 1 6 7 4 4 6 4 9 1 9 9 1 1 7 3 0 4 7 1 9 0 1 1 7 6 2 1 4 3 1 1 3 2 7 9 6 1 7 5 7 6 2 7 2 2 2 2 3 4 0 2 7 8 4 7 2 2 6 3 1 1 9 2 1 0 7 1 6 1 4 7 5 1 2 1 4 3 4 8 3 6 3 7 2 3 0 0 2 7 3 9 6 9 7 5 0 9 2 6 3 4 3 6 6 4 1 6 0 6 7 8 0 0 7 2 7 3 3 0 3 7 1 8 7 6 2 6 3 3 1 7 5 0 0 7 3 1 6 3 5 3 4 3 2 2 5 1 1 6 4 6 7 8 3 6 9 6 7 1 1 1 7 7 6 0 3 4 3 1 1 1 0 0 9 2 5 4 0 3 1 9 4 9 0 3 4 6 0 4 0 3 8 2 6 7 0 1 4 1 7 2 2 7 6 2 0 9 2 0 4 4 1 7 4 7 3 4 7 7 9 1 6 4 6 9 9 6 0 9 1 1 0 5 0 3 3 7 5 2 3 1 9 7 7 4 4 4 6 7 4 1 1 3 1 3 2 9 4 3 5 5 4 2 2 3 1 5 3 0 0 6 7 1 5 7 0 5 6 0 0 0 1 7 4 1 1 5 3 1 9 8 8 8 7 8 7 0 9 3 1 4 0 5 7 9 9 7 4 3 2 0 2 0 2 7 3 3 7 7 1 6,07c49661c52a89bed56b6ce1daa6b99fa927d80c92ac664ae43cb19af4b249e6
primary,8,12002,3,0.8774373259052924,5 4 0 1 6 9 9 2 0 6 1 3 1 1 7 0 8 3 5 8 0 3 1 6 3 5 3 4 1 9 8 9 8 3 4 3 3 6 1 6 5 4 4 6 4 9 8 9 9 1 1 7 3 0 4 7 8 3 0 1 1 7 6 2 1 4 3 1 1 3 2 7 9 6 1 7 5 9 6 2 7 2 2 2 2 3 4 0 3 7 1 4 7 2 2 6 3 1 1 9 2 8 0 7 1 6 1 4 7 5 1 2 1 4 5 4 5 3 6 3 5 2 3 0 0 2 7 3 9 6 9 7 5 0 9 2 6 3 4 3 6 6 7 1 6 5 6 7 8 0 0 7 2 5 3 9 0 3 7 8 1 6 6 7 6 3 3 1 7 5 0 0 7 3 1 6 3 5 3 4 3 2 2 5 1 1 6 4 6 7 5 3 6 9 6 7 1 1 1 7 7 6 0 9 4 3 1 1 1 0 0 9 2 5 4 0 3 1 5 4 9 0 3 4 6 0 4 0 3 8 2 6 7 0 1 4 8 7 2 2 7 6 5 5 9 2 0 4 4 8 7 4 7 3 4 2 7 9 8 6 4 6 9 9 6 0 9 1 1 0 5 0 3 3 7 5 2 3 1 9 7 8 7 4 4 6 5 4 1 1 3 1 3 2 9 4 3 5 5 4 2 2 3 1 5 3 0 0 6 7 1 5 7 0 5 6 0 0 0 1 7 4 1 3 5 3 1 9 8 8 8 7 8 5 0 9 3 7 4 0 5 7 9 9 7 4 3 2 6 2 0 2 7 3 3 7 7 1 6,abcddb99860d63776ee6eb7f38a2a3c223d948de65ca4d155f4997b093875ccf
primary,8,12002,4,0.8969359331476323,5 4 0 1 6 9 9 2 0 6 1 3 1 1 7 0 8 3 5 8 0 3 1 6 5 5 3 4 1 9 8 9 8 3 4 3 3 6 1 6 5 4 4 8 4 9 8 9 9 1 1 7 3 0 4 7 8 9 0 5 1 7 6 2 1 4 3 1 1 3 2 7 3 6 1 7 5 7 6 2 7 2 2 2 2 3 4 0 2 7 8 4 7 2 2 6 3 1 1 9 2 8 0 7 1 6 1 4 7 5 1 2 1 4 5 4 5 3 6 3 5 2 3 0 0 2 7 3 9 6 9 7 5 0 9 2 6 3 4 3 6 6 7 1 6 5 6 7 8 0 0 7 2 5 3 9 0 3 7 8 8 8 6 7 6 3 3 1 7 5 0 0 7 3 1 6 3 5 8 4 3 2 2 5 1 1 6 4 6 7 5 3 6 9 6 7 1 1 1 7 5 6 0 9 4 3 1 1 1 0 0 9 2 5 4 0 3 1 5 4 9 0 9 4 6 0 4 0 3 8 2 6 7 0 1 4 8 7 2 2 7 6 5 5 9 2 0 4 4 8 7 4 7 3 4 2 7 9 8 6 4 6 9 9 6 0 9 7 1 0 5 0 3 9 7 5 2 3 1 9 7 8 7 4 4 6 5 4 1 1 3 1 3 2 9 4 8 5 5 4 2 2 9 1 5 3 0 0 6 7 1 5 7 0 5 6 0 0 0 1 7 4 9 3 5 3 1 9 8 8 8 7 8 5 0 9 3 7 4 0 5 7 9 9 7 4 3 2 6 2 0 2 7 8 3 7 7 3 6,feaa2272b6933d5303b3d8d3beaa37bc07e5ba9329a6cc417e843acb951adbaa
primary,8,12002,5,0.8969359331476323,5 4 0 1 6 9 9 2 6 6 6 3 1 1 7 0 8 9 5 8 0 3 1 6 5 5 3 4 1 3 8 9 8 3 4 3 3 6 1 6 5 4 4 5 4 9 1 9 9 1 1 7 3 0 4 7 8 9 0 5 1 7 6 2 1 4 3 1 1 3 2 7 9 6 1 7 5 7 6 2 7 1 2 2 2 3 4 0 2 7 8 4 7 2 2 6 3 1 1 9 2 1 0 7 1 6 1 4 7 5 1 2 1 4 5 4 5 3 6 3 5 2 3 0 0 2 7 3 9 6 9 7 5 0 9 2 6 3 4 3 6 6 7 1 6 5 6 7 8 0 0 7 2 5 3 9 0 3 7 8 1 1 6 7 6 3 3 1 7 5 0 0 7 3 1 6 3 5 3 4 3 2 2 5 1 1 6 4 6 7 5 3 6 9 6 7 1 1 1 7 5 6 0 9 4 3 1 1 1 0 0 9 2 5 4 0 3 1 5 4 9 0 9 4 6 0 4 0 3 8 2 6 7 0 1 4 8 7 2 2 7 6 5 5 9 2 0 4 4 8 7 4 7 3 4 2 7 9 8 6 4 6 9 9 6 0 9 1 8 0 5 0 3 9 7 5 2 3 1 9 7 8 7 4 4 6 5 4 1 1 3 1 3 2 9 4 8 5 5 4 2 2 9 1 5 3 0 0 6 7 1 5 7 0 5 6 0 0 0 1 7 4 9 2 5 3 1 9 8 8 8 7 8 5 0 9 9 7 4 0 5 7 9 9 7 4 3 2 6 2 0 2 7 8 3 7 7 3 6,98dc027a71d707d791ec5ae14b532e7a3a9e81ad0a37b1274b4cf6720c671156
primary,8,12003,1,0.5459610027855153,5 9 9 1 6 3 3 4 1 6 1 3 1 1 9 0 2 5 9 5 0 3 1 6 1 5 6 1 1 3 1 9 1 3 1 3 3 6 4 6 5 9 7 4 4 9 1 9 9 2 1 1 3 0 4 7 6 9 0 1 4 4 6 6 6 1 3 1 1 3 2 7 9 1 6 2 6 0 6 0 7 2 2 3 2 3 2 0 3 1 9 1 7 2 2 6 3 1 1 0 3 1 4 5 1 6 1 1 7 5 1 4 1 1 5 7 5 3 6 3 7 2 9 0 9 1 7 6 9 6 2 7 5 0 0 2 4 3 4 3 6 6 7 0 6 0 6 7 2 0 9 7 0 6 3 1 0 3 7 9 0 1 6 9 6 9 3 1 1 5 0 0 9 3 6 6 3 5 1 4 3 2 2 3 9 4 6 1 6 7 6 3 6 9 6 7 1 1 1 1 3 1 0 9 1 3 6 1 1 0 7 9 2 5 1 9 3 1 5 4 3 9 9 7 6 7 1 0 3 1 2 6 9 9 1 4 6 9 2 6 7 6 5 6 9 2 9 7 4 9 2 4 9 6 4 2 7 2 0 6 1 4 9 9 6 0 3 1 2 0 3 9 3 9 7 5 2 4 1 9 9 2 7 1 1 1 6 7 6 1 3 1 3 2 9 1 3 9 5 1 2 2 3 1 3 3 4 0 6 5 1 9 7 0 9 6 9 0 0 6 2 4 9 2 5 6 1 9 2 2 9 5 0 5 0 3 6 1 9 0 5 7 9 9 7 1 3 2 5 4 0 2 1 9 3 7 7 1 6,7a33682789ac3544bb90074150b2385f58846363de20436ad0f9fb760226be99
primary,8,12003,2,0.7938718662952646,5 4 0 1 6 3 9 2 0 6 1 3 1 1 7 0 6 6 9 5 0 3 1 6 9 7 3 1 1 3 1 9 1 3 4 3 3 6 1 6 5 4 4 4 4 9 1 9 9 2 1 7 9 0 4 7 6 9 0 8 1 7 6 2 2 1 3 1 1 3 2 7 9 6 1 7 5 0 6 2 7 1 2 2 2 3 4 0 2 7 1 4 7 2 2 6 3 2 1 9 2 1 0 7 1 6 1 4 7 5 1 2 9 4 5 4 5 3 6 3 5 2 3 0 0 2 7 8 9 6 9 7 5 0 3 2 6 3 4 3 6 6 7 4 6 9 6 7 2 0 0 7 2 5 3 9 0 3 7 7 1 1 6 2 6 3 3 1 7 5 0 0 7 3 2 6 3 5 3 4 3 2 2 5 9 1 6 4 6 7 5 3 6 9 6 7 1 1 1 7 2 6 0 9 4 3 2 1 1 0 0 9 2 5 1 0 3 1 5 4 9 0 9 4 6 4 4 0 3 1 2 6 7 0 1 4 6 7 2 2 7 6 5 5 9 2 0 4 4 3 7 4 4 6 4 2 7 9 2 6 4 6 9 9 6 0 9 1 1 0 5 0 3 9 7 5 2 2 1 9 7 8 7 4 4 6 5 7 2 1 3 1 3 2 9 1 3 9 5 1 2 2 3 1 5 3 0 0 6 7 1 5 7 0 9 6 0 0 0 1 7 4 9 2 5 3 1 9 8 8 1 7 0 5 0 9 9 7 4 0 5 7 9 9 7 1 9 2 4 2 0 2 7 3 3 7 7 1 6,7008467204b33f60d770f8ce4325c6721e6ba160e0cf353e1d8d49a18a4bee08
primary,8,12003,3,0.8495821727019499,5 4 0 1 6 9 9 2 0 6 1 3 1 1 7 0 8 8 5 8 0 9 1 6 9 5 3 4 1 9 1 9 1 3 4 3 3 6 1 6 5 4 4 6 4 9 1 9 9 1 1 7 9 0 4 7 8 9 0 5 1 7 6 2 2 1 3 1 1 3 2 7 9 6 1 7 5 5 6 2 7 1 2 2 2 3 4 0 2 7 1 4 7 2 2 6 3 1 1 9 2 1 0 7 1 6 1 4 7 5 1 2 9 4 5 4 5 3 6 3 5 2 3 0 0 2 7 8 9 6 9 7 5 0 9 2 6 3 4 3 6 6 7 1 6 9 6 7 8 0 0 7 2 5 3 9 0 3 7 8 1 1 6 2 6 3 3 9 7 5 0 0 7 3 2 6 3 5 3 4 3 2 2 5 8 1 6 4 6 7 5 3 6 9 6 7 1 1 1 7 8 6 0 9 4 3 2 1 1 0 0 9 2 5 4 0 3 1 9 4 9 0 9 4 6 0 4 0 3 1 2 6 7 0 1 4 8 7 2 2 7 6 5 5 9 2 0 4 4 2 7 4 4 1 4 2 7 9 8 6 4 6 9 9 6 0 9 1 1 0 9 0 3 9 7 5 2 2 1 9 7 8 7 4 4 6 5 4 1 9 3 1 3 2 9 4 8 9 5 1 2 2 3 1 5 3 0 0 6 7 1 5 7 0 9 6 0 0 0 1 7 4 9 2 5 3 1 9 8 8 8 7 8 5 0 9 9 7 4 0 5 7 9 9 7 4 3 2 6 2 0 2 7 3 3 7 7 8 6,53b11069e43a087ee63eced68d271bcd1278f2296e6cc45cb69775fc3499a0f3
primary,8,12003,4,0.8690807799442897,5 4 0 1 6 9 9 2 0 6 1 3 1 1 7 0 8 9 5 8 0 9 1 6 9 5 3 4 1 9 1 9 8 3 4 3 3 6 1 6 5 4 4 6 4 9 1 9 9 1 1 7 3 0 4 7 7 9 0 5 1 7 6 2 2 4 3 1 1 3 2 7 3 6 1 7 5 5 6 2 7 1 2 2 2 3 4 0 2 7 1 4 7 2 2 6 3 1 1 9 2 1 0 7 1 6 1 4 7 5 1 2 9 4 5 4 5 3 6 3 5 2 3 0 0 2 7 3 9 6 9 7 5 0 9 2 6 3 4 3 6 6 7 1 6 5 6 7 8 0 0 7 2 5 3 9 0 3 7 8 1 1 6 2 6 3 3 1 7 5 0 0 7 3 1 6 3 5 3 4 3 2 2 5 5 1 6 4 6 7 5 0 6 9 6 7 1 1 1 7 8 6 0 9 4 3 2 1 1 0 0 9 2 5 4 0 3 1 5 4 9 0 9 4 6 0 4 0 3 1 2 6 7 0 1 4 8 7 2 2 7 6 5 5 9 2 0 4 4 2 7 4 7 3 4 2 7 9 8 6 4 6 9 9 6 0 9 1 1 0 5 0 3 9 7 5 2 2 1 9 7 8 7 4 4 6 5 4 1 1 3 1 3 2 9 4 3 9 5 4 2 2 3 1 5 3 0 0 6 7 1 5 7 0 5 6 0 0 0 1 7 4 9 2 5 3 1 9 8 8 8 7 8 5 0 9 9 7 4 0 5 7 9 9 7 4 3 2 6 2 0 2 7 3 3 7 7 3 6,0afeeea85664118999071b24a7e398bc00fd669bb56ab6f89d83d6c76fd4ca00
primary,8,12003,5,0.8885793871866295,5 4 0 1 6 9 9 2 0 6 1 3 1 1 7 0 8 9 5 8 0 9 1 6 5 5 3 4 1 9 8 9 8 3 4 3 3 6 1 6 5 4 4 5 4 9 1 9 9 1 1 7 9 0 4 7 8 9 0 5 1 7 6 2 2 4 3 1 1 3 2 7 9 6 1 7 5 5 6 2 7 1 2 2 2 3 4 0 2 7 1 4 7 2 2 6 3 1 1 9 2 1 0 7 1 6 1 4 7 5 1 2 9 4 5 4 5 3 6 3 5 2 3 0 0 2 7 3 9 6 9 7 5 0 9 2 6 3 4 3 6 6 7 1 6 5 6 7 8 0 0 7 2 5 3 9 0 3 7 8 1 1 6 8 6 3 3 1 7 5 0 0 7 3 1 6 3 5 3 4 3 2 2 5 5 1 6 4 6 7 5 0 6 9 6 7 1 1 1 7 8 6 0 9 4 3 2 1 1 0 0 9 2 5 4 0 3 1 5 4 9 0 9 4 6 0 4 0 3 1 2 6 7 0 1 4 8 7 2 2 7 6 5 5 9 2 0 4 4 8 7 4 7 8 4 2 7 9 8 6 4 6 9 9 6 0 9 1 1 0 5 0 3 9 7 5 2 2 1 9 7 8 7 4 4 6 5 4 1 1 3 1 3 2 9 4 8 9 5 4 2 2 9 1 5 3 0 0 6 7 1 5 7 0 5 6 0 0 0 1 7 4 9 2 5 3 1 9 8 8 8 7 8 5 0 9 9 7 4 0 5 7 9 9 7 4 3 2 6 2 0 2 7 3 3 7 7 3 6,0cc4239426cdb759bcd7847e68f85733f48c7b66c4710c2bc62aeae3dc354df7
primary,8,12004,1,0.5766016713091922,5 9 2 1 0 9 3 8 0 9 1 7 1 1 5 0 3 9 5 5 0 9 1 6 9 5 7 1 1 9 6 9 8 3 1 2 3 6 1 0 5 5 4 5 4 9 2 9 9 2 3 1 3 0 4 7 7 9 0 0 3 1 2 2 1 1 3 1 1 7 2 7 9 6 1 8 5 5 0 9 0 2 2 2 2 3 2 0 8 1 5 4 7 2 2 6 3 2 3 9 8 2 0 5 1 0 1 1 7 5 1 5 4 5 5 4 5 3 9 8 5 2 3 0 2 3 7 3 9 0 9 7 5 0 9 3 6 9 5 3 2 6 8 5 6 9 6 7 2 0 0 7 2 5 3 9 0 3 7 4 1 2 6 3 0 9 3 4 5 5 0 0 5 3 1 9 3 5 3 6 3 2 3 5 3 2 6 1 6 5 5 2 6 9 0 7 8 3 1 1 1 9 0 9 1 3 1 1 8 0 0 9 2 5 1 0 2 1 5 1 9 0 9 1 6 0 1 0 2 3 1 6 1 0 6 4 2 5 2 2 7 0 5 4 9 2 2 4 1 3 7 4 7 3 4 7 7 9 3 1 6 6 9 9 0 0 9 1 2 0 5 2 3 9 7 5 2 5 1 9 3 2 5 4 1 1 5 0 1 8 3 3 7 0 9 8 8 5 5 1 2 2 9 1 5 3 0 2 9 5 1 5 7 0 5 0 0 0 0 0 5 1 4 2 5 9 1 9 2 0 5 7 2 5 0 9 9 7 1 0 5 7 0 9 7 6 3 2 5 5 0 2 7 2 3 8 7 7 0,867d277f225922f9e9221a23988a07cea16693d747f285128c1d98cfc6dd21a9
primary,8,12004,2,0.8356545961002786,5 4 0 1 6 9 3 2 0 6 1 3 1 1 7 0 8 3 5 5 0 9 1 6 9 5 3 4 1 9 1 9 8 3 4 3 3 6 1 6 5 4 4 5 4 9 1 9 9 1 3 7 3 0 4 7 8 9 0 1 1 7 6 2 1 4 3 1 1 3 2 7 9 6 1 7 5 5 6 2 7 1 2 2 2 3 4 0 2 7 5 4 7 2 2 6 3 1 1 9 2 6 0 7 1 6 1 4 7 5 1 2 9 4 5 4 5 3 6 3 5 2 3 0 0 2 7 3 9 6 9 7 5 0 9 2 6 9 4 3 6 6 7 1 6 5 6 7 2 0 0 7 2 5 3 9 0 3 7 3 1 6 6 3 6 3 3 1 7 5 0 0 7 3 1 6 3 5 3 4 3 2 3 5 1 2 6 4 6 5 5 2 6 9 6 7 1 1 1 7 7 6 0 9 4 3 1 1 1 0 0 9 2 5 4 0 3 1 5 4 9 0 3 4 6 0 4 0 3 7 2 6 7 0 1 4 3 7 2 2 7 6 5 5 9 2 0 4 4 7 7 4 4 3 4 2 7 9 8 6 4 6 9 9 6 0 9 7 6 0 5 0 3 9 7 5 2 2 1 9 7 2 7 4 4 6 5 4 1 9 3 1 3 2 9 4 8 5 5 4 2 2 9 1 5 3 0 0 6 7 1 5 7 0 5 6 0 0 0 1 7 4 7 2 5 9 1 9 8 8 5 7 8 5 0 9 9 4 4 0 5 7 9 9 7 4 3 2 6 2 0 2 7 2 3 7 7 1 6,347ac9b0e440020d782101fb1b2625954112ffd03ec790764f9e9a5c1dcf34c6
primary,8,12004,3,0.8802228412256268,5 4 0 1 6 9 9 2 0 6 1 3 1 1 7 0 8 9 5 8 0 9 1 6 9 5 1 4 1 9 8 9 8 3 4 3 3 6 1 6 5 4 4 5 4 9 1 9 9 1 1 7 9 0 4 7 8 9 0 5 1 7 6 2 1 4 3 1 1 3 2 7 9 6 1 7 5 8 6 2 7 1 2 2 2 3 4 0 2 7 1 4 7 2 2 6 3 1 1 9 2 8 0 5 1 6 1 4 7 5 1 2 9 4 5 4 5 3 6 3 5 2 3 0 0 2 7 9 9 6 9 7 5 0 9 2 6 9 4 3 6 6 7 1 6 5 6 7 8 0 0 7 2 5 3 9 0 3 7 1 1 8 6 7 6 3 3 1 7 5 0 0 7 3 1 6 3 5 3 4 3 2 2 5 1 2 6 4 6 7 5 0 6 9 6 7 1 1 1 7 5 6 0 9 4 3 1 1 1 0 0 9 2 5 4 0 3 1 5 4 9 0 9 4 6 0 4 0 3 8 2 6 7 0 1 4 8 7 2 2 7 6 5 5 9 2 0 4 4 8 7 4 7 3 4 2 7 9 8 5 4 6 9 9 6 0 9 1 8 0 5 0 3 9 7 5 2 9 1 9 7 8 7 4 4 6 5 4 1 9 3 1 3 2 9 4 8 5 5 4 2 2 9 1 5 3 0 0 6 7 1 5 7 0 5 6 0 0 0 1 7 4 9 2 5 9 1 9 8 8 5 7 8 5 0 9 9 7 4 0 5 7 9 9 7 4 9 2 6 2 0 2 7 2 3 7 7 1 6,66f9926002145cc518393e503342d92d94b3d76db83848ff9d9dcb009905fac4
primary,8,12004,4,0.8913649025069638,5 4 0 1 6 9 9 2 0 6 1 3 1 1 7 0 8 9 5 8 0 9 1 6 3 5 3 4 1 9 8 9 8 3 4 3 3 6 1 6 5 4 4 5 4 9 1 9 9 1 1 7 3 0 4 7 8 9 0 5 1 7 6 2 1 4 3 1 1 3 2 7 9 6 1 7 5 8 6 2 7 1 2 2 2 3 4 0 2 7 8 4 7 2 2 6 3 1 1 9 2 8 0 5 1 6 1 4 7 5 1 2 9 4 5 4 5 3 6 3 5 2 3 0 0 2 7 3 9 6 9 7 5 0 9 2 6 9 4 3 6 6 7 1 6 5 6 7 8 0 0 7 2 5 3 9 0 3 7 1 8 8 6 2 6 3 3 1 7 5 0 0 8 3 1 6 3 5 8 4 3 2 2 5 5 8 6 4 6 7 5 0 6 9 6 7 1 1 1 7 8 6 0 9 4 3 2 1 1 0 0 9 2 5 4 0 3 1 5 4 9 0 9 4 6 0 4 0 3 8 2 6 7 0 1 4 8 7 2 2 7 6 5 5 9 2 0 4 4 8 7 4 7 3 4 2 7 9 8 6 4 6 9 9 6 0 9 1 8 0 5 0 3 9 7 5 2 2 1 9 7 8 7 4 4 6 5 4 1 9 3 1 3 2 9 4 8 5 5 4 2 2 9 1 5 3 0 0 6 7 1 5 7 0 5 6 0 0 0 1 7 4 9 2 5 9 1 9 8 8 8 7 8 5 0 9 9 7 4 0 5 7 9 9 7 4 3 2 6 2 0 2 7 8 3 7 7 1 6,d868012db7e94c00aa1b956f2c5d75edb8d95fa0f9fd82151d8e79d9e49d1866
primary,8,12004,5,0.8997214484679665,5 4 0 1 6 9 9 2 6 6 6 3 1 1 7 0 8 3 5 8 0 9 1 6 5 5 3 4 1 9 8 9 8 3 4 3 3 6 1 6 5 4 4 5 4 9 1 9 9 1 1 7 3 0 4 7 8 9 0 5 1 7 6 2 2 4 3 1 1 3 2 7 9 6 1 7 5 8 6 2 7 1 2 2 2 3 4 0 2 7 8 4 7 2 2 6 3 1 1 9 2 8 0 8 1 6 1 4 7 5 1 2 9 4 5 4 5 3 6 3 5 2 3 0 0 2 7 9 9 6 9 7 5 0 9 2 6 3 4 3 6 6 7 1 6 5 6 7 8 0 0 7 2 5 3 9 0 3 7 8 1 8 6 2 6 3 3 1 7 5 0 0 7 3 1 6 3 5 3 4 3 2 2 5 5 2 6 4 6 7 5 9 6 9 6 7 1 1 1 7 5 6 0 9 4 3 1 1 1 0 0 9 2 5 4 0 3 1 5 4 9 0 9 4 6 0 4 0 3 8 2 6 7 0 1 4 8 7 2 2 7 6 5 5 9 2 0 4 4 8 7 4 7 3 4 2 7 9 8 6 4 6 9 9 6 0 9 1 8 0 5 0 3 9 7 5 2 2 1 9 7 8 7 4 4 6 5 4 1 1 3 1 3 2 9 4 8 5 5 4 2 2 9 1 5 3 0 0 6 7 1 5 7 0 5 6 0 0 0 1 7 4 9 2 5 3 1 9 8 8 8 7 8 5 0 9 9 7 4 0 5 7 9 9 7 4 3 2 6 2 0 2 7 2 3 7 7 1 6,aab6527251d04e6976ff76bd43c222195fc0deda2c2bff20ec41d7b39e5d02c5
primary,8,12005,1,0.479108635097493,5 1 0 2 8 4 4 2 8 4 1 3 1 1 7 0 8 5 5 7 0 5 1 8 4 5 1 9 1 1 4 5 1 3 9 3 3 8 1 6 5 1 4 8 8 1 3 0 5 1 2 1 5 0 8 7 7 5 0 5 2 7 8 1 1 9 3 1 1 3 1 7 1 8 1 7 5 1 4 1 7 1 2 1 5 3 1 0 3 7 1 1 7 2 5 6 5 1 1 5 2 2 5 7 1 8 1 0 7 5 1 1 1 1 5 4 5 5 4 5 5 1 5 0 0 2 7 4 3 8 3 7 5 8 5 2 6 3 8 3 6 4 7 1 1 5 8 7 2 0 0 7 1 5 3 3 0 3 7 5 1 4 4 8 8 5 5 1 7 5 0 5 7 5 1 8 3 5 3 8 3 2 2 5 3 2 4 1 4 7 1 4 8 5 8 7 2 8 1 7 1 8 0 6 1 3 1 2 1 0 5 3 2 5 1 0 3 2 5 4 3 9 3 4 4 8 4 0 3 1 2 8 4 0 1 8 7 7 2 2 7 8 5 4 0 2 0 9 8 3 7 8 7 7 8 3 7 3 2 4 1 8 3 1 4 0 3 7 4 0 5 5 3 3 7 5 2 5 1 5 7 3 1 9 1 1 1 4 1 1 3 1 3 2 3 9 3 1 5 1 2 2 3 2 5 3 0 9 8 7 1 1 7 0 5 8 0 0 0 9 9 9 1 5 5 3 1 1 8 8 1 7 3 5 0 5 3 7 8 0 5 7 1 5 7 9 5 2 8 1 0 3 7 3 3 7 7 7 4,67be3a5c3397c38090cc857358ed2040ba2b168bd844104b1b7568dcdc793a8b
primary,8,12005,2,0.8467966573816156,5 4 0 1 6 9 9 2 0 6 6 3 1 1 7 0 8 9 5 1 0 3 1 6 5 5 1 4 1 9 8 9 1 3 4 3 3 6 1 6 5 4 4 6 4 9 2 9 9 1 8 7 9 0 4 7 7 9 0 5 1 7 6 2 1 4 3 1 1 3 2 7 9 6 1 7 5 1 6 2 7 1 2 2 2 3 4 0 3 7 1 4 7 2 2 6 3 1 1 9 2 4 0 1 1 6 1 4 7 5 1 2 1 4 5 4 5 3 6 3 5 2 3 0 0 2 7 3 9 6 3 7 5 0 5 2 6 3 4 3 6 6 7 1 6 5 6 7 8 0 0 7 2 5 3 9 0 3 7 8 1 4 6 8 6 9 3 9 7 5 0 0 7 3 1 6 3 5 3 4 3 2 2 5 3 8 6 4 6 7 5 0 6 5 6 7 1 1 1 8 8 6 0 9 4 3 1 1 1 0 0 9 2 5 4 0 3 1 5 4 3 0 3 4 6 4 4 0 3 8 2 6 7 0 1 4 3 7 2 2 7 6 5 5 9 2 0 4 4 2 7 4 7 3 4 2 7 9 8 4 4 6 9 9 6 0 9 8 4 0 5 0 3 3 7 5 2 5 1 9 7 8 7 4 4 6 5 4 1 9 3 1 3 2 9 4 3 9 5 1 2 2 9 1 5 3 0 0 6 7 1 5 7 0 5 6 0 0 0 1 8 4 9 2 5 3 1 9 8 8 1 7 8 5 0 9 3 7 4 0 5 7 9 9 7 4 3 2 6 2 0 2 7 8 3 7 7 2 6,74620ce57d36a54bb2b80f2f83981545b0489c9097fb2c787f85703437a24ca1
primary,8,12005,3,0.8857938718662952,5 4 0 1 6 9 9 2 0 6 6 3 1 1 7 0 8 9 5 8 0 9 1 6 5 5 3 4 1 9 8 9 8 3 4 3 3 6 1 6 5 4 4 6 4 9 8 9 9 1 8 7 9 0 4 7 8 9 0 5 1 7 6 2 1 4 3 1 1 3 2 7 9 6 1 7 5 5 6 2 7 3 2 2 2 3 4 0 2 7 1 4 7 2 2 6 3 1 1 9 2 6 0 7 1 6 1 4 7 5 1 2 9 4 5 4 5 9 6 3 5 2 3 0 0 2 7 3 9 6 9 7 5 0 9 2 6 3 4 3 6 6 7 1 6 5 6 7 8 0 0 7 2 5 3 9 0 3 7 8 1 6 6 8 6 9 3 9 7 5 0 0 7 3 1 6 3 5 3 4 3 2 2 5 5 8 6 4 6 7 5 0 6 9 6 7 1 1 1 7 5 6 0 9 4 3 2 1 1 0 0 9 2 5 4 0 3 1 5 4 3 0 9 4 6 4 4 0 3 8 2 6 7 0 1 4 8 7 2 2 7 6 5 5 9 2 0 4 4 2 7 4 7 8 4 2 7 9 8 6 4 6 9 9 6 0 9 1 6 0 5 0 3 9 7 5 2 9 1 9 7 8 7 4 4 6 5 4 1 9 3 1 3 2 9 4 8 9 5 4 2 2 9 1 5 3 0 0 6 7 1 5 7 0 5 6 0 0 0 1 8 4 9 2 5 3 1 9 8 8 8 7 8 5 0 9 3 7 4 0 5 7 9 9 7 4 3 2 6 2 0 2 7 2 3 7 7 3 6,c1d407b328bf3eebe95c7f94893c676bf4f423d2143a13a21b28b5e23759e21e
primary,8,12005,4,0.8662952646239555,5 4 0 1 6 9 9 2 0 6 1 3 1 1 7 0 8 5 5 8 0 9 1 6 5 5 3 4 1 9 1 9 8 3 4 3 3 6 1 6 5 4 4 1 4 9 8 9 9 1 2 7 9 0 4 7 8 9 0 5 1 7 6 2 1 4 3 1 1 3 2 7 9 6 1 7 5 5 6 2 7 1 2 2 2 3 4 0 2 7 1 4 7 2 2 6 3 1 1 9 2 8 0 5 1 6 1 4 7 5 1 2 9 4 5 4 5 9 6 3 5 2 3 0 0 2 7 3 9 6 9 7 5 0 9 2 6 3 4 3 6 6 7 1 6 5 6 7 8 0 0 7 2 5 3 9 0 3 7 5 1 6 6 2 6 9 3 1 7 5 0 0 7 3 1 6 3 5 3 4 3 2 2 5 5 2 6 4 6 5 5 0 6 9 6 7 1 1 1 7 5 6 0 9 4 3 2 1 1 0 0 9 2 5 4 0 3 1 5 4 3 0 9 4 6 4 4 0 3 8 2 6 7 0 1 4 3 7 2 2 7 6 5 5 9 2 0 4 4 2 7 4 7 8 4 2 7 9 2 6 4 6 9 9 6 0 9 7 6 0 5 0 3 9 7 5 2 2 1 9 7 8 7 4 4 6 5 4 1 9 3 1 3 2 9 4 2 5 5 4 2 2 9 1 5 3 0 0 6 7 1 5 7 0 5 6 0 0 0 1 7 4 9 2 5 3 1 9 8 8 5 7 8 5 0 9 3 7 4 0 5 7 9 9 7 4 9 2 6 2 0 2 7 2 3 7 7 3 6,d78545923a250364a6f931a335faca502dc11842090caf4bc047023338a43b0c
primary,8,12005,5,0.8969359331476323,5 4 0 1 6 9 9 2 0 6 6 3 1 1 7 0 8 9 5 8 0 9 1 6 5 5 3 4 1 9 8 9 8 3 4 3 3 6 1 6 5 4 4 1 4 9 8 9 9 1 1 7 9 0 4 7 8 9 0 5 1 7 6 2 1 4 3 1 1 3 2 7 9 6 1 7 5 5 6 2 7 1 2 2 2 3 4 0 2 7 1 4 7 2 2 6 3 1 1 9 2 6 0 7 1 6 1 4 7 5 1 2 9 4 5 4 5 9 6 3 5 2 3 0 0 2 7 3 9 6 9 7 5 0 9 2 6 9 4 3 6 6 7 1 6 5 6 7 8 0 0 7 2 5 3 9 0 3 7 8 1 6 6 2 6 9 3 1 7 5 0 0 7 3 1 6 3 5 3 4 3 2 2 5 5 1 6 4 6 7 5 0 6 5 6 7 1 1 1 7 5 6 0 9 4 3 2 1 1 0 0 9 2 5 4 0 3 1 5 4 9 0 9 4 6 0 4 0 3 8 2 6 7 0 1 4 8 7 2 2 7 6 5 5 9 2 0 4 4 2 7 4 7 8 4 2 7 9 8 6 4 6 9 9 6 0 9 1 8 0 5 0 3 9 7 5 2 2 1 9 7 8 7 4 4 6 5 4 1 1 3 1 3 2 9 4 8 5 5 4 2 2 9 1 5 3 0 0 6 7 1 5 7 0 5 6 0 0 0 1 7 4 9 2 5 3 1 9 8 8 8 7 8 5 0 9 3 7 4 0 5 7 9 9 7 4 3 2 6 2 0 2 7 3 3 7 7 3 6,6725714b59cb5bd2ea41813b0a90653e51f7c0d3498fec2080a073bfba56b9f9
primary,8,12006,1,0.5459610027855153,5 0 0 2 6 9 3 8 8 2 6 9 6 6 2 0 8 5 0 5 0 3 1 6 0 5 7 1 6 9 1 9 8 3 4 2 9 6 6 0 9 0 4 1 0 9 8 9 9 5 1 2 9 0 4 7 8 9 0 2 2 2 6 2 1 0 3 1 0 2 1 7 9 6 2 7 5 9 0 2 7 1 2 2 0 2 4 0 8 2 1 0 7 0 2 2 9 1 1 9 2 8 0 9 6 5 1 4 7 5 6 2 2 4 0 0 5 9 0 3 5 2 9 0 0 2 7 1 3 6 3 7 5 0 9 1 6 9 0 2 6 6 0 1 6 0 6 7 2 0 0 7 0 5 3 3 0 3 7 8 2 1 6 6 8 9 9 9 7 0 8 0 6 9 1 6 3 5 8 0 5 0 2 9 0 2 6 4 6 7 0 3 6 9 4 7 1 6 1 7 7 6 0 3 4 3 1 2 6 0 0 9 2 5 6 0 3 1 0 4 9 8 9 4 1 0 0 0 3 7 1 6 6 0 1 4 8 7 2 2 7 6 7 0 3 0 0 7 4 2 7 4 2 0 4 2 7 9 8 5 0 6 3 9 6 0 3 7 1 0 9 0 3 3 7 0 1 0 6 9 6 5 7 4 4 6 5 7 1 3 9 3 3 0 3 0 8 9 5 4 2 1 3 2 5 3 0 8 2 7 6 0 7 0 9 6 0 5 0 3 7 4 7 0 5 3 1 9 8 5 5 7 8 5 0 9 3 2 4 0 5 7 9 3 7 0 9 2 5 2 0 0 7 1 3 7 7 5 6,2113c6d075caa00048ded5e43c4e0e69d829373f7d5a28c27da362d62db0d5c8
primary,8,12006,2,0.8579387186629527,5 4 0 1 6 9 9 2 0 6 1 3 1 1 7 0 8 8 5 8 0 3 1 6 9 5 3 4 1 9 1 9 8 3 4 2 3 6 1 6 5 4 4 1 4 9 1 9 9 4 1 7 3 0 4 7 8 9 0 0 8 7 6 2 1 4 3 1 1 3 2 7 9 6 1 7 5 7 6 2 7 1 2 2 2 3 4 0 2 7 6 4 7 2 2 6 3 1 1 9 2 1 0 7 1 6 1 4 7 5 1 2 9 4 5 4 5 3 6 3 5 2 3 0 0 2 7 8 9 6 9 7 5 0 9 2 6 3 4 3 6 6 7 2 6 5 6 7 8 0 0 7 2 5 3 9 0 3 7 8 4 8 6 7 6 3 3 9 7 5 0 0 7 3 1 6 3 5 8 4 3 2 2 9 3 8 6 4 6 7 5 3 6 9 6 7 1 1 1 4 5 6 0 9 4 3 1 1 1 0 0 9 2 5 4 0 3 1 9 4 9 0 9 4 6 0 4 0 3 7 2 6 7 0 1 4 8 7 2 2 7 6 5 5 9 2 0 4 4 3 7 4 7 1 4 2 7 9 8 6 4 6 3 9 6 0 9 7 8 0 5 0 3 3 7 5 2 0 1 9 7 8 7 4 4 6 5 4 1 1 3 1 3 2 3 4 5 9 5 4 2 2 9 1 5 3 0 0 6 7 1 5 7 0 5 6 0 0 0 1 7 4 7 3 5 9 1 9 8 6 8 7 8 5 0 9 8 7 4 0 5 7 9 9 7 4 3 2 6 2 0 2 7 5 3 7 7 3 6,30d4e0d3605085398ca587f7901026dfa9ecef721c295ae12df5838c260b3a4d
primary,8,12006,3,0.8857938718662952,5 4 0 1 6 9 9 2 0 6 1 3 1 1 7 0 8 8 5 8 0 3 1 6 6 5 3 4 1 9 8 9 8 3 4 2 3 6 1 6 5 4 4 6 4 9 1 9 9 1 2 7 3 0 4 7 7 9 0 5 8 7 6 2 1 4 3 1 1 3 2 7 9 6 1 7 5 8 6 2 7 1 2 2 2 3 4 0 2 7 8 4 7 2 2 6 3 1 1 9 2 8 0 7 1 6 1 4 7 5 1 2 9 4 5 4 5 3 6 3 5 2 3 0 0 2 7 8 9 6 9 7 5 0 9 2 6 9 4 3 6 6 7 1 6 5 6 7 8 0 0 7 2 5 3 9 0 3 7 8 8 8 6 7 6 3 3 9 7 5 0 0 7 3 1 6 3 5 8 4 3 2 2 5 3 1 6 4 6 7 5 3 6 9 6 7 1 1 1 7 5 6 0 9 4 3 2 1 1 0 0 9 2 5 4 0 3 1 5 4 9 0 9 4 6 0 4 0 3 7 2 6 7 0 1 4 8 7 2 2 7 6 5 5 9 2 0 4 4 8 7 4 7 3 4 2 7 9 8 6 4 6 3 9 6 0 9 7 8 0 5 0 3 9 7 5 2 0 1 9 7 8 7 4 4 6 5 4 1 1 3 1 3 2 9 4 8 5 5 4 2 2 9 1 5 3 0 0 6 7 1 5 7 0 5 6 0 0 0 8 7 4 7 3 5 3 1 9 8 8 8 7 8 5 0 9 8 7 4 0 5 7 9 9 7 4 3 2 6 2 0 2 7 8 3 7 7 3 6,e7e2a6ef7c91ed56298e9628296a34977f6712c927d0dcc0f5926ea6f38eabbb
primary,8,12006,4,0.8913649025069638,5 4 0 1 6 9 9 2 0 6 1 3 1 1 7 0 8 8 5 8 0 9 1 6 5 5 3 4 1 9 8 9 8 3 4 3 3 6 1 6 5 4 4 6 4 9 1 9 9 1 1 7 3 0 4 7 8 9 0 5 1 7 6 2 1 4 3 1 1 3 2 7 9 6 1 7 5 9 6 2 7 1 2 2 2 3 4 0 3 7 8 4 7 2 2 6 3 1 1 9 2 8 0 7 1 6 1 4 7 5 1 2 9 4 5 4 5 3 6 3 5 2 3 0 0 2 7 3 9 6 9 7 5 0 9 2 6 3 4 3 6 6 7 5 6 5 6 7 8 0 0 7 2 5 3 9 0 3 7 8 4 8 6 7 6 3 3 9 7 5 0 0 7 3 1 6 3 5 3 4 3 2 2 5 5 1 6 4 6 7 5 3 6 9 6 7 1 1 1 4 8 6 0 9 4 3 2 1 1 0 0 9 2 5 4 0 3 1 5 4 9 0 9 4 6 0 4 0 3 7 2 6 7 0 1 4 8 7 2 2 7 6 5 5 9 2 0 4 4 8 7 4 7 3 4 2 7 9 8 6 4 6 9 9 6 0 9 1 8 0 5 0 3 9 7 5 2 0 1 9 7 8 7 4 4 6 5 4 1 1 3 1 3 2 9 4 8 9 5 4 2 2 9 1 5 3 0 0 6 7 1 5 7 0 5 6 0 0 0 1 7 4 9 3 5 3 1 9 8 8 8 7 8 5 0 9 9 7 4 0 5 7 9 9 7 4 3 2 6 2 0 2 7 8 3 7 7 3 6,b169fe16eaffea6ee7d90c8b48682869d077a8f77940bcf8a851ef05ca077f01
primary,8,12006,5,0.9025069637883009,5 4 0 1 6 9 9 2 0 6 1 3 1 1 7 0 8 8 5 8 0 3 1 6 5 5 3 4 1 9 8 9 8 3 4 3 3 6 1 6 5 4 4 6 4 9 1 9 9 1 2 7 3 0 4 7 8 9 0 5 1 7 6 2 1 4 3 1 1 3 2 7 9 6 1 7 5 9 6 2 7 1 2 2 2 3 4 0 2 7 8 4 7 2 2 6 3 1 1 9 2 8 0 7 1 6 1 4 7 5 1 2 9 4 5 4 5 3 6 3 5 2 3 0 0 2 7 3 9 6 9 7 5 0 9 2 6 3 4 3 6 6 7 6 6 5 6 7 8 0 0 7 2 5 3 9 0 3 7 8 8 8 6 8 6 3 3 1 7 5 0 0 7 3 1 6 3 5 3 4 3 2 2 5 5 1 6 4 6 7 5 3 6 9 6 7 1 1 1 7 8 6 0 9 4 3 2 1 1 0 0 9 2 5 4 0 3 1 5 4 9 0 9 4 6 0 4 0 3 8 2 6 7 0 1 4 8 7 2 2 7 6 5 5 9 2 0 4 4 8 7 4 7 2 4 2 7 9 8 6 4 6 9 9 6 0 9 1 8 0 5 0 3 9 7 5 2 3 1 9 7 8 7 4 4 6 5 4 1 1 3 1 3 2 9 4 8 5 5 4 2 2 9 1 5 3 0 0 6 7 1 5 7 0 5 6 0 0 0 1 8 4 9 3 5 3 1 9 8 8 8 7 8 5 0 9 9 7 4 0 5 7 9 9 7 4 3 2 6 2 0 2 7 8 3 7 7 3 6,1b24ab7605d607f2fb00a2875e526b275c86cc8f377da6ca19cb5efc42fea9b7
primary,8,12007,1,0.5348189415041783,5 1 0 2 5 3 3 2 1 1 1 3 8 8 2 0 5 3 5 1 0 3 1 6 9 5 8 4 8 0 1 9 2 3 4 2 3 4 1 4 5 5 4 8 4 1 1 1 1 7 2 5 3 0 4 2 1 3 0 5 1 2 6 2 2 4 3 1 1 2 2 2 0 4 1 7 5 7 6 2 7 3 2 2 2 2 7 0 2 5 8 4 7 2 2 5 3 3 1 9 2 3 0 3 1 6 1 4 2 5 1 5 1 4 7 5 5 3 5 3 2 2 3 0 0 2 5 7 0 4 3 7 5 0 1 2 4 0 5 3 4 6 3 2 4 5 4 2 1 0 0 7 2 5 3 9 0 3 3 8 1 1 6 5 6 3 3 9 3 5 0 0 8 3 1 0 3 7 2 4 3 2 2 9 3 1 6 4 6 7 2 0 4 0 4 7 3 8 1 3 8 4 0 3 4 3 1 1 8 0 9 3 2 5 4 0 3 4 9 4 9 0 3 4 6 0 4 0 3 3 2 4 5 0 1 4 3 7 2 2 3 4 5 5 3 2 0 1 5 2 2 5 3 3 1 3 7 9 2 5 4 4 1 3 5 0 0 1 9 0 9 0 3 3 2 5 2 3 8 0 5 5 4 4 4 1 5 5 1 1 9 9 3 2 9 4 3 5 7 1 2 2 3 1 9 3 0 0 1 7 8 5 7 0 5 4 0 0 1 3 2 4 7 2 9 9 1 0 3 5 8 7 8 5 0 0 3 3 4 0 5 3 3 1 7 4 3 2 5 2 0 2 2 5 3 7 7 3 4,ce21978c0c28b7040a0d345e676fe96e2bebaddbc0438e320395cc03b0e1792d
primary,8,12007,2,0.8245125348189415,5 4 0 1 6 3 9 2 4 1 1 3 1 1 7 0 2 3 5 8 0 3 1 6 9 5 7 4 1 3 1 9 8 3 4 3 3 6 1 6 5 4 4 8 4 9 1 9 9 1 1 1 3 0 4 7 7 3 0 5 1 7 6 2 1 4 3 1 1 3 2 7 9 6 1 7 5 7 6 2 7 1 2 2 2 3 4 0 2 7 1 4 7 2 2 6 3 1 1 9 2 1 0 7 1 6 1 4 7 5 1 2 9 4 5 5 5 3 6 3 5 2 3 0 0 2 7 3 9 6 9 7 5 0 9 2 6 3 4 3 6 6 7 1 6 9 6 7 1 0 0 7 2 5 3 9 0 3 7 8 1 1 6 2 6 3 3 1 7 5 0 0 7 3 1 6 3 5 1 4 3 2 2 9 8 1 6 4 6 7 5 3 6 9 6 7 1 8 1 7 5 6 0 9 4 3 1 1 1 0 0 3 2 5 1 0 3 1 5 4 9 0 9 4 6 0 4 0 3 1 2 6 5 0 1 4 3 7 2 2 7 6 5 5 9 2 0 4 4 2 7 4 7 1 4 7 7 9 8 6 4 6 9 9 6 0 9 1 1 0 9 0 3 3 7 5 2 3 1 9 7 2 7 4 4 6 5 4 1 1 3 1 3 2 9 4 8 5 5 1 2 2 3 1 5 3 0 0 6 7 1 5 7 0 5 6 0 0 0 1 7 4 7 2 5 3 1 9 2 8 8 7 8 5 0 0 3 7 4 0 5 7 9 9 7 4 3 2 6 2 0 2 7 8 3 7 7 3 6,e9680c93910b6518a2a3f2139516ac44ae14a5cac2eeb714369788e2be191e95
primary,8,12007,3,0.8440111420612814,5 4 0 1 6 3 3 2 0 1 1 3 1 1 7 0 8 3 5 8 0 3 1 6 9 5 2 4 1 9 1 9 8 3 4 3 3 6 1 6 5 4 4 1 4 9 1 9 9 1 1 7 3 0 4 7 7 3 0 5 1 7 6 2 1 1 3 1 1 3 2 7 3 6 1 7 5 7 6 2 7 1 2 2 2 3 4 0 2 7 8 4 7 2 2 6 3 1 1 9 2 1 0 7 1 6 1 4 7 5 1 2 9 4 5 4 5 3 6 3 5 2 3 0 0 2 7 3 9 6 9 7 5 0 9 2 6 9 4 3 6 6 7 2 6 9 6 7 8 0 0 7 2 5 3 9 0 3 7 8 1 1 6 2 6 3 3 1 7 5 0 0 7 3 1 6 3 5 3 4 3 2 2 5 3 1 6 4 6 7 5 3 6 9 6 7 1 8 1 7 5 6 0 9 4 3 1 1 1 0 0 9 2 5 1 0 3 1 5 4 9 0 9 4 6 0 4 0 3 7 2 6 7 0 1 4 3 7 2 2 7 6 5 5 3 2 0 4 4 2 7 4 7 3 4 2 7 9 8 6 4 6 9 9 6 0 9 1 8 0 5 0 3 3 7 5 2 3 1 9 7 8 7 4 4 6 5 4 1 1 3 1 3 2 9 4 8 9 5 1 2 2 3 1 5 3 0 0 6 7 1 5 7 0 5 6 0 0 0 1 7 4 9 2 5 3 1 9 8 8 8 7 8 5 0 9 9 7 4 0 5 7 9 9 7 4 3 2 6 2 0 2 7 8 3 7 7 2 6,af7aa2235c2edb4c7f54665697f78f85c1ae335757a668cea1978fb6360b0dc2
primary,8,12007,4,0.883008356545961,5 4 0 1 6 9 9 2 0 1 1 3 1 1 7 0 8 9 5 8 0 3 1 6 9 5 2 4 1 9 1 9 8 3 4 3 3 6 1 6 5 4 4 5 4 9 8 9 9 1 1 7 3 0 4 7 5 9 0 5 1 7 6 2 1 4 3 1 1 3 2 7 9 6 1 7 5 7 6 2 7 1 2 2 2 3 4 0 2 7 8 4 7 2 2 6 3 1 1 9 2 8 0 7 1 6 1 4 7 5 1 2 9 4 5 4 5 3 6 3 5 2 3 0 0 2 7 3 9 6 9 7 5 0 9 2 6 9 4 3 6 6 7 1 6 5 6 7 8 0 0 7 2 5 3 9 0 3 7 8 1 1 6 8 6 3 3 1 7 5 0 0 2 3 1 6 3 5 3 4 3 2 2 5 8 1 6 4 6 7 5 0 6 9 6 7 1 8 1 7 5 6 0 9 4 3 1 1 1 0 0 9 2 5 4 0 3 1 5 4 9 0 9 4 6 0 4 0 3 8 2 6 7 0 1 4 8 7 2 2 7 6 5 5 9 2 0 4 4 8 7 4 7 3 4 2 7 9 8 6 4 6 9 9 6 0 9 1 1 0 5 0 3 9 7 5 2 3 1 9 7 8 7 4 4 6 5 4 1 1 3 1 3 2 9 4 8 5 5 4 2 2 9 1 5 3 0 0 6 7 1 5 7 0 5 6 0 0 0 1 7 4 9 2 5 3 1 9 8 8 8 7 8 5 0 9 9 7 4 0 5 7 9 9 7 4 3 2 6 2 0 2 7 8 3 7 7 8 6,ebe7b103650d70933e8b761534f1d023b69ce71840198567f4a0b07821bd9c65
primary,8,12007,5,0.8802228412256268,5 4 0 1 6 9 9 2 0 6 1 3 1 1 7 0 8 9 5 8 0 3 1 6 9 5 2 4 1 9 8 9 8 3 4 3 3 6 1 6 5 4 4 5 4 9 1 9 9 1 1 7 9 0 4 7 8 9 0 5 1 7 6 2 1 4 3 1 1 3 2 7 9 6 1 7 5 5 6 2 7 1 2 2 2 3 4 0 2 7 8 4 7 2 2 6 3 1 1 9 2 8 0 7 1 6 1 4 7 5 1 2 9 4 5 4 5 3 6 3 5 2 3 0 0 2 7 3 9 6 9 7 5 0 9 2 6 3 4 3 6 6 7 1 6 9 6 7 8 0 0 7 2 5 3 9 0 3 7 8 8 8 6 8 6 3 3 1 7 5 0 0 7 3 1 6 3 5 8 4 3 2 2 5 3 1 6 4 6 7 5 0 6 9 6 7 1 8 1 7 5 6 0 9 4 3 2 1 1 0 0 9 2 5 4 0 3 1 5 4 9 0 9 4 6 0 4 0 3 8 2 6 7 0 1 4 8 7 2 2 7 6 5 5 9 2 0 4 4 2 7 4 7 3 4 2 7 9 8 6 4 6 9 9 6 0 9 1 8 0 5 0 3 9 7 5 2 3 1 9 7 8 7 4 4 6 5 4 1 9 3 1 3 2 9 4 8 5 5 1 2 2 9 1 5 3 0 0 6 7 1 5 7 0 5 6 0 0 0 1 7 4 9 2 5 3 1 9 8 8 8 7 8 5 0 9 9 7 4 0 5 7 9 9 7 4 3 2 6 2 0 2 7 8 3 7 7 2 6,b840ebb97b1841fd5f89638e14beae18dd258b5fdf14384ef5bb91c896ff5fc7
primary,8,12008,1,0.5905292479108635,5 4 0 1 0 9 7 2 6 1 1 7 1 7 7 0 1 9 8 3 0 0 1 6 9 5 5 4 1 9 8 9 5 3 6 3 7 4 1 6 7 6 6 8 4 0 1 9 9 5 1 2 3 0 4 7 7 7 0 5 7 7 6 2 2 4 3 1 1 3 2 7 7 6 1 7 7 5 6 2 7 8 2 2 2 3 0 0 3 2 7 4 7 2 2 6 7 8 1 3 5 8 0 7 7 2 1 4 7 5 1 2 9 4 0 5 5 3 6 3 7 2 3 0 0 2 5 9 9 6 8 7 5 0 3 7 6 2 6 2 0 6 7 1 6 8 2 7 8 0 0 7 2 5 3 9 0 3 7 7 7 8 0 5 6 3 3 0 7 3 0 0 7 7 2 6 3 0 3 4 3 5 5 8 5 1 6 8 6 0 5 9 6 3 4 7 1 8 1 7 5 6 0 8 6 3 1 2 1 0 0 0 2 7 6 0 3 1 0 8 8 0 9 6 6 9 4 0 8 5 2 6 7 0 8 8 7 7 2 2 7 6 7 8 0 2 0 8 4 5 7 4 7 9 8 7 7 9 9 8 6 4 8 9 6 0 9 7 8 0 8 0 3 8 7 5 2 0 1 0 7 9 7 4 4 6 7 4 2 8 3 1 3 5 9 4 3 0 5 4 2 2 8 1 5 3 6 0 6 0 6 8 7 0 3 6 0 0 0 8 5 4 7 8 3 0 1 0 9 8 5 7 8 5 0 9 9 7 4 0 5 7 0 9 7 6 3 2 6 2 0 2 7 7 3 7 7 1 0,c2dc68abe198243cf4215c8d12c7adae81ec9beed18b4236141fce4a5c55ffdd
primary,8,12008,2,0.807799442896936,5 4 0 1 0 9 3 1 6 1 1 3 1 1 7 0 8 8 8 8 0 9 1 6 9 5 7 4 1 9 1 9 1 3 4 3 3 6 1 6 5 4 4 5 4 9 1 9 9 8 1 7 9 0 4 7 7 9 0 5 8 7 6 2 2 4 3 1 1 3 2 7 9 6 1 7 5 8 6 2 7 1 2 2 2 3 4 0 8 7 8 4 7 2 2 6 3 4 1 9 2 8 0 7 1 6 1 4 7 5 1 2 9 4 5 4 5 9 6 3 7 2 3 0 0 2 7 9 9 6 9 7 5 0 9 2 6 9 4 3 6 6 7 1 6 3 6 7 8 0 0 7 2 5 3 9 0 3 7 7 8 8 6 7 6 9 3 0 7 5 0 0 7 3 2 6 3 5 8 4 3 2 2 5 1 1 6 4 6 7 5 0 6 9 6 7 1 8 1 7 5 6 0 9 4 3 2 1 1 0 0 9 2 7 4 0 3 1 5 4 8 0 9 4 6 0 4 0 8 8 2 6 7 0 1 4 8 7 2 2 7 6 5 5 9 2 0 5 4 7 7 4 7 3 4 7 7 9 8 6 4 6 9 9 6 0 9 7 8 0 3 0 3 9 7 5 2 0 1 0 7 1 7 4 4 6 5 4 2 1 3 1 3 2 9 4 3 5 5 4 2 2 9 1 5 3 0 0 6 7 1 5 7 0 5 6 0 0 0 8 5 4 9 2 5 3 1 9 8 8 5 7 8 5 0 9 9 7 4 0 5 7 9 9 7 4 3 2 6 2 0 2 7 9 3 7 7 1 6,cdc8f1bc38745f5596a134b0bc57519f15c3d40d95fb014dbdb77fb62d4fff4b
primary,8,12008,3,0.8495821727019499,5 4 0 1 6 9 9 2 6 6 6 3 1 1 7 0 8 9 5 5 0 9 1 6 5 5 7 4 1 9 1 9 8 3 4 3 3 6 1 6 5 4 4 5 4 9 1 9 9 1 2 7 9 0 4 7 7 9 0 5 1 7 6 2 2 4 3 1 1 3 2 7 9 6 1 7 5 5 6 2 7 1 2 2 2 3 4 0 3 7 5 4 7 2 2 6 3 1 1 9 2 8 0 7 1 6 1 4 7 5 1 2 9 4 5 4 5 9 6 3 5 2 3 0 0 2 7 9 9 6 9 7 5 0 9 2 6 3 4 3 6 6 4 1 6 5 6 7 8 0 0 7 2 5 3 9 0 3 7 7 8 6 6 7 6 9 3 9 7 5 0 0 7 3 1 6 3 5 8 4 3 2 2 5 5 1 6 4 6 7 5 0 6 9 6 7 1 1 1 7 5 6 0 9 4 3 1 1 1 0 0 9 2 5 4 0 3 1 5 4 9 0 9 4 6 0 4 0 3 8 2 6 7 0 1 4 8 7 2 2 7 6 5 5 9 2 0 4 4 5 7 4 7 3 4 2 7 9 8 6 4 6 9 9 6 0 9 7 8 0 5 0 3 9 7 5 2 2 1 9 7 8 7 4 4 6 5 4 2 9 3 1 3 2 9 4 5 5 5 4 2 2 9 1 5 3 0 0 6 7 1 5 7 0 5 6 0 0 0 8 5 4 9 2 5 3 1 9 8 8 5 7 8 5 0 9 9 7 4 0 5 7 9 9 7 4 9 2 6 2 0 2 7 9 3 7 7 1 6,3836c447e153ee5fe08ef97462c27576ae02e55248f55172879a008ded73a5e8
primary,8,12008,4,0.8523676880222841,5 4 0 1 6 9 9 2 0 6 6 3 1 1 7 0 8 9 5 8 0 3 1 6 3 5 7 4 1 9 8 9 8 3 4 3 3 6 1 6 5 4 4 5 4 9 1 9 9 8 2 7 3 0 4 7 7 9 0 5 1 7 6 2 2 4 3 1 1 3 2 7 3 6 1 7 5 5 6 2 7 1 2 2 2 3 4 0 2 7 5 4 7 2 2 6 3 1 1 9 2 1 0 7 1 6 1 4 7 5 1 2 9 4 5 4 5 3 6 3 5 2 3 0 0 2 7 3 9 6 9 7 5 0 9 2 6 3 4 3 6 6 7 1 6 5 6 7 8 0 0 7 2 5 3 9 0 3 7 7 8 8 6 7 6 3 3 1 7 5 0 0 7 3 2 6 3 5 3 4 3 2 2 5 5 2 6 4 6 7 5 3 6 9 6 7 1 1 1 7 5 6 0 9 4 3 2 1 1 0 0 9 2 5 4 0 3 1 5 4 3 0 9 4 6 0 4 0 3 8 2 6 7 0 1 4 3 7 2 2 7 6 5 5 9 2 0 4 4 8 7 4 7 3 4 2 7 9 8 6 4 6 9 9 6 0 9 7 1 0 5 0 3 9 7 5 2 2 1 9 7 8 7 4 4 6 5 4 2 9 3 1 3 2 9 4 3 5 5 4 2 2 9 1 5 3 0 0 6 7 1 5 7 0 5 6 0 0 0 1 5 4 7 2 5 3 1 9 8 8 5 7 8 5 0 9 9 7 4 0 5 7 9 9 7 4 3 2 6 2 0 2 7 2 3 7 7 1 6,cfd0dd40eed30c7d2a97abd93a2f25885b2dbf6d1eb1b2dc9d9c97aedd5ee0ca
primary,8,12008,5,0.8802228412256268,5 4 0 1 6 9 9 2 0 6 6 3 1 1 7 0 8 9 5 8 0 9 1 6 5 5 7 4 1 9 8 9 8 3 4 3 3 6 1 6 5 4 4 5 4 9 1 9 9 1 2 7 3 0 4 7 8 9 0 5 1 7 6 2 2 4 3 1 1 3 2 7 9 6 1 7 5 5 6 2 7 1 2 2 2 3 4 0 2 7 8 4 7 2 2 6 3 1 1 9 2 8 0 7 1 6 1 4 7 5 1 2 9 4 5 4 5 3 6 3 5 2 3 0 0 2 7 9 9 6 9 7 5 0 9 2 6 3 4 3 6 6 7 1 6 5 6 7 8 0 0 7 2 5 3 9 0 3 7 5 8 8 6 8 6 3 3 1 7 5 0 0 7 3 2 6 3 5 3 4 3 2 2 5 5 1 6 4 6 7 5 3 6 9 6 7 1 1 1 7 5 6 0 9 4 3 2 1 1 0 0 9 2 5 4 0 3 1 5 4 9 0 9 4 6 0 4 0 3 8 2 6 7 0 1 4 8 7 2 2 7 6 5 5 9 2 0 4 4 8 7 4 7 9 4 2 7 9 8 6 4 6 9 9 6 0 9 7 8 0 5 0 3 9 7 5 2 3 1 9 7 8 7 4 4 6 5 4 1 9 3 1 3 2 9 4 3 5 5 4 2 2 9 1 5 3 0 0 6 7 1 5 7 0 5 6 0 0 0 8 5 4 9 2 5 3 1 9 8 8 5 7 8 5 0 9 9 7 4 0 5 7 9 9 7 4 3 2 6 2 0 2 7 8 3 7 7 1 6,9eeb353b9ecf76c13ad3959ecf6a756f903781aa64de9796a83531d4308339dc
primary,8,12009,1,0.6128133704735376,5 4 0 7 6 5 0 2 0 6 6 1 1 6 0 0 8 3 5 0 0 0 1 6 5 5 7 1 2 3 6 3 0 1 4 3 9 6 7 6 5 4 4 0 4 9 8 0 9 6 2 7 3 0 4 7 5 9 0 5 4 7 6 2 2 4 3 1 1 3 2 7 3 6 2 7 5 7 6 2 7 1 2 2 2 3 4 0 0 1 5 4 1 1 1 6 5 4 1 0 2 8 0 7 1 6 7 4 7 5 6 2 1 4 5 5 5 9 6 9 5 2 3 0 0 2 7 3 0 6 3 7 5 0 3 2 6 3 4 8 3 6 4 2 6 5 6 7 0 0 0 7 1 5 9 3 0 3 7 4 4 0 6 8 6 3 3 4 7 0 0 0 0 5 2 6 2 5 0 4 3 2 2 5 1 2 6 4 6 7 5 9 6 3 6 7 1 2 1 7 5 6 0 3 4 3 2 1 2 0 0 3 5 5 4 0 3 1 5 4 3 0 0 4 6 0 4 0 3 4 2 6 7 0 1 4 8 1 2 2 7 6 5 0 0 2 0 4 4 1 1 4 4 5 4 7 7 9 0 6 4 6 3 5 6 0 5 7 6 0 9 0 3 5 3 5 2 1 2 3 8 0 4 1 4 6 5 4 2 1 3 1 3 0 3 4 0 5 5 4 2 2 3 2 5 9 0 0 6 5 6 5 7 0 0 6 0 0 0 0 0 4 1 5 5 3 1 5 0 8 0 7 0 5 0 5 3 1 4 0 5 7 0 3 1 4 9 2 0 2 0 2 7 3 3 0 7 2 6,b79fec97a14038fd72010741685a4d949e0036f4eb8f1c1bbf79a9615023453e
primary,8,12009,2,0.8272980501392758,5 4 0 1 6 9 0 2 0 6 6 3 1 1 7 0 8 5 5 8 0 9 1 6 5 5 1 4 1 3 8 3 8 3 4 3 3 6 1 6 5 4 4 5 4 9 8 9 9 8 2 7 3 0 4 7 5 3 0 5 1 7 6 2 2 4 3 1 1 3 2 7 3 6 1 7 5 7 6 2 7 1 2 2 2 3 4 0 2 7 5 4 7 2 2 6 3 1 1 5 2 8 0 7 1 6 1 4 7 5 1 2 1 4 5 4 5 3 6 3 5 2 3 0 0 2 7 3 9 6 9 7 5 0 9 2 6 3 4 3 6 6 7 2 6 5 6 7 0 0 0 7 2 5 3 3 0 3 7 8 8 2 6 8 6 3 3 4 7 5 0 0 1 3 2 6 3 5 3 4 3 2 2 5 5 1 6 4 6 7 5 9 6 5 6 7 1 8 1 7 5 6 0 9 4 3 2 1 1 0 0 9 2 5 4 0 3 1 5 4 9 0 0 4 6 0 4 0 3 4 2 6 7 0 1 4 8 7 2 2 7 6 5 5 9 2 0 4 4 1 7 4 7 3 4 2 7 9 8 6 4 6 3 9 6 0 3 1 8 0 5 0 3 9 7 5 2 9 2 9 7 8 4 4 4 6 5 4 2 1 3 1 3 2 9 4 3 5 5 4 2 2 3 1 5 3 0 0 6 7 1 5 7 0 5 6 0 0 0 1 5 4 1 5 5 3 1 9 0 8 5 7 8 5 0 5 3 7 4 0 5 7 0 9 7 4 3 2 6 2 0 2 7 3 3 7 7 1 6,f46052e5d7e5479ed29fb115d24b9e08d329b941d5802295d916bc9246684ba9
primary,8,12009,3,0.841225626740947,5 4 0 1 6 9 9 2 0 6 6 3 1 1 7 0 8 9 5 8 0 3 1 6 5 5 1 4 1 3 8 9 8 3 4 3 3 6 1 6 5 4 4 5 4 9 8 9 9 8 2 7 3 0 4 7 5 3 0 5 8 7 6 2 2 4 3 1 1 3 2 7 3 6 1 7 5 5 6 2 7 1 2 2 2 3 4 0 2 7 8 4 7 2 2 6 3 1 1 5 2 8 0 7 1 6 1 4 7 5 1 2 1 4 5 4 5 3 6 3 5 2 3 0 0 2 7 3 9 6 3 7 5 0 5 2 6 3 4 3 6 6 7 2 6 5 6 7 8 0 0 7 2 5 3 3 0 3 7 8 4 8 6 8 6 3 3 9 7 5 0 0 7 3 2 6 3 5 3 4 3 2 2 5 5 1 6 4 6 7 5 3 6 5 6 7 1 8 1 7 5 6 0 9 4 3 2 1 1 0 0 9 2 5 4 0 3 1 5 4 3 0 9 4 6 0 4 0 3 4 2 6 7 0 1 4 8 7 2 2 7 6 5 5 9 2 0 4 4 2 7 4 7 3 4 2 7 9 8 6 4 6 3 9 6 0 9 1 8 0 5 0 3 9 7 5 2 9 1 9 7 8 7 4 4 6 5 4 2 1 3 1 3 2 9 4 3 5 5 4 2 2 3 1 5 3 0 0 6 7 1 5 7 0 5 6 0 0 0 1 5 4 7 2 5 3 1 9 8 8 5 7 8 5 0 9 3 7 4 0 5 7 9 9 7 4 3 2 6 2 0 2 7 3 3 7 7 3 6,950354d325867f621da1eee637f0d3efa4cdb3e2cbd4f48dd92ccf0c3c6633b7
primary,8,12009,4,0.883008356545961,5 4 0 1 6 9 9 2 0 6 6 3 1 1 7 0 8 9 5 8 0 9 1 6 5 5 3 4 1 3 8 9 8 3 4 3 3 6 1 6 5 4 4 5 4 9 8 9 9 8 1 7 3 0 4 7 8 9 0 5 1 7 6 2 2 4 3 1 1 3 2 7 3 6 1 7 5 8 6 2 7 1 2 2 2 3 4 0 2 7 8 4 7 2 2 6 3 1 1 9 2 8 0 7 1 6 1 4 7 5 1 2 1 4 5 4 5 3 6 3 5 2 3 0 0 2 7 3 9 6 3 7 5 0 9 2 6 3 4 3 6 6 7 2 6 5 6 7 8 0 0 7 2 5 3 3 0 3 7 8 8 8 6 8 6 3 3 1 7 5 0 0 8 3 2 6 3 5 3 4 3 2 2 5 5 2 6 4 6 7 5 0 6 5 6 7 1 8 1 7 5 6 0 9 4 3 2 1 1 0 0 9 2 5 4 0 3 1 5 4 9 0 9 4 6 0 4 0 3 8 2 6 7 0 1 4 8 7 2 2 7 6 5 5 9 2 0 4 4 8 7 4 7 3 4 2 7 9 8 6 4 6 9 9 6 0 9 1 8 0 5 0 3 9 7 5 2 2 1 9 7 8 7 4 4 6 5 4 1 1 3 1 3 2 9 4 8 5 5 4 2 2 3 1 5 3 0 0 6 7 1 5 7 0 5 6 0 0 0 1 5 4 7 2 5 3 1 9 8 8 8 7 8 5 0 9 3 7 4 0 5 7 0 9 7 4 3 2 6 2 0 2 7 8 3 7 7 3 6,8fc43ed48ff2fcd80eab11e7876e3708fd0d196c520dc4f37dd7bf4c53c40c73
primary,8,12009,5,0.8969359331476323,5 4 0 1 6 9 9 2 0 6 6 3 1 1 7 0 8 8 5 8 0 9 1 6 5 5 3 4 1 3 8 9 8 3 4 3 3 6 1 6 5 4 4 5 4 9 8 9 9 8 2 7 3 0 4 7 8 9 0 5 1 7 6 2 1 4 3 1 1 3 2 7 9 6 1 7 5 8 6 2 7 1 2 2 2 3 4 0 2 7 8 4 7 2 2 6 3 1 1 9 2 8 0 7 1 6 1 4 7 5 1 2 9 4 5 4 5 3 6 3 5 2 3 0 0 2 7 3 9 6 9 7 5 0 9 2 6 3 4 3 6 6 7 2 6 5 6 7 8 0 0 7 2 5 3 9 0 3 7 8 8 8 6 8 6 3 3 1 7 5 0 0 8 3 2 6 3 5 3 4 3 2 2 5 5 1 6 4 6 7 5 0 6 5 6 7 1 1 1 7 5 6 0 9 4 3 2 1 1 0 0 9 2 5 4 0 3 1 5 4 9 0 9 4 6 0 4 0 3 8 2 6 7 0 1 4 8 7 2 2 7 6 5 5 9 2 0 4 4 8 7 4 7 3 4 2 7 9 8 6 4 6 9 9 6 0 9 7 8 0 5 0 3 9 7 5 2 3 1 9 7 8 7 4 4 6 5 4 1 1 3 1 3 2 9 4 8 5 5 4 2 2 3 1 5 3 0 0 6 7 1 5 7 0 5 6 0 0 0 8 5 4 7 2 5 3 1 9 8 8 8 7 8 5 0 9 9 7 4 0 5 7 9 9 7 4 3 2 6 2 0 2 7 8 3 7 7 3 6,8d2b532b425665dc864311fcf8278435776c3cb80b6fa92acd3748dd7f536916
primary,8,12010,1,0.467966573816156,6 0 1 1 6 0 1 2 6 6 6 8 1 1 0 0 1 1 0 1 0 9 1 6 5 0 1 4 0 5 1 5 2 9 6 2 8 6 1 6 5 0 4 6 4 3 1 9 3 1 2 7 0 9 6 8 2 9 9 2 1 1 6 2 1 1 3 1 1 2 2 8 2 6 1 2 1 8 6 2 8 1 7 2 2 3 7 9 2 1 1 6 2 1 1 6 8 1 1 9 2 1 0 0 1 6 1 4 5 2 6 2 0 4 5 6 0 8 6 2 2 2 3 0 5 2 7 0 9 6 3 0 2 0 0 2 6 3 0 3 6 6 4 2 6 5 6 8 1 0 5 8 2 0 9 3 9 8 8 1 1 6 6 2 6 8 3 1 7 5 9 0 2 8 1 6 3 5 9 4 3 2 2 5 2 2 6 4 6 1 2 9 6 5 6 8 1 2 1 9 2 6 0 3 6 3 1 1 1 1 0 3 2 2 6 0 9 1 5 6 3 6 9 6 6 5 4 9 1 2 2 6 7 0 1 4 2 0 2 2 1 6 5 2 1 2 5 0 6 9 1 0 7 0 0 1 8 3 2 6 6 6 3 3 6 9 3 1 6 0 5 0 3 8 5 2 2 4 0 3 5 2 0 6 4 6 1 0 1 1 3 1 2 2 9 4 2 1 5 1 2 2 5 2 5 2 6 6 6 1 1 5 8 0 5 6 5 9 1 2 2 6 7 1 5 6 1 9 2 2 1 8 1 5 0 5 0 7 4 5 5 2 9 3 2 4 8 2 6 2 9 2 7 0 3 0 8 2 6,cb1bbcfbbb066cbad8ddf394fb1884e8648297adf98627d2acf7201485d46456
primary,8,12010,2,0.8189415041782729,5 0 0 1 6 9 9 2 0 6 1 3 1 1 7 0 8 8 9 8 0 9 1 6 5 5 3 4 1 9 1 9 2 3 4 3 3 6 1 6 5 4 4 6 4 9 1 9 9 1 1 7 9 0 4 7 9 9 0 5 1 7 6 2 1 4 3 1 1 3 2 7 9 6 1 7 5 9 6 2 7 1 2 2 2 3 4 0 2 7 1 4 7 2 2 6 3 1 1 9 2 1 0 7 1 6 1 4 7 5 1 2 1 4 5 4 5 9 6 3 5 2 3 0 0 2 7 6 9 6 9 7 5 0 9 2 6 3 4 3 6 6 7 2 6 5 6 7 8 0 0 7 2 5 3 3 0 3 7 1 1 6 6 2 6 9 3 1 7 5 0 0 1 3 2 6 3 5 8 4 3 2 2 5 1 1 6 4 6 7 5 9 6 9 6 7 1 1 1 7 2 6 0 9 4 9 1 1 1 0 0 9 2 5 6 0 3 1 9 4 3 0 9 4 6 0 4 0 3 8 2 6 7 0 1 4 8 0 2 2 7 6 5 5 9 2 0 4 4 2 7 4 7 3 4 9 7 9 2 6 4 6 9 9 6 0 9 1 6 0 5 0 3 9 7 5 2 0 1 9 7 2 7 4 4 6 5 4 1 1 3 1 3 2 9 4 2 9 5 1 2 2 9 1 5 3 0 0 6 7 1 5 7 0 5 6 0 0 0 1 2 4 9 2 5 6 1 9 2 6 2 7 1 5 0 9 9 7 4 0 5 7 9 9 7 4 3 2 6 2 0 2 7 8 3 7 7 2 6,7585170be424a19da5b961c9f602e9fed6bc5d48dd793115a1f171cad72f450d
primary,8,12010,3,0.8746518105849582,5 4 0 1 6 9 3 2 0 6 6 3 1 1 7 0 8 3 5 8 0 9 1 6 5 5 3 4 1 3 8 9 8 3 4 3 3 6 1 6 5 4 4 5 4 9 8 9 9 1 1 7 3 0 4 7 7 9 0 5 1 7 6 2 2 1 3 1 1 3 2 7 9 6 1 7 5 9 6 2 7 1 2 2 2 3 4 0 2 7 1 4 7 2 2 6 3 1 1 9 2 8 0 7 1 6 1 4 7 5 1 2 1 4 5 4 5 3 6 3 5 2 3 0 0 2 7 3 9 6 9 7 5 0 9 2 6 3 4 3 6 6 7 1 6 5 6 7 8 0 0 7 2 5 3 9 0 3 7 1 1 6 6 2 6 3 3 1 7 5 0 0 7 3 1 6 3 5 3 4 3 2 2 5 5 1 6 4 6 7 5 3 6 5 6 7 1 1 1 7 5 6 0 9 4 3 1 1 1 0 0 9 2 5 4 0 3 1 5 4 3 0 9 4 6 0 4 0 3 4 2 6 7 0 1 4 8 7 2 2 7 6 5 5 9 2 0 4 4 2 7 4 7 6 4 7 7 9 8 6 4 6 9 9 6 0 9 1 6 0 5 0 3 9 7 5 2 0 1 9 7 2 7 4 4 6 5 4 1 1 3 1 3 2 9 4 2 9 5 4 2 2 9 1 5 3 0 0 6 7 1 5 7 0 5 6 0 0 0 1 7 4 9 0 5 3 1 9 8 8 5 7 8 5 0 5 3 7 4 0 5 7 9 9 7 4 3 2 6 2 0 2 7 8 3 7 7 3 6,016c8bd0273ff014740d5b08cf6b8bd151a6da958bfe4797347e49ab4ab20915
primary,8,12010,4,0.8802228412256268,5 4 0 1 6 9 9 2 0 6 1 3 1 1 7 0 8 3 5 8 0 9 1 6 5 5 7 4 1 3 8 9 8 3 4 3 3 6 1 6 5 4 4 5 4 9 1 9 9 1 1 7 3 0 4 7 5 9 0 5 1 7 6 2 1 1 3 1 1 3 2 7 3 6 1 7 5 5 6 2 7 1 2 2 2 3 4 0 2 7 1 4 7 2 2 6 3 1 1 9 2 8 0 7 1 6 1 4 7 5 1 2 1 4 5 4 5 3 6 3 5 2 3 0 0 2 7 8 9 6 9 7 5 0 9 2 6 3 4 3 6 6 7 1 6 5 6 7 8 0 0 7 2 5 3 9 0 3 7 1 1 8 6 2 6 3 3 1 7 5 0 0 7 3 1 6 3 5 8 4 3 2 2 5 5 1 6 4 6 7 5 0 6 5 6 7 1 1 1 7 5 6 0 9 4 3 1 1 1 0 0 9 2 5 4 0 3 1 5 4 9 0 9 4 6 0 4 0 3 8 2 6 7 0 1 4 8 7 2 2 7 6 5 5 9 2 0 4 4 2 7 4 7 3 4 7 7 9 8 6 4 6 9 9 6 0 9 1 8 0 5 0 3 9 7 5 2 0 1 9 7 8 7 4 4 6 5 4 1 1 3 1 3 2 9 4 8 5 5 1 2 2 9 1 5 3 0 0 6 7 1 5 7 0 5 6 0 0 0 1 7 4 7 2 5 3 1 9 8 8 5 7 8 5 0 9 9 7 4 0 5 7 9 9 7 4 3 2 6 2 0 2 7 8 3 7 7 5 6,25dda0134b5ec2c019a2f8f56f6fdba9b3b62fd626031dc5f137cbe0f8a33dfd
primary,8,12010,5,0.8941504178272981,5 4 0 1 6 9 9 2 0 6 6 3 1 1 7 0 8 9 5 8 0 9 1 6 5 5 7 4 1 9 8 9 8 3 4 3 3 6 1 6 5 4 4 5 4 9 1 9 9 1 1 7 3 0 4 7 8 9 0 5 1 7 6 2 1 4 3 1 1 3 2 7 9 6 1 7 5 7 6 2 7 1 2 2 2 3 4 0 2 7 1 4 7 2 2 6 3 1 1 9 2 8 0 7 1 6 1 4 7 5 1 2 1 4 5 4 5 3 6 3 5 2 3 0 0 2 7 8 9 6 9 7 5 0 9 2 6 3 4 3 6 6 7 1 6 5 6 7 8 0 0 7 2 5 3 9 0 3 7 1 1 8 6 2 6 3 3 1 7 5 0 0 7 3 1 6 3 5 8 4 3 2 2 5 5 1 6 4 6 7 5 0 6 5 6 7 1 1 1 7 5 6 0 9 4 3 1 1 1 0 0 9 2 5 4 0 3 1 5 4 9 0 9 4 6 0 4 0 3 8 2 6 7 0 1 4 8 7 2 2 7 6 5 5 9 2 0 4 4 2 7 4 7 8 4 7 7 9 8 6 4 6 9 9 6 0 9 1 8 0 5 0 3 9 7 5 2 0 1 9 7 8 7 4 4 6 5 4 1 1 3 1 3 2 9 4 3 5 5 4 2 2 9 1 5 3 0 0 6 7 1 5 7 0 5 6 0 0 0 1 7 4 7 2 5 3 1 9 8 8 5 7 8 5 0 9 9 7 4 0 5 7 9 9 7 4 3 2 6 2 0 2 7 8 3 7 7 1 6,ba5ed288f1ac11068c0246f56549eb9c28411e12e0baca5784931af796492978
primary,8,12011,1,0.5710306406685237,5 4 0 1 6 3 3 5 8 5 8 3 1 1 5 0 8 1 5 8 0 0 1 6 5 5 2 4 1 3 8 2 8 2 4 2 3 4 1 6 2 6 4 5 4 0 8 8 3 8 8 5 5 0 4 1 5 9 0 1 8 1 6 0 8 8 3 1 1 1 2 1 3 8 1 5 5 8 6 6 1 1 2 2 2 2 0 0 2 6 8 4 1 2 2 6 2 1 1 2 2 8 0 8 8 6 1 4 1 2 8 1 8 4 5 8 5 2 6 2 2 2 2 0 0 6 5 5 8 6 2 5 5 0 2 2 6 0 4 3 6 6 1 4 6 5 6 1 8 0 0 1 2 5 3 9 0 2 1 1 8 1 6 2 6 3 3 1 5 3 0 0 8 1 8 6 3 8 8 4 3 2 2 5 2 8 6 4 6 5 5 0 6 7 6 1 1 8 1 1 2 6 0 9 1 3 6 1 1 0 0 3 2 5 8 0 3 1 2 4 2 0 3 4 6 6 4 0 2 1 2 6 5 0 1 4 8 0 2 8 1 6 9 5 8 2 0 6 4 8 1 6 1 5 4 2 1 3 8 5 4 6 9 1 6 0 3 1 1 0 1 0 3 5 7 5 2 2 1 2 5 3 6 4 4 6 4 4 8 1 3 1 2 2 5 4 0 5 5 4 2 2 1 1 5 2 0 0 6 2 8 5 1 0 0 6 0 0 8 1 2 4 1 2 5 3 1 8 8 0 1 1 5 5 0 9 8 1 4 0 2 1 8 8 1 4 3 2 6 2 0 2 1 3 3 5 4 2 6,6c7e2fb3dd4cfb3ac8faf23447a0250d05c77bd77d76effd8fc3c961085bde30
primary,8,12011,2,0.8272980501392758,5 4 0 1 6 3 3 2 4 6 1 3 1 8 7 0 8 1 5 8 0 9 1 6 5 5 2 4 1 3 1 9 8 3 4 3 3 6 1 6 5 4 4 6 4 9 8 9 9 1 1 7 3 0 4 7 8 3 0 1 1 7 6 2 1 4 3 1 1 3 2 7 3 6 1 7 5 5 6 2 7 1 2 2 2 3 4 0 2 4 8 4 7 2 2 6 3 1 1 5 2 8 0 1 1 6 1 4 7 5 1 2 9 4 5 4 5 3 6 3 5 2 3 0 0 2 7 8 9 6 3 7 5 0 9 2 6 3 4 3 6 6 4 1 6 5 6 7 8 0 0 7 2 5 3 9 0 3 7 8 8 1 6 2 6 3 3 1 7 5 0 0 8 3 1 6 3 5 3 4 3 2 2 5 1 1 6 4 6 5 5 3 6 3 6 7 1 1 1 1 5 6 0 9 4 3 2 1 1 0 0 9 2 5 4 0 3 1 5 4 3 0 3 4 6 4 4 0 3 1 2 6 7 0 1 4 8 7 2 8 7 6 5 5 9 2 0 4 4 8 7 4 4 1 4 2 7 9 8 6 4 6 9 3 6 0 9 1 3 0 5 0 3 9 7 5 2 2 1 9 7 3 4 4 4 6 4 4 1 1 3 1 3 2 9 4 3 5 5 4 2 2 3 1 5 3 0 0 6 7 1 5 7 0 5 6 0 0 0 1 5 4 1 2 5 3 1 9 8 8 1 7 8 5 0 9 8 1 4 0 5 7 0 9 7 4 3 2 6 2 0 2 7 3 3 7 7 1 6,b904bcd40275aa9fface4090dd96656ded1eaa4d6dbf4d6c243b9ac86482fea8
primary,8,12011,3,0.871866295264624,5 4 0 1 6 9 3 2 4 6 1 3 1 1 7 0 8 9 5 8 0 9 1 6 5 5 3 4 1 3 8 9 8 3 4 3 3 6 1 6 5 4 4 5 4 9 8 9 9 1 1 7 3 0 4 7 8 9 0 5 1 7 6 2 1 4 3 1 1 3 2 7 9 6 1 7 5 8 6 2 7 1 2 2 2 3 4 0 2 7 8 4 7 2 2 6 3 1 1 9 2 8 0 5 1 6 1 4 7 5 1 2 9 4 5 4 5 3 6 3 5 2 3 0 0 2 7 3 9 6 9 7 5 0 9 2 6 3 4 3 6 6 4 1 6 5 6 7 8 0 0 7 2 5 3 9 0 3 7 8 1 6 6 2 6 3 3 1 7 5 0 0 7 3 1 6 3 5 3 4 3 2 2 5 1 1 6 4 6 7 5 0 6 9 6 7 1 1 1 7 5 6 0 9 4 3 1 1 1 0 0 9 2 5 4 0 3 1 5 4 3 0 3 4 6 4 4 0 3 1 2 6 7 0 1 4 8 7 2 2 7 6 5 5 9 2 0 4 4 8 7 4 4 8 4 2 7 9 8 6 4 6 9 9 6 0 9 1 1 0 5 0 3 9 7 5 2 9 1 9 7 2 4 4 4 6 5 4 1 1 3 1 3 2 9 4 8 5 5 4 2 2 9 1 5 3 0 0 6 7 1 5 7 0 5 6 0 0 0 1 7 4 7 2 5 3 1 9 8 8 8 7 8 5 0 9 9 4 4 0 5 7 0 9 7 4 3 2 6 2 0 2 7 8 3 7 7 2 6,34d6c30ee93b21f811fd5bd4ece0f92367918d8874cd456830019cbf1e337e2f
primary,8,12011,4,0.8885793871866295,5 4 0 1 6 9 9 2 4 6 6 3 1 1 7 0 8 9 5 8 0 9 1 6 5 5 3 4 1 3 1 9 8 3 4 3 3 6 1 6 5 4 4 5 4 9 8 9 9 2 1 7 3 0 4 7 8 9 0 5 1 7 6 2 1 4 3 1 1 3 2 7 9 6 1 7 5 5 6 2 7 1 2 2 2 3 4 0 2 7 5 4 7 2 2 6 3 1 1 9 2 8 0 5 1 6 1 4 7 5 1 2 9 4 5 4 5 3 6 3 5 2 3 0 0 2 7 8 9 6 9 7 5 0 9 2 6 3 4 3 6 6 7 1 6 5 6 7 8 0 0 7 2 5 3 9 0 3 7 5 8 1 6 2 6 3 3 1 7 5 0 0 7 3 1 6 3 5 3 4 3 2 2 5 5 1 6 4 6 7 5 0 6 9 6 7 1 1 1 7 5 6 0 9 4 3 1 1 1 0 0 9 2 5 4 0 3 1 5 4 3 0 9 4 6 0 4 0 3 8 2 6 7 0 1 4 8 7 2 2 7 6 5 5 9 2 0 4 4 8 7 4 7 8 4 2 7 9 8 6 4 6 9 9 6 0 9 1 3 0 5 0 3 9 7 5 2 2 1 9 7 8 4 4 4 6 5 4 1 1 3 1 3 2 9 4 3 5 5 4 2 2 3 1 5 3 0 0 6 7 1 5 7 0 5 6 0 0 0 1 7 4 7 2 5 3 1 9 8 8 8 7 8 5 0 9 9 7 4 0 5 7 0 9 7 4 3 2 6 2 0 2 7 8 3 7 7 1 6,893e339fcbfae9c98b312e9650de9632fb4f5cc59f50d247857c7bbf04223735
primary,8,12011,5,0.8941504178272981,5 4 0 1 6 9 9 2 0 6 6 3 1 1 7 0 8 9 5 8 0 9 1 6 5 5 3 4 1 9 8 9 8 3 4 3 3 6 1 6 5 4 4 5 4 9 1 9 9 2 1 7 3 0 4 7 8 9 0 5 1 7 6 2 1 4 3 1 1 3 2 7 9 6 1 7 5 5 6 2 7 1 2 2 2 3 4 0 2 7 5 4 7 2 2 6 3 1 1 9 2 8 0 1 1 6 1 4 7 5 1 2 9 4 5 4 5 3 6 3 5 2 3 0 0 2 7 3 9 6 9 7 5 0 9 2 6 3 4 3 6 6 7 1 6 5 6 7 8 0 0 7 2 5 3 9 0 3 7 1 1 1 6 2 6 3 3 1 7 5 0 0 7 3 1 6 3 5 3 4 3 2 2 5 1 1 6 4 6 7 5 0 6 9 6 7 1 1 1 7 5 6 0 9 4 3 1 1 1 0 0 9 2 5 4 0 3 1 5 4 9 0 9 4 6 0 4 0 3 8 2 6 7 0 1 4 8 7 2 2 7 6 5 5 9 2 0 4 4 2 7 4 7 8 4 2 7 9 8 6 4 6 9 9 6 0 9 1 8 0 5 0 3 9 7 5 2 9 1 9 7 8 7 4 4 6 5 4 1 1 3 1 3 2 9 4 8 9 5 4 2 2 3 1 5 3 0 0 6 7 1 5 7 0 5 6 0 0 0 1 7 4 9 2 5 3 1 9 8 8 8 7 8 5 0 9 9 7 4 0 5 7 9 9 7 4 3 2 6 2 0 2 7 8 3 7 7 2 6,b5b4fdafd731af4cab4de9cc2051ae613a7e5013865bf68896686f9f039a6adb
primary,8,12012,1,0.5571030640668524,5 4 0 1 0 3 9 2 2 6 6 7 1 1 2 0 3 8 7 8 0 9 1 6 5 5 5 4 7 7 3 5 8 3 4 7 3 9 1 0 5 4 4 4 4 9 3 8 9 2 1 3 9 0 4 7 5 9 4 5 8 7 6 2 7 4 3 1 1 7 3 7 9 6 1 1 5 4 6 2 3 4 2 7 9 7 4 0 8 3 7 4 4 7 3 6 8 7 0 5 2 9 4 4 1 6 1 4 7 5 2 2 9 4 5 4 5 7 1 3 7 2 3 0 4 2 4 3 8 6 9 4 5 2 8 2 6 3 4 3 4 6 4 5 6 3 4 3 8 4 4 7 2 5 3 9 9 8 7 8 2 9 6 2 4 3 7 4 7 5 0 4 3 7 7 6 3 7 3 4 3 9 3 7 5 1 6 4 6 8 4 9 6 5 4 4 8 2 5 4 8 6 4 9 4 3 2 1 1 0 4 9 2 5 4 0 3 1 5 4 9 0 9 4 6 4 4 4 3 7 1 6 2 0 0 4 8 4 2 2 4 6 5 5 9 7 4 4 4 2 7 4 4 8 4 7 4 9 8 6 4 5 9 9 4 4 9 1 3 9 5 4 9 9 8 5 2 9 1 9 8 8 4 4 4 6 7 4 1 9 3 9 3 8 9 4 8 7 5 4 3 5 9 1 5 3 9 0 2 7 1 5 4 0 5 4 9 0 4 4 4 4 9 9 5 9 1 9 1 1 8 7 8 7 0 9 3 9 4 4 5 4 9 9 1 4 8 2 4 2 0 5 3 8 3 1 5 7 0,c63ecc638926560cce842a34cea3fec5a35945c3bf2d6bb655627650562667cd
primary,8,12012,2,0.8746518105849582,5 4 0 1 6 9 9 2 0 6 6 2 1 1 7 0 8 9 5 8 0 9 1 6 5 5 3 4 1 9 8 9 8 3 4 3 3 6 1 6 5 4 4 6 4 9 8 9 9 1 1 7 3 0 4 7 5 9 0 5 1 7 6 2 2 4 3 1 1 3 2 7 9 6 1 7 5 4 6 2 7 1 2 2 2 3 4 0 2 7 8 4 7 2 2 6 3 1 1 9 2 3 0 4 1 6 1 4 7 5 1 2 9 4 5 4 5 3 6 3 5 2 3 0 0 2 7 3 9 6 9 7 5 0 9 2 6 9 4 3 6 6 7 2 6 5 6 7 8 0 0 7 2 5 3 9 0 3 7 8 1 9 6 2 6 3 3 9 7 5 0 0 7 3 2 6 3 5 3 4 3 2 2 5 3 8 6 4 6 5 5 9 6 5 6 7 1 2 1 7 5 6 0 9 4 3 2 1 1 0 0 9 2 5 4 0 3 1 5 4 9 0 9 4 6 0 4 0 3 4 2 6 7 0 1 4 8 7 2 2 7 6 5 5 9 2 0 4 4 2 7 4 4 9 4 2 7 9 8 6 4 6 9 9 6 0 9 1 6 0 5 0 3 9 7 5 2 2 1 9 7 8 4 4 4 6 5 4 1 9 3 9 3 2 9 4 8 5 5 4 2 2 9 1 5 3 0 0 6 7 1 5 7 0 5 6 0 0 0 9 4 4 9 9 5 3 1 9 8 8 8 7 8 5 0 9 9 7 4 0 5 7 9 9 7 4 3 2 6 2 0 2 7 8 3 7 7 3 6,27c606658191bf1868127bd7119c5ad20f374018040f2387df746c3074ec7fd6
primary,8,12012,3,0.8774373259052924,5 4 0 1 6 9 9 2 0 6 1 3 1 1 7 0 8 9 5 8 0 9 1 6 5 5 3 4 1 3 8 9 8 3 4 3 3 6 1 6 5 4 4 6 4 9 8 9 9 8 2 7 3 0 4 7 5 9 0 5 1 7 6 2 2 4 3 1 1 3 2 7 9 6 1 7 5 5 6 2 7 1 2 2 2 3 4 0 2 7 8 4 7 2 2 6 3 1 1 9 2 6 0 5 1 6 1 4 7 5 1 2 1 4 5 4 5 3 6 3 5 2 3 0 0 2 7 3 9 6 9 7 5 0 9 2 6 3 4 3 6 6 4 2 6 5 6 7 8 0 0 7 2 5 3 9 0 3 7 8 1 6 6 7 6 3 3 1 7 5 0 0 7 3 2 6 3 5 8 4 3 2 2 5 5 8 6 4 6 7 5 3 6 9 6 7 1 2 1 7 5 6 0 9 4 3 2 1 1 0 0 9 2 5 4 0 2 1 5 4 9 0 9 4 6 0 4 0 3 7 2 6 7 0 1 4 8 7 2 2 7 6 5 5 9 2 0 4 4 2 7 4 7 3 4 2 7 9 8 6 4 6 9 9 6 0 9 1 1 0 5 0 3 9 7 5 2 9 1 9 7 8 4 4 4 6 5 4 2 1 3 1 3 2 9 4 8 5 5 4 2 2 9 1 5 3 0 0 6 7 1 5 7 0 5 6 0 0 0 1 7 4 9 2 5 2 1 9 8 8 8 7 8 5 0 9 9 7 4 0 5 7 9 9 7 4 3 2 6 2 0 2 7 8 3 7 7 3 6,1f4557c41d8cc4cbfbad7a0fb910d0904260edd0fe52649334b7ea5d3f8b5b73
primary,8,12012,4,0.871866295264624,5 4 0 1 6 9 9 2 0 6 1 3 1 1 7 0 8 9 5 8 0 9 1 6 3 5 3 4 1 3 8 9 8 3 4 3 3 6 1 6 5 4 4 6 4 9 8 9 9 1 2 7 3 0 4 7 5 9 0 5 1 7 6 2 2 4 3 1 1 3 2 7 9 6 1 7 5 5 6 2 7 1 2 2 2 3 4 0 2 7 1 4 7 2 2 6 3 1 1 9 2 8 0 4 1 6 1 4 7 5 1 2 1 4 5 4 5 3 6 3 5 2 3 0 0 2 7 3 9 6 9 7 5 0 9 2 6 3 4 3 6 6 7 2 6 5 6 7 8 0 0 7 2 5 3 9 0 3 7 7 1 6 6 7 6 3 3 1 7 5 0 0 7 3 1 6 3 5 8 4 3 2 2 5 3 1 6 4 6 7 5 0 6 9 6 7 1 1 1 7 5 6 0 9 4 3 2 1 1 0 0 9 2 5 4 0 3 1 5 4 9 0 9 4 6 0 4 0 3 7 2 6 7 0 1 4 8 7 2 2 7 6 5 5 9 2 0 4 4 2 7 4 7 3 4 2 7 9 8 6 4 6 9 9 6 0 9 1 1 0 5 0 3 9 7 5 2 9 1 9 7 8 7 4 4 6 5 4 2 9 3 1 3 2 9 4 8 9 5 4 2 2 3 1 5 3 0 0 6 7 1 5 7 0 5 6 0 0 0 1 7 4 9 2 5 3 1 9 8 8 8 7 8 5 0 9 9 7 4 0 5 7 0 9 7 4 3 2 6 2 0 2 7 8 3 7 7 3 6,cf8d7ea8fd6e1ba1406a79b49911efbc1b3b1ba488f172de810edb59a54900f8
primary,8,12012,5,0.8802228412256268,5 4 0 1 6 9 9 2 0 6 6 3 1 1 7 0 8 9 5 8 0 9 1 6 9 5 7 4 1 9 8 9 8 3 4 3 3 6 1 6 5 4 4 5 4 9 1 9 9 2 2 7 3 0 4 7 5 9 0 5 1 7 6 2 1 4 3 1 1 3 2 7 9 6 1 7 5 5 6 2 7 1 2 2 2 3 4 0 2 7 1 4 7 2 2 6 3 1 1 9 2 8 0 7 1 6 1 4 7 5 1 2 1 4 5 4 5 3 6 3 5 2 3 0 0 2 7 3 9 6 9 7 5 0 9 2 6 3 4 3 6 6 7 2 6 5 6 7 8 0 0 7 2 5 3 9 0 3 7 8 1 1 6 2 6 3 3 1 7 5 0 0 7 3 1 6 3 5 3 4 3 2 2 5 5 1 6 4 6 7 5 0 6 9 6 7 1 1 1 7 5 6 0 9 4 3 2 1 1 0 0 9 2 5 4 0 3 1 5 4 9 0 9 4 6 0 4 0 3 7 2 6 7 0 1 4 8 7 2 2 7 6 5 5 9 2 0 4 4 2 7 4 7 3 4 2 7 9 8 6 4 6 9 9 6 0 9 1 1 0 5 0 3 9 7 5 2 2 1 9 7 8 7 4 4 6 5 4 1 9 3 1 3 2 9 4 8 9 5 4 2 2 9 1 5 3 0 0 6 7 1 5 7 0 5 6 0 0 0 1 5 4 9 2 5 3 1 9 8 8 8 7 8 5 0 9 9 7 4 0 5 7 9 9 7 4 3 2 6 2 0 2 7 8 3 7 7 3 6,054ff9fc51135d518fb64885adbb4576b9134728e1ebed13d541f944a15eaf73
primary,8,12013,1,0.6016713091922006,5 4 0 1 6 9 9 1 0 6 4 9 4 4 8 0 3 9 5 5 0 9 1 6 5 2 1 4 1 2 2 9 8 2 4 5 3 6 4 6 1 4 4 5 4 9 8 0 9 1 3 4 9 0 4 5 9 9 0 5 8 1 6 1 1 4 3 0 1 9 5 7 8 5 5 5 5 8 6 5 5 7 1 1 2 1 4 0 2 4 5 4 9 2 2 6 9 7 9 9 1 3 0 9 1 6 1 4 2 2 1 2 5 4 5 0 5 9 6 2 5 1 9 0 0 2 9 9 3 6 9 3 5 0 9 2 6 3 4 5 6 6 4 1 6 5 9 5 2 0 0 9 1 5 3 9 0 9 3 1 8 2 6 8 6 9 9 9 5 5 0 0 5 9 2 6 8 0 3 4 2 2 1 5 1 6 6 4 6 7 5 9 6 2 6 2 1 8 1 5 8 6 0 9 4 8 1 1 0 0 0 9 2 5 4 0 3 1 5 4 5 0 9 4 6 0 4 0 9 8 1 6 5 0 9 4 3 5 1 1 2 6 5 5 9 1 0 4 4 1 1 4 4 9 4 2 9 9 0 5 4 6 9 9 6 0 9 1 9 0 5 0 3 9 2 5 2 2 5 9 2 8 4 4 4 6 5 4 1 9 3 1 3 1 9 4 8 5 5 4 2 1 1 4 8 3 0 0 6 5 1 5 2 0 5 6 0 0 0 9 8 4 9 2 5 9 1 9 2 8 8 9 8 5 0 5 9 4 4 0 5 1 5 9 3 4 9 1 6 2 0 2 7 1 3 5 7 1 6,b1efee3de2e3cc708732011567002f34ff294479f4f90bfdf9355814a28a0886
primary,8,12013,2,0.8607242339832869,5 4 0 1 6 9 9 2 0 6 4 3 1 1 8 0 8 9 5 8 0 9 1 6 6 5 8 4 1 9 8 9 8 3 4 3 3 6 1 6 5 4 4 5 4 9 8 9 9 8 8 7 9 0 4 7 8 9 0 5 1 7 6 2 2 4 3 1 1 3 2 7 9 6 1 7 5 8 6 2 7 2 2 2 2 3 4 0 8 7 1 4 7 2 2 6 3 8 1 9 2 8 0 7 1 6 1 4 2 5 1 2 4 4 5 4 5 9 6 9 5 2 3 0 0 2 7 3 9 6 9 7 5 0 9 2 6 3 4 3 6 6 7 2 6 5 6 7 8 0 0 7 2 5 3 9 0 3 7 8 1 6 6 8 6 9 3 9 7 5 0 0 8 3 1 6 3 5 8 4 3 2 2 5 1 8 6 4 6 8 5 0 6 9 6 7 1 8 1 1 8 6 0 9 4 3 2 1 1 0 0 9 2 5 4 0 3 1 9 4 9 0 9 4 6 0 4 0 3 8 2 6 7 0 1 4 8 7 2 2 7 6 5 5 9 2 0 4 4 8 7 4 7 9 4 2 7 9 8 6 4 6 9 9 6 0 9 1 8 0 5 0 3 9 7 5 2 9 1 9 7 8 4 4 4 6 5 4 2 9 3 1 3 2 9 4 8 5 5 4 2 2 3 1 5 3 0 0 6 9 4 5 7 0 5 6 0 0 0 9 5 4 9 9 5 9 1 9 8 8 8 7 8 5 0 9 9 7 4 0 5 7 9 9 7 4 9 2 6 2 0 2 7 8 3 7 7 1 6,93f46a14c35a4e434e2cb105a4207afa309398fe56cdc2652bf39ce5d5ca4d74
primary,8,12013,3,0.8885793871866295,5 4 0 1 6 9 9 2 0 6 4 3 1 1 7 0 8 9 5 8 0 9 1 6 5 5 8 4 1 9 8 9 8 3 4 3 3 6 1 6 5 4 4 5 4 9 8 9 9 8 8 7 9 0 4 7 8 9 0 5 8 7 6 2 2 4 3 1 1 3 2 7 9 6 1 7 5 9 6 2 7 2 2 2 2 3 4 0 2 7 8 4 7 2 2 6 3 8 1 9 2 8 0 7 1 6 1 4 7 5 1 2 9 4 5 4 5 3 6 3 5 2 3 0 0 2 7 9 9 6 9 7 5 0 9 2 6 3 4 3 6 6 4 2 6 5 6 7 8 0 0 7 2 5 3 9 0 3 7 8 8 8 6 8 6 3 3 9 7 5 0 0 7 3 1 6 3 5 8 4 3 2 2 5 3 8 6 4 6 7 5 0 6 9 6 7 1 1 1 7 8 6 0 9 4 3 2 1 1 0 0 9 2 5 4 0 3 1 5 4 9 0 9 4 6 0 4 0 3 8 2 6 7 0 1 4 8 7 2 2 7 6 5 5 9 2 0 4 4 8 7 4 4 3 4 2 7 9 8 6 4 6 9 9 6 0 9 7 8 0 5 0 3 9 7 5 2 9 1 9 7 8 7 4 4 6 5 4 1 1 3 1 3 2 9 4 8 5 5 4 2 2 3 1 5 3 0 0 6 7 1 5 7 0 5 6 0 0 0 3 5 4 9 2 5 3 1 9 8 8 8 7 8 5 0 9 9 7 4 0 5 7 9 9 7 4 3 2 6 2 0 2 7 8 3 7 7 8 6,a6c9a58bf639905622a0e70791fb5986ef80dba49acc1051b69206762be50350
primary,8,12013,4,0.8941504178272981,5 4 0 1 6 9 9 2 0 6 1 3 1 1 7 0 8 9 5 8 0 3 1 6 5 5 3 4 1 9 8 9 8 3 4 3 3 6 1 6 5 4 4 5 4 9 8 9 9 1 8 7 9 0 4 7 8 9 0 5 1 7 6 2 2 4 3 1 1 3 2 7 3 6 1 7 5 8 6 2 7 1 2 2 2 3 4 0 2 7 1 4 7 2 2 6 3 8 1 9 2 8 0 7 1 6 1 4 7 5 1 2 9 4 5 4 5 3 6 3 5 2 3 0 0 2 7 9 9 6 9 7 5 0 9 2 6 3 4 3 6 6 7 2 6 5 6 7 8 0 0 7 2 5 3 9 0 3 7 8 1 8 6 8 6 3 3 1 7 5 0 0 7 3 1 6 3 5 8 4 3 2 2 5 5 1 6 4 6 7 5 0 6 9 6 7 1 1 1 7 8 6 0 9 4 3 2 1 1 0 0 9 2 5 4 0 3 1 5 4 9 0 9 4 6 0 4 0 3 8 2 6 7 0 1 4 8 7 2 2 7 6 5 5 9 2 0 4 4 8 7 4 7 8 4 2 7 9 8 6 4 6 9 9 6 0 9 1 8 0 5 0 3 9 7 5 2 2 1 9 7 8 7 4 4 6 5 4 1 1 3 1 3 2 9 4 8 9 5 4 2 2 3 1 5 3 0 0 6 5 1 5 7 0 5 6 0 0 0 8 5 4 7 3 5 3 1 9 8 8 8 7 8 5 0 9 9 7 4 0 5 7 9 9 7 4 3 2 6 2 0 2 7 8 3 7 7 8 6,ddca99693af5a8cd10d9bebbd6953ad31e9468924312c482c187f69157d63e28
primary,8,12013,5,0.8913649025069638,5 4 0 1 6 9 9 2 6 6 1 3 1 1 7 0 8 9 5 8 0 3 1 6 5 5 3 4 1 9 8 9 8 3 4 3 3 6 1 6 5 4 4 5 4 9 8 9 9 8 8 7 3 0 4 7 8 3 0 5 1 7 6 2 1 4 3 1 1 3 2 7 9 6 1 7 5 8 6 2 7 1 2 2 2 3 4 0 2 7 1 4 7 2 2 6 3 1 1 9 2 8 0 7 1 6 1 4 7 5 1 2 9 4 5 4 5 3 6 3 5 2 3 0 0 2 7 9 9 6 9 7 5 0 9 2 6 3 4 3 6 6 4 2 6 5 6 7 8 0 0 7 2 5 3 9 0 3 7 8 8 8 6 8 6 3 3 1 7 5 0 0 7 3 1 6 3 5 8 4 3 2 2 5 8 1 6 4 6 7 5 0 6 9 6 7 1 1 1 7 8 6 0 9 4 3 2 1 1 0 0 9 2 5 4 0 3 1 5 4 9 0 9 4 6 0 4 0 3 8 2 6 7 0 1 4 8 7 2 2 7 6 5 5 9 2 0 4 4 8 7 4 7 8 4 2 7 9 8 6 4 6 9 9 6 0 9 1 8 0 5 0 3 9 7 5 2 3 1 9 7 8 7 4 4 6 5 4 1 1 3 1 3 2 9 4 8 9 5 4 2 2 3 1 5 3 0 0 6 7 1 5 7 0 5 6 0 0 0 1 5 4 9 3 5 3 1 9 8 8 8 7 8 5 0 9 9 7 4 0 5 7 9 9 7 4 3 2 6 2 0 2 7 8 3 7 7 3 6,27445f717371367a8c62d96cd687cf97d4ec2f6ac79e8291e4b0a1c268a56c30
primary,8,12014,1,0.5348189415041783,6 4 0 1 6 3 3 2 6 6 4 3 1 1 7 0 2 2 3 8 0 8 1 6 3 2 2 4 5 3 6 3 2 3 4 2 3 6 4 6 2 4 6 2 4 8 8 3 0 6 7 5 3 0 4 7 1 3 0 4 2 1 6 6 2 4 3 1 7 5 2 7 3 6 7 2 2 3 6 2 8 2 2 2 2 2 0 0 8 7 7 4 2 2 5 6 3 0 9 3 2 3 8 6 6 6 1 4 8 6 6 2 6 4 2 4 6 3 6 3 7 2 3 0 0 2 7 2 3 6 3 5 5 0 3 2 6 5 4 5 6 6 4 2 6 3 6 5 6 0 0 2 2 7 3 3 0 5 2 8 7 2 6 8 6 3 3 6 7 6 0 0 7 3 2 6 3 2 2 4 3 2 3 3 5 2 6 4 6 2 2 3 6 3 6 2 1 8 7 5 8 6 0 9 4 3 2 1 1 0 0 2 2 2 4 0 3 1 9 4 3 6 3 4 6 0 4 0 3 2 2 6 2 0 1 4 8 6 2 2 2 6 2 6 2 1 0 4 4 8 1 4 4 5 4 2 7 3 8 6 0 6 0 8 6 0 2 7 2 0 3 0 3 9 2 2 2 2 1 3 8 8 4 4 4 6 4 4 2 0 3 1 3 2 3 4 5 9 2 4 2 2 3 1 6 3 0 0 6 2 4 6 2 0 3 6 0 0 0 6 2 4 0 2 6 2 1 3 2 8 8 7 3 2 0 3 2 4 4 0 6 5 8 3 2 4 3 2 4 2 0 2 7 2 3 5 7 5 6,ae8ed83928679ab0d7e21d6052e97345075ea789814e00b2e8ec9432d08cffb6
primary,8,12014,2,0.8746518105849582,5 4 0 1 6 3 8 2 0 6 6 3 1 1 7 0 8 9 5 8 0 9 1 6 5 5 7 4 1 3 6 9 8 3 4 3 3 6 1 6 5 4 4 5 4 9 1 3 9 8 1 7 9 0 4 7 8 9 0 5 1 7 6 2 1 4 3 1 1 3 2 7 9 6 1 7 5 9 6 2 7 2 2 2 2 3 4 0 2 7 7 4 7 2 2 6 3 2 1 3 2 8 0 7 1 6 1 4 7 5 1 2 9 4 5 4 5 3 6 3 5 2 3 0 0 2 7 3 9 6 9 7 5 0 9 2 6 3 4 3 6 6 7 1 6 5 6 7 8 0 0 7 2 5 3 9 0 3 7 7 1 2 6 8 6 3 3 1 7 5 0 0 7 3 1 6 3 5 8 4 3 2 2 5 5 1 6 4 6 7 5 0 6 5 6 7 1 1 1 7 7 6 0 9 4 3 1 1 1 0 0 9 2 5 4 0 3 1 9 4 9 0 3 4 6 0 4 0 3 8 2 6 7 0 1 4 8 7 2 2 7 6 5 5 9 2 0 4 4 8 7 4 4 5 4 2 7 9 8 6 4 6 9 9 6 0 9 7 2 0 5 0 3 9 7 5 2 2 1 9 7 8 4 4 4 6 5 4 1 9 3 1 3 2 9 4 8 9 5 4 2 2 9 1 5 3 0 0 6 7 1 5 7 0 5 6 0 0 0 1 2 4 9 2 5 3 1 9 8 8 8 7 8 5 0 5 3 7 4 0 5 7 0 9 7 4 3 2 6 2 0 2 7 8 3 5 7 5 6,c2098817f8f3a882f5923ca4e04cce5e905cd17695a4a5e1fe5fa597af69a096
primary,8,12014,3,0.8885793871866295,5 4 0 1 6 9 9 2 0 6 6 3 1 1 7 0 8 9 8 8 0 9 1 6 5 5 3 4 1 3 1 9 8 3 4 3 3 6 1 6 5 4 4 5 4 9 1 9 9 2 1 7 0 0 4 7 8 9 0 5 1 7 6 2 1 4 3 1 1 3 2 7 9 6 1 7 5 8 6 2 7 2 2 2 2 3 4 0 2 7 8 4 7 2 2 6 3 2 1 9 2 8 0 5 1 6 1 4 7 5 1 2 9 4 5 4 5 3 6 3 5 2 3 0 0 2 7 3 9 6 9 7 5 0 9 2 6 3 4 3 6 6 7 1 6 5 6 7 8 0 0 7 2 5 3 9 0 3 7 8 8 6 6 8 6 3 3 9 7 5 0 0 8 3 1 6 3 5 3 4 3 2 2 5 5 1 6 4 6 7 5 0 6 9 6 7 1 1 1 7 8 6 0 9 4 3 2 1 1 0 0 9 2 5 4 0 3 1 9 4 9 0 9 4 6 0 4 0 3 8 2 6 7 0 1 4 8 7 2 2 7 6 5 5 9 2 0 4 4 8 7 4 7 3 4 2 7 9 8 6 4 6 9 9 6 0 9 7 8 0 5 0 3 9 7 5 2 2 1 9 7 8 4 4 4 6 5 4 1 9 3 1 3 2 9 4 8 9 5 4 2 2 3 1 5 3 0 0 6 7 1 5 7 0 5 6 0 0 0 1 8 4 9 2 5 3 1 9 8 8 8 7 8 5 0 9 3 7 4 0 5 7 9 9 7 4 3 2 6 2 0 2 7 8 3 7 7 8 6,2262a886da63146d21dbf4298642359fadda38190d800e8c380cdf6a3eea49b9
primary,8,12014,4,0.8885793871866295,5 4 0 1 6 9 9 2 0 6 4 3 1 1 7 0 8 5 5 8 0 9 1 6 9 5 3 4 1 9 1 9 8 3 4 3 3 6 1 6 5 4 4 5 4 9 1 9 9 1 1 7 3 0 4 7 8 9 0 5 1 7 6 2 1 4 3 1 1 3 2 7 9 6 1 7 5 9 6 2 7 1 2 2 2 3 4 0 2 7 8 4 7 2 2 6 3 1 1 9 2 1 0 5 1 6 1 4 7 5 1 2 9 4 5 4 5 3 6 3 5 2 3 0 0 2 7 3 9 6 9 7 5 0 9 2 6 3 4 3 6 6 7 1 6 5 6 7 8 0 0 7 2 5 3 9 0 3 7 8 8 8 6 8 6 3 3 1 7 5 0 0 8 3 1 6 3 5 3 4 3 2 2 5 5 1 6 4 6 7 5 0 6 9 6 7 1 1 1 7 8 6 0 9 4 3 2 1 1 0 0 9 2 5 4 0 3 1 5 4 9 0 9 4 6 0 4 0 3 8 2 6 7 0 1 4 8 7 2 2 7 6 5 5 9 2 0 4 4 8 7 4 7 3 4 2 7 9 8 6 4 6 9 9 6 0 9 1 8 0 5 0 3 9 7 5 2 2 1 9 7 8 7 4 4 6 5 4 1 9 3 1 3 2 9 4 8 9 5 4 2 2 9 1 5 3 0 0 6 7 1 5 7 0 5 6 0 0 0 1 5 4 9 2 5 3 1 9 8 8 8 7 8 5 0 9 9 7 4 0 5 7 9 9 7 4 3 2 6 2 0 2 7 8 3 7 7 1 6,819927049e2a8a01d217554141de4550dd061d061a18fa9e77bf075e4337a936
primary,8,12014,5,0.8913649025069638,5 4 0 1 6 9 9 2 0 6 4 3 1 1 7 0 8 9 5 8 0 9 1 6 5 5 3 4 1 3 1 9 8 3 4 3 3 6 1 6 5 4 4 5 4 9 1 9 9 1 1 7 9 0 4 7 8 9 0 5 1 7 6 2 1 4 3 1 1 3 2 7 9 6 1 7 5 9 6 2 7 1 2 2 2 3 4 0 2 7 8 4 7 2 2 6 3 2 1 9 2 8 0 7 1 6 1 4 7 5 1 2 9 4 5 4 5 3 6 3 5 2 3 0 0 2 7 8 9 6 9 7 5 0 9 2 6 3 4 3 6 6 7 1 6 5 6 7 8 0 0 7 2 5 3 9 0 3 7 8 1 6 6 8 6 3 3 1 7 5 0 0 8 3 1 6 3 5 3 4 3 2 2 5 5 1 6 4 6 7 5 0 6 9 6 7 1 1 1 7 5 6 0 9 4 3 2 1 1 0 0 9 2 5 4 0 3 1 5 4 9 0 9 4 6 0 4 0 3 8 2 6 7 0 1 4 8 7 2 2 7 6 5 5 9 2 0 4 4 8 7 4 7 8 4 2 7 9 8 6 4 6 9 9 6 0 9 1 1 0 5 0 3 9 7 5 2 9 1 9 7 8 7 4 4 6 5 4 1 9 3 1 3 2 9 4 8 9 5 4 2 2 9 1 5 3 0 0 6 7 1 5 7 0 5 6 0 0 0 1 8 4 9 2 5 3 1 9 8 8 5 7 8 5 0 9 9 7 4 0 5 7 9 9 7 4 3 2 6 2 0 2 7 8 3 7 7 8 6,634447986f88798ade232041e42ceb9221b74d6f8f28acdc5d755ef3f4d57236
primary,8,12015,1,0.5097493036211699,8 9 0 7 0 9 4 2 0 1 4 1 1 1 2 0 2 9 4 1 0 3 2 6 0 4 2 4 1 4 1 9 1 3 1 3 3 6 1 6 7 4 4 1 4 2 3 9 9 1 2 2 1 0 1 8 1 3 0 0 1 4 6 2 2 1 3 2 3 3 2 7 3 8 2 5 4 5 5 2 1 4 2 2 2 3 4 0 1 4 1 4 3 4 4 6 3 4 4 9 2 9 4 0 1 6 1 4 3 5 1 2 9 4 3 4 8 3 6 3 5 2 3 0 0 2 8 3 9 6 3 1 7 0 3 2 6 9 4 3 4 6 4 8 6 3 8 3 2 0 0 1 2 4 3 3 0 3 1 7 2 3 6 2 6 3 3 4 7 5 0 0 1 3 2 6 3 7 3 4 3 2 2 9 7 1 6 4 0 1 1 3 6 4 6 1 8 7 9 1 5 8 0 3 4 9 2 1 1 0 0 0 2 5 1 0 3 1 9 4 4 0 9 1 6 0 9 0 3 6 2 6 3 0 9 4 9 1 2 2 4 6 7 8 9 2 0 4 4 7 4 4 9 1 4 2 1 9 6 5 4 6 3 3 6 0 3 1 1 0 0 0 3 3 7 4 2 3 1 3 7 2 1 0 4 6 7 4 2 4 3 1 3 1 9 4 5 1 4 1 2 2 3 2 0 3 0 0 6 1 1 8 4 0 9 6 0 0 4 1 1 1 3 0 4 1 1 9 6 8 1 1 1 5 0 0 3 1 4 0 5 1 1 0 1 4 3 2 5 2 0 2 7 2 3 1 7 7 6,882fb9199e507fa7c2ac38218b81b08e8c144fed69dde3e373084f8d46d35ec8
primary,8,12015,2,0.8161559888579387,5 4 0 1 6 9 3 2 0 6 6 3 1 1 7 0 8 9 0 8 0 3 1 6 9 5 3 4 1 9 8 9 8 3 4 3 3 6 1 6 5 4 4 1 4 9 3 9 9 1 2 7 0 0 4 7 8 3 0 3 2 7 6 2 2 4 3 2 1 3 2 7 3 6 2 7 5 5 6 2 7 2 2 2 2 3 4 0 2 7 1 4 7 2 2 6 3 8 1 9 2 8 0 9 1 6 1 4 7 5 1 2 9 4 5 4 8 3 6 3 5 2 3 0 0 2 7 8 9 6 9 7 5 0 9 2 6 9 4 3 6 6 4 2 6 9 6 7 8 0 0 7 2 5 3 3 0 3 7 7 1 8 6 2 6 3 3 0 7 5 0 0 7 3 2 6 3 5 3 4 3 2 2 3 3 1 6 4 6 7 5 3 6 9 6 7 1 1 1 7 5 6 0 9 4 3 2 1 1 0 0 9 2 5 4 0 3 1 9 4 3 0 9 4 6 0 4 0 3 7 2 6 7 0 9 4 8 7 2 2 7 6 5 5 9 2 0 4 4 7 7 4 7 8 4 2 7 9 8 6 4 6 9 9 6 0 9 7 8 0 3 0 3 9 7 5 2 3 1 9 7 8 7 1 4 6 5 4 2 9 3 1 3 2 9 4 8 3 5 4 2 2 9 1 5 3 0 0 6 7 1 3 7 0 9 6 0 0 0 1 5 4 9 3 3 3 1 9 8 8 1 7 8 5 0 9 9 7 4 0 5 7 0 9 7 4 3 2 6 2 0 2 7 2 3 7 7 3 6,81112acb1da5f706d01ef19d6c4db43e2accfe3d56ec79e2a3e2d9b60b2e76b2
primary,8,12015,3,0.8662952646239555,5 4 0 1 6 9 3 2 0 6 6 3 1 1 7 0 8 9 5 8 0 3 1 6 5 5 3 4 1 3 8 9 8 3 4 3 3 6 1 6 5 4 4 1 4 9 1 9 9 1 2 7 3 0 4 7 8 9 0 5 1 7 6 2 1 4 3 1 1 3 2 7 9 6 1 7 5 7 6 2 7 2 2 2 2 3 4 0 2 7 1 4 7 2 2 6 3 1 1 9 2 8 0 7 1 6 1 4 7 5 1 2 9 4 5 4 5 3 6 3 5 2 3 0 0 2 7 3 9 6 9 7 5 0 9 2 6 9 4 3 6 6 4 2 6 9 6 7 8 0 0 7 2 5 3 9 0 3 7 8 1 6 6 2 6 3 3 1 7 5 0 0 7 3 2 6 3 5 3 4 3 2 2 5 1 1 6 4 6 7 5 0 6 9 6 7 1 1 1 7 5 6 0 9 4 3 2 1 1 0 0 9 2 5 4 0 3 1 5 4 9 0 9 4 6 0 4 0 3 7 2 6 7 0 1 4 8 7 2 2 7 6 5 5 9 2 0 4 4 7 7 4 7 3 4 2 7 9 8 6 4 6 9 9 6 0 9 1 8 0 5 0 3 9 7 5 2 3 1 9 7 2 7 4 4 6 5 4 1 9 3 1 3 2 9 4 3 9 5 1 2 2 9 1 5 3 0 0 6 7 1 5 7 0 5 6 0 0 0 1 7 4 9 2 5 3 1 9 8 8 8 7 8 5 0 9 9 7 4 0 5 7 9 9 7 4 3 2 6 2 0 2 7 2 3 7 7 3 6,37a84921946b90361c4776bd86ce08d9b85095424ebceacf91748e2f25072c3e
primary,8,12015,4,0.9025069637883009,5 4 0 1 6 9 9 2 0 6 6 3 1 1 7 0 8 9 9 8 0 3 1 6 5 5 3 4 1 9 8 9 8 3 4 3 3 6 1 6 5 4 4 5 4 9 8 9 9 8 8 7 3 0 4 7 8 9 0 5 8 7 6 2 2 4 3 1 1 3 2 7 9 6 1 7 5 9 6 2 7 2 2 2 2 3 4 0 2 7 1 4 7 2 2 6 3 8 1 9 2 8 0 8 1 6 1 4 7 5 1 2 9 4 5 4 5 3 6 3 5 2 3 0 0 2 7 8 9 6 9 7 5 0 9 2 6 3 4 3 6 6 7 2 6 9 6 7 8 0 0 7 2 5 3 9 0 3 7 8 8 6 6 2 6 3 3 1 7 5 0 0 7 3 1 6 3 5 3 4 3 2 2 5 3 8 6 4 6 7 5 3 6 9 6 7 1 1 1 7 8 6 0 9 4 3 2 1 1 0 0 9 2 5 4 0 3 1 5 4 3 0 9 4 6 0 4 0 3 8 2 6 7 0 1 4 8 7 2 2 7 6 5 5 9 2 0 4 4 8 7 4 7 8 4 2 7 9 8 6 4 6 9 9 6 0 9 7 8 0 5 0 3 9 7 5 2 3 1 9 7 8 7 4 4 6 5 4 2 9 3 1 3 2 9 4 8 9 5 4 2 2 9 1 5 3 0 0 6 7 1 5 7 0 5 6 0 0 0 1 8 4 9 2 5 3 1 9 8 8 8 7 8 5 0 9 9 7 4 0 5 7 9 9 7 4 3 2 6 2 0 2 7 8 3 7 7 3 6,c0b57bad173288c282d1936b136fb32bdbfe6d3fb18c0e24fec412cacba86965
primary,8,12015,5,0.9025069637883009,5 4 0 1 6 9 9 2 0 6 6 3 1 1 7 0 8 9 5 8 0 3 1 6 5 5 3 4 1 3 8 9 8 3 4 3 3 6 1 6 5 4 4 5 4 9 8 9 9 8 2 7 3 0 4 7 8 9 0 5 1 7 6 2 2 4 3 1 1 3 2 7 3 6 1 7 5 9 6 2 7 2 2 2 2 3 4 0 2 7 1 4 7 2 2 6 3 1 1 9 2 8 0 7 1 6 1 4 7 5 1 2 9 4 5 4 5 3 6 3 5 2 3 0 0 2 7 9 9 6 9 7 5 0 9 2 6 3 4 3 6 6 7 2 6 9 6 7 8 0 0 7 2 5 3 9 0 3 7 8 1 8 6 2 6 3 3 1 7 5 0 0 7 3 1 6 3 5 3 4 3 2 2 5 3 1 6 4 6 7 5 0 6 9 6 7 1 1 1 7 8 6 0 9 4 3 2 1 1 0 0 9 2 5 4 0 3 1 5 4 9 0 9 4 6 0 4 0 3 8 2 6 7 0 1 4 8 7 2 2 7 6 5 5 9 2 0 4 4 8 7 4 7 8 4 2 7 9 8 6 4 6 9 9 6 0 9 7 8 0 5 0 3 9 7 5 2 3 1 9 7 8 7 4 4 6 5 4 1 9 3 1 3 2 9 4 8 5 5 4 2 2 9 1 5 3 0 0 6 7 1 5 7 0 5 6 0 0 0 1 8 4 9 3 5 3 1 9 8 8 8 7 8 5 0 9 9 7 4 0 5 7 9 9 7 4 3 2 6 2 0 2 7 8 3 7 7 3 6,6a0612379ea817c659816f35d390dd2ab683119bfe25095a9addd2319fc2fcec
primary,8,12016,1,0.6685236768802229,5 9 0 1 6 9 3 2 1 6 8 2 1 1 2 0 8 3 5 2 0 9 1 6 6 0 1 4 1 9 8 9 0 3 4 6 3 6 1 6 2 9 4 2 4 9 8 9 9 2 8 6 3 0 4 7 2 9 0 1 1 7 6 6 9 4 3 8 1 2 2 7 0 6 1 7 9 2 6 2 4 7 2 9 2 8 7 0 2 5 1 4 7 2 2 6 3 7 1 9 2 8 0 7 1 6 1 4 2 5 1 2 1 4 9 4 2 9 6 3 5 2 9 0 0 2 7 2 9 6 5 3 5 0 9 2 6 9 4 3 6 6 1 2 6 9 6 7 8 0 0 2 2 5 9 9 0 2 7 1 1 8 6 2 6 3 9 3 5 2 0 0 2 2 9 6 3 9 1 4 3 2 2 5 1 7 6 4 6 2 2 9 6 9 6 7 1 1 1 7 2 6 0 9 4 9 2 7 1 0 0 9 2 5 1 0 9 1 9 4 9 6 3 4 6 9 1 0 3 7 2 6 6 0 1 4 8 7 2 2 7 6 5 5 9 2 0 4 4 2 7 4 5 9 4 7 7 9 8 6 4 6 9 9 6 0 9 1 8 0 9 0 9 9 2 5 2 9 1 9 7 2 4 4 4 6 7 4 2 1 9 1 1 2 9 4 6 5 9 8 2 2 9 1 5 9 0 0 6 7 1 9 7 0 9 6 0 0 0 9 2 4 1 7 9 2 1 9 8 8 1 7 1 5 0 9 9 7 4 0 2 7 9 9 7 4 3 2 2 2 0 2 1 8 9 7 7 1 6,3ddc854b0b468a54e37c1c0a3562f8c7b99625f1df124a92b5b6bf59f57a187f
primary,8,12016,2,0.8440111420612814,5 4 0 1 6 9 9 2 0 6 6 3 1 1 7 0 8 2 5 8 0 3 1 6 9 5 1 4 1 9 8 9 1 3 4 3 3 6 1 6 5 4 4 5 4 9 1 9 3 7 1 7 3 0 4 7 1 3 0 1 1 7 6 2 1 4 3 1 1 3 2 7 3 6 1 7 5 9 6 2 7 1 2 2 2 3 4 0 2 7 1 4 7 2 2 6 3 1 1 9 2 8 0 7 1 6 1 4 7 5 1 2 9 4 5 4 5 3 6 3 5 2 3 0 0 2 7 3 9 6 9 7 5 0 9 2 6 9 4 3 6 6 7 2 6 5 6 7 1 0 0 7 2 5 3 3 0 3 7 1 1 8 6 2 6 3 3 1 7 5 0 0 2 3 1 6 3 5 8 4 3 2 2 5 1 2 6 4 6 7 5 3 6 9 6 7 1 1 1 7 2 6 0 3 4 3 2 1 1 0 0 9 2 5 4 0 3 1 5 4 9 0 9 4 6 9 4 0 3 7 2 6 7 0 1 4 3 7 2 2 7 6 5 5 9 2 0 4 4 2 7 4 4 3 4 2 7 9 8 6 4 6 9 9 6 0 3 7 8 0 5 0 3 3 7 5 2 3 1 9 7 2 4 4 4 6 5 4 1 1 9 1 3 2 9 4 8 5 5 4 2 2 9 1 5 3 0 0 6 7 1 5 7 0 5 6 0 0 0 1 2 4 1 2 5 3 1 9 8 8 1 7 8 5 0 9 3 7 4 0 5 7 9 9 7 4 3 2 6 2 0 2 7 8 3 7 7 1 6,626607521fa75f4b35590be5a131f1e44f2a58b0524fcf67d6ed4a6a56158681
primary,8,12016,3,0.8746518105849582,5 4 0 1 6 9 9 2 0 6 6 3 1 1 7 0 8 3 5 8 0 3 1 6 5 5 7 4 1 9 8 9 8 3 4 3 3 6 1 6 5 4 4 5 4 9 8 9 9 7 2 7 3 0 4 7 8 3 0 5 8 7 6 2 2 4 3 1 1 3 2 7 3 6 1 7 5 9 6 2 7 1 2 2 2 3 4 0 2 7 1 4 7 2 2 6 3 1 1 9 2 8 0 7 1 6 1 4 7 5 1 2 9 4 5 4 5 3 6 3 5 2 3 0 0 2 7 3 9 6 9 7 5 0 9 2 6 9 4 3 6 6 7 1 6 5 6 7 8 0 0 7 2 5 3 9 0 3 7 8 8 8 6 7 6 3 3 1 7 5 0 0 7 3 2 6 3 5 8 4 3 2 2 5 1 2 6 4 6 7 5 0 6 5 6 7 1 1 1 7 8 6 0 9 4 3 2 1 1 0 0 9 2 5 4 0 3 1 5 4 9 0 9 4 6 0 4 0 3 8 2 6 7 0 1 4 3 7 2 2 7 6 5 5 9 2 0 4 4 2 7 4 7 3 4 2 7 9 8 6 4 6 9 9 6 0 3 7 8 0 5 0 3 9 7 5 2 3 1 9 7 2 7 4 4 6 5 4 2 1 3 1 3 2 9 4 8 5 5 1 2 2 9 1 5 3 0 0 6 7 1 5 7 0 5 6 0 0 0 1 2 4 9 2 5 3 1 9 8 8 8 7 8 5 0 9 3 7 4 0 5 7 9 9 7 4 3 2 6 2 0 2 7 8 3 7 7 1 6,2fc5303546a2b218fc9ad4d1f17b8848cd4d3241b841af832a1bf42af74b04af
primary,8,12016,4,0.8885793871866295,5 4 0 1 6 9 9 2 0 6 6 3 1 1 7 0 8 3 5 8 0 3 1 6 5 5 3 4 1 9 8 9 8 3 4 3 3 6 1 6 5 4 4 5 4 9 8 9 9 1 2 7 3 0 4 7 8 3 0 5 1 7 6 2 2 4 3 1 1 3 2 7 9 6 1 7 5 9 6 2 7 1 2 2 2 3 4 0 2 7 8 4 7 2 2 6 3 1 1 9 2 8 0 7 1 6 1 4 7 5 1 2 9 4 5 4 5 3 6 3 5 2 3 0 0 2 7 3 9 6 9 7 5 0 9 2 6 3 4 3 6 6 7 2 6 5 6 7 8 0 0 7 2 5 3 9 0 3 7 8 1 8 6 2 6 3 3 1 7 5 0 0 7 3 1 6 3 5 8 4 3 2 2 5 1 2 6 4 6 7 5 3 6 5 6 7 1 1 1 7 5 6 0 9 4 3 2 1 1 0 0 9 2 5 4 0 3 1 5 4 9 0 9 4 6 0 4 0 3 7 2 6 7 0 1 4 8 7 2 2 7 6 5 5 9 2 0 4 4 2 7 4 7 3 4 2 7 9 8 6 4 6 9 9 6 0 9 7 8 0 5 0 3 9 7 5 2 3 1 9 7 8 4 4 4 6 5 4 2 9 3 1 3 2 9 4 8 5 5 4 2 2 9 1 5 3 0 0 6 7 1 5 7 0 5 6 0 0 0 1 5 4 9 3 5 3 1 9 8 8 8 7 8 5 0 9 9 7 4 0 5 7 9 9 7 4 3 2 6 2 0 2 7 8 3 7 7 1 6,212d5e56cc669e3ef1a7f6a5c71e1b23eb53ea9dca3107dd6e4f8213f4c779ad
primary,8,12016,5,0.8969359331476323,5 4 0 1 6 9 9 2 0 6 6 3 1 1 7 0 8 9 5 8 0 3 1 6 5 5 1 4 1 9 8 9 8 3 4 3 3 6 1 6 5 4 4 5 4 9 8 9 9 1 2 7 3 0 4 7 8 9 0 5 1 7 6 2 2 4 3 1 1 3 2 7 9 6 1 7 5 9 6 2 7 1 2 2 2 3 4 0 2 7 8 4 7 2 2 6 3 1 1 9 2 8 0 7 1 6 1 4 7 5 1 2 9 4 5 4 5 3 6 3 5 2 3 0 0 2 7 3 9 6 9 7 5 0 9 2 6 3 4 3 6 6 7 1 6 5 6 7 8 0 0 7 2 5 3 9 0 3 7 8 1 8 6 7 6 3 3 1 7 5 0 0 7 3 1 6 3 5 3 4 3 2 2 5 1 2 6 4 6 7 5 0 6 5 6 7 1 1 1 7 8 6 0 9 4 3 2 1 1 0 0 9 2 5 4 0 3 1 5 4 9 0 9 4 6 0 4 0 3 7 2 6 7 0 1 4 8 7 2 2 7 6 5 5 9 2 0 4 4 8 7 4 7 3 4 2 7 9 8 6 4 6 9 9 6 0 9 7 8 0 5 0 3 9 7 5 2 3 1 9 7 8 7 4 4 6 5 4 2 1 3 1 3 2 9 4 8 5 5 4 2 2 9 1 5 3 0 0 6 7 1 5 7 0 5 6 0 0 0 1 5 4 9 2 5 3 1 9 8 8 8 7 8 5 0 9 3 7 4 0 5 7 9 9 7 4 3 2 6 2 0 2 7 8 3 7 7 1 6,0cf987848aa9b1b7a31d447f14afa1eb169ac81431410466499f701e5a31acde
primary,8,12017,1,0.6128133704735376,4 7 0 1 6 3 1 2 1 2 1 3 2 2 7 0 1 1 5 1 0 9 2 6 2 5 3 1 2 2 1 3 8 3 7 3 3 6 7 6 5 4 7 2 4 0 1 3 9 7 2 7 9 0 4 7 1 9 0 3 7 7 6 2 2 1 3 7 1 3 2 7 0 1 2 8 5 1 3 2 7 7 2 2 2 3 4 0 3 7 5 7 7 3 3 6 3 7 1 9 2 1 5 9 1 2 1 4 7 5 4 2 5 7 5 4 5 3 6 3 5 2 3 0 0 2 7 2 3 6 9 4 5 0 9 2 6 3 4 3 6 6 7 2 6 3 2 7 8 0 0 1 2 5 3 9 0 3 7 1 7 1 6 7 4 3 3 7 7 5 0 0 5 3 2 6 3 5 3 4 3 2 2 5 1 2 6 7 1 5 5 3 6 9 6 7 1 2 9 3 5 6 0 0 4 3 2 2 2 0 0 9 2 5 4 0 3 1 5 4 9 3 9 4 4 5 4 0 3 1 2 6 7 0 1 7 3 7 2 2 7 6 5 3 1 2 0 5 4 8 7 4 7 2 7 2 7 9 1 4 1 6 9 3 6 4 9 1 6 0 5 0 3 3 7 5 2 0 7 3 7 8 7 1 4 1 5 7 2 1 3 1 3 2 3 1 3 1 5 7 2 2 3 2 5 3 0 0 6 1 7 5 7 0 5 6 0 0 1 0 2 1 7 3 5 3 2 3 8 1 1 1 1 5 0 9 3 9 4 0 5 7 1 9 7 1 3 2 4 2 0 3 7 3 3 7 7 9 6,3847dd43b8d72bfa968a9480f9745809136579e0e62733e8441788c0a52ae5c0
primary,8,12017,2,0.8440111420612814,5 4 0 1 6 3 9 2 0 2 6 3 1 1 7 0 8 9 5 1 0 9 1 6 5 5 3 4 1 9 1 9 8 3 4 3 3 6 1 6 5 4 4 5 4 9 1 9 9 1 2 7 3 0 4 7 1 9 0 5 1 7 6 2 2 4 3 1 1 3 2 7 0 6 1 7 5 9 6 2 7 1 2 2 2 3 4 0 3 7 7 4 7 2 2 6 3 1 1 9 3 3 0 7 1 6 1 4 7 5 1 2 9 4 5 4 5 3 6 3 5 2 3 0 0 2 7 3 9 6 9 7 5 0 9 2 6 3 4 3 6 6 7 2 6 5 6 7 8 0 0 7 2 5 3 9 0 3 7 1 1 8 6 2 6 3 3 1 7 5 0 0 8 3 2 6 3 5 3 4 3 2 2 5 3 1 6 4 6 7 5 3 6 9 6 7 1 1 1 7 5 6 0 9 4 3 2 1 1 0 0 9 2 5 4 0 3 1 5 4 9 0 9 4 6 9 4 0 3 8 2 6 7 0 1 4 3 7 2 2 7 6 5 5 9 2 0 5 4 8 7 4 7 3 4 2 7 9 8 6 4 6 9 9 6 0 9 1 1 0 5 0 3 9 7 5 2 3 1 9 7 8 7 4 4 6 5 4 2 9 3 9 3 2 9 4 3 9 5 4 2 2 9 1 5 3 0 0 6 7 1 5 7 0 5 6 0 0 0 1 7 4 7 2 5 3 1 9 8 8 1 7 1 5 0 9 3 7 4 0 5 7 9 9 7 4 3 2 6 2 0 2 7 3 3 7 7 3 6,2c0515b4c41494ff68cef5d25399563b26ea0e32872e3c9a63bb67615ea5986d
primary,8,12017,3,0.871866295264624,5 4 0 1 6 9 9 2 0 6 6 3 1 1 7 0 8 9 5 8 0 3 1 6 5 5 3 4 1 3 8 9 8 3 4 3 3 6 1 6 5 4 4 5 4 9 1 9 9 1 1 7 3 0 4 7 8 9 0 5 1 7 6 2 2 4 3 1 1 3 2 7 3 6 1 7 5 9 6 2 7 1 2 2 2 3 4 0 3 7 1 4 7 2 2 6 3 1 1 9 2 1 0 7 1 6 1 4 7 5 1 2 9 4 5 4 5 3 6 3 5 2 3 0 0 2 7 3 9 6 9 7 5 0 9 2 6 3 4 3 6 6 7 2 6 5 6 7 8 0 0 7 2 5 3 9 0 3 7 8 1 8 6 8 6 3 3 9 7 5 0 0 8 3 2 6 3 5 3 4 3 2 2 5 3 1 6 4 6 7 5 3 6 9 6 7 1 1 1 7 8 6 0 9 4 3 2 1 1 0 0 9 2 5 4 0 3 1 5 4 9 0 9 4 6 0 4 0 3 8 2 6 7 0 1 4 3 7 2 2 7 6 5 5 9 2 0 4 4 8 7 4 7 3 4 2 7 9 8 6 4 6 9 9 6 0 9 7 1 0 5 0 3 9 7 5 2 3 1 9 7 8 7 4 4 6 5 4 2 9 3 1 3 2 9 4 8 9 5 4 2 2 9 1 5 3 0 0 6 7 1 5 7 0 5 6 0 0 0 1 5 4 7 2 5 3 1 9 8 8 8 7 8 5 0 9 3 7 4 0 5 7 9 9 7 4 3 2 6 2 0 2 7 3 3 7 7 3 6,d94c75568603c8d0928ccfd7e40c7446ca9ffc01e48e6f120d5ebbfba8ee6858
primary,8,12017,4,0.8857938718662952,5 4 0 1 6 9 9 2 0 6 6 3 1 1 7 0 8 9 5 8 0 9 1 6 5 5 3 4 1 9 8 9 8 3 4 3 3 6 1 6 5 4 4 5 4 9 8 9 9 8 2 7 3 0 4 7 8 9 0 5 8 7 6 2 2 4 3 1 1 3 2 7 9 6 1 7 5 8 6 2 7 1 2 2 2 3 4 0 3 7 8 4 7 2 2 6 3 8 1 9 2 8 0 7 1 6 1 4 7 5 1 2 9 4 5 4 5 3 6 3 5 2 3 0 0 2 7 3 9 6 9 7 5 0 9 2 6 3 4 3 6 6 7 2 6 5 6 7 8 0 0 7 2 5 3 9 0 3 7 8 8 8 6 8 6 3 3 1 7 5 0 0 8 3 2 6 3 5 3 4 3 2 2 5 5 2 6 4 6 5 5 0 6 5 6 7 1 1 1 7 8 6 0 9 4 3 2 1 1 0 0 9 2 5 4 0 3 1 5 4 9 0 9 4 6 0 4 0 3 8 2 6 7 0 1 4 8 7 2 2 7 6 5 5 9 2 0 4 4 8 7 4 7 3 4 2 7 9 8 6 4 6 9 9 6 0 9 7 8 0 5 0 3 9 7 5 2 2 1 9 7 8 7 4 4 6 5 4 2 9 3 1 3 2 9 4 8 5 5 4 2 2 9 1 5 3 0 0 6 7 1 5 7 0 5 6 0 0 0 1 7 4 7 2 5 3 1 9 8 8 8 7 8 5 0 9 3 7 4 0 5 7 9 9 7 4 3 2 6 2 0 2 7 8 3 7 7 3 6,eced7f4f48dd6b59f93a312a3475d6b13cddeb55ff0ce75e64a9492a318caf25
primary,8,12017,5,0.8941504178272981,5 4 0 1 6 9 9 2 0 6 6 3 1 1 7 0 8 9 5 8 0 9 1 6 5 5 3 4 1 9 8 9 8 3 4 3 3 6 1 6 5 4 4 5 4 9 1 9 9 8 1 7 3 0 4 7 8 9 0 5 1 7 6 2 2 4 3 1 1 3 2 7 9 6 1 7 5 8 6 2 7 1 2 2 2 3 4 0 3 7 8 4 7 2 2 6 3 8 1 9 2 8 0 7 1 6 1 4 7 5 1 2 9 4 5 4 5 3 6 3 5 2 3 0 0 2 7 3 9 6 9 7 5 0 9 2 6 9 4 3 6 6 7 2 6 5 6 7 8 0 0 7 2 5 3 9 0 3 7 8 1 6 6 8 6 3 3 1 7 5 0 0 8 3 2 6 3 5 8 4 3 2 2 5 5 1 6 4 6 7 5 3 6 5 6 7 1 1 1 7 8 6 0 9 4 3 2 1 1 0 0 9 2 5 4 0 3 1 5 4 9 0 9 4 6 0 4 0 3 8 2 6 7 0 1 4 8 7 2 2 7 6 5 5 9 2 0 4 4 8 7 4 7 8 4 2 7 9 8 6 4 6 9 9 6 0 9 7 8 0 5 0 3 9 7 5 2 2 1 9 7 8 7 4 4 6 5 4 1 9 3 1 3 2 9 4 8 9 5 4 2 2 9 1 5 3 0 0 6 7 1 5 7 0 5 6 0 0 0 8 7 4 7 2 5 3 1 9 8 8 8 7 8 5 0 9 9 7 4 0 5 7 9 9 7 4 3 2 6 2 0 2 7 8 3 7 7 3 6,35aaac9949889cc44e63be0d9c0ce7de2454906d97e0294c3c263129b450edcb
primary,8,12018,1,0.6016713091922006,5 4 0 1 2 3 9 2 0 2 1 3 1 8 8 0 8 0 0 8 0 3 1 6 3 8 8 4 8 5 7 0 5 3 4 5 3 6 5 2 5 1 4 8 4 9 1 9 3 0 1 8 0 0 4 7 8 3 0 8 8 7 6 2 3 4 3 1 1 5 2 7 9 6 1 7 5 5 6 2 7 7 2 3 3 5 4 0 3 1 8 4 7 3 3 2 3 7 1 0 2 6 0 8 7 6 8 4 7 5 8 2 5 4 5 4 5 3 6 3 8 2 3 0 0 2 7 3 9 2 5 7 5 0 0 2 6 3 4 3 6 6 7 2 6 5 5 7 5 0 0 7 2 5 3 5 0 3 7 8 8 4 6 8 4 3 3 0 7 5 0 0 8 3 2 6 3 5 3 4 3 2 2 5 8 2 6 4 5 7 8 3 6 3 4 7 1 8 8 7 7 6 0 3 1 3 2 1 1 4 0 3 5 5 1 0 3 1 9 4 3 0 5 4 1 0 4 0 3 1 2 6 8 0 3 4 3 5 2 2 7 6 2 0 3 2 0 7 4 8 7 4 8 3 4 1 7 3 8 6 4 6 3 3 4 0 9 7 6 0 9 0 3 3 7 8 2 4 8 3 8 2 7 4 4 6 5 4 5 3 3 3 3 5 3 4 5 0 5 8 2 2 3 1 5 3 0 0 6 7 1 0 7 0 9 6 9 0 0 0 8 4 3 3 8 3 1 9 5 8 8 7 8 8 0 9 0 8 4 0 5 7 9 0 7 4 3 2 8 2 0 2 7 5 3 7 7 8 5,71f78c26e60dd5bc17a32f318ff3ff94d3ef79350a8a154b6a4993c00e044507
primary,8,12018,2,0.8384401114206128,5 4 0 8 6 9 9 2 0 6 6 3 1 1 8 0 8 9 5 8 0 9 1 6 3 5 1 4 1 3 8 9 8 3 4 3 3 6 1 6 5 4 4 8 4 9 1 9 9 0 1 5 0 0 4 7 8 9 0 8 8 7 6 2 2 4 3 1 1 3 2 7 9 6 1 7 5 5 6 2 7 2 2 2 2 3 4 0 2 7 8 4 7 2 2 6 3 4 1 9 2 8 0 7 1 6 1 4 7 5 1 2 1 4 5 4 5 3 6 3 5 2 3 0 0 2 7 8 9 6 9 7 5 0 9 2 6 3 4 3 6 6 4 2 6 5 6 7 8 0 0 7 2 5 3 9 0 3 7 8 8 8 6 8 6 3 3 4 7 5 0 0 7 3 2 6 3 5 8 4 3 2 2 5 8 1 6 4 6 7 5 3 6 9 6 7 1 1 1 7 7 6 0 9 4 3 2 1 1 0 0 9 2 5 4 0 3 1 9 4 3 0 9 4 6 0 4 0 3 4 2 6 3 0 1 4 8 5 2 2 7 6 5 5 9 2 0 4 4 8 7 4 4 3 4 2 7 9 8 6 4 6 9 9 6 0 9 7 8 0 9 0 3 9 7 5 2 0 1 9 7 2 4 4 4 6 5 4 2 9 3 1 3 2 9 4 2 5 5 4 2 2 3 1 5 3 0 0 6 7 1 5 7 0 5 6 0 0 0 8 8 4 0 3 5 3 1 9 8 8 8 7 8 5 0 9 8 4 4 0 5 7 9 9 7 4 3 2 6 2 0 2 7 8 3 7 7 8 6,6afee4975fb8b91abf47773afd392cf97cf502947e65b4838110ca996d026b92
primary,8,12018,3,0.8690807799442897,5 4 0 1 6 9 9 2 6 6 1 3 1 1 7 0 8 9 5 8 0 9 1 6 3 5 3 4 1 9 8 9 8 3 4 3 3 6 1 6 5 4 4 1 4 9 1 9 9 2 2 7 3 0 4 7 8 9 0 8 1 7 6 2 2 4 3 1 1 3 2 7 9 6 1 7 5 8 6 2 7 2 2 2 2 3 4 0 2 7 1 4 7 2 2 6 3 1 1 9 2 1 0 7 1 6 1 4 7 5 1 2 1 4 5 4 5 3 6 3 5 2 3 0 0 2 7 3 9 6 9 7 5 0 9 2 6 3 4 3 6 6 4 2 6 5 6 7 8 0 0 7 2 5 3 9 0 3 7 8 1 8 6 2 6 3 3 1 7 5 0 0 7 3 1 6 3 5 3 4 3 2 2 5 1 1 6 4 6 7 5 3 6 9 6 7 1 1 1 7 7 6 0 9 4 3 2 1 1 0 0 9 2 5 4 0 3 1 5 4 3 0 9 4 6 0 4 0 3 8 2 6 7 0 1 4 8 7 2 2 7 6 5 5 9 2 0 4 4 8 7 4 4 3 4 2 7 9 2 6 4 6 9 9 6 0 9 1 1 0 9 0 3 9 7 5 2 0 1 9 7 2 4 4 4 6 5 4 1 9 3 1 3 2 9 4 8 5 5 4 2 2 3 1 5 3 0 0 6 7 1 5 7 0 5 6 0 0 0 1 7 4 1 2 5 3 1 9 8 8 8 7 8 5 0 9 9 7 4 0 5 7 9 9 7 4 3 2 6 2 0 2 7 8 3 7 7 8 6,4a0aaf21333e91052106875d81386f3913087c22a04df2119376e25fa8928594
primary,8,12018,4,0.8885793871866295,5 4 0 1 6 9 9 2 0 6 6 3 1 1 7 0 8 9 5 8 0 9 1 6 5 5 3 4 1 9 8 9 8 3 4 3 3 6 1 6 5 4 4 1 4 9 8 9 9 1 1 7 3 0 4 7 8 9 0 5 1 7 6 2 2 4 3 1 1 3 2 7 9 6 1 7 5 7 6 2 7 1 2 2 2 3 4 0 2 7 1 4 7 2 2 6 3 1 1 9 2 8 0 4 1 6 1 4 7 5 1 2 1 4 5 4 5 3 6 3 5 2 3 0 0 2 7 3 9 6 9 7 5 0 9 2 6 3 4 3 6 6 4 2 6 9 6 7 8 0 0 7 2 5 3 9 0 3 7 8 1 8 6 8 6 3 3 1 7 5 0 0 7 3 1 6 3 5 3 4 3 2 2 5 8 1 6 4 6 7 5 3 6 9 6 7 1 1 1 7 8 6 0 9 4 3 2 1 1 0 0 9 2 5 4 0 3 1 5 4 3 0 9 4 6 0 4 0 3 8 2 6 7 0 1 4 8 7 2 2 7 6 5 5 9 2 0 4 4 8 7 4 4 3 4 2 7 9 8 6 4 6 9 9 6 0 9 1 8 0 5 0 3 9 7 5 2 0 1 9 7 2 4 4 4 6 5 4 1 1 3 1 3 2 9 4 3 9 5 4 2 2 9 1 5 3 0 0 6 7 1 5 7 0 5 6 0 0 0 1 5 4 9 2 5 3 1 9 8 8 8 7 8 5 0 9 9 7 4 0 5 7 9 9 7 4 3 2 6 2 0 2 7 8 3 7 7 8 6,1597829e7609ffc0eaf31e3275c0b241c49eaea46b4ce8dafb3640dd01054a56
primary,8,12018,5,0.8857938718662952,5 4 0 1 6 9 9 2 0 6 6 3 1 1 7 0 8 9 5 8 0 9 1 6 5 5 3 4 1 9 8 9 8 3 4 3 3 6 1 6 5 4 4 5 4 9 1 9 9 1 1 7 9 0 4 7 8 9 0 5 1 7 6 2 2 4 3 1 1 3 2 7 9 6 1 7 5 5 6 2 7 1 2 2 2 3 4 0 2 7 1 4 7 2 2 6 3 1 1 9 2 8 0 7 1 6 1 4 7 5 1 2 1 4 5 4 5 3 6 3 5 2 3 0 0 2 7 3 9 6 9 7 5 0 9 2 6 3 4 3 6 6 4 2 6 5 6 7 8 0 0 7 2 5 3 9 0 3 7 8 1 8 6 8 6 3 3 1 7 5 0 0 7 3 2 6 3 5 3 4 3 2 2 5 1 1 6 4 6 7 5 0 6 9 6 7 1 1 1 7 8 6 0 9 4 3 2 1 1 0 0 9 2 5 4 0 3 1 5 4 9 0 9 4 6 0 4 0 3 8 2 6 7 0 1 4 8 7 2 2 7 6 5 5 9 2 0 4 4 8 7 4 4 3 4 2 7 9 8 6 4 6 9 9 6 0 9 1 8 0 5 0 3 9 7 5 2 0 1 9 7 8 7 4 4 6 5 4 1 1 3 1 3 2 9 4 3 5 5 4 2 2 3 1 5 3 0 0 6 7 1 5 7 0 5 6 0 0 0 1 8 4 9 2 5 3 1 9 8 8 8 7 8 5 0 9 9 7 4 0 5 7 9 9 7 4 3 2 6 2 0 2 7 8 3 7 7 3 6,f2927cbab9c16738efbeb4f14badb13c6cad6ec5b2336a717b9634d3bc80006d
primary,8,12019,1,0.532033426183844,8 6 0 1 6 0 0 2 1 1 1 3 1 1 7 0 8 9 8 3 5 3 1 4 0 5 3 2 1 3 8 9 1 3 2 3 3 6 1 6 3 4 0 1 4 9 1 9 3 9 1 1 7 0 2 7 9 0 0 5 1 7 4 1 1 1 3 1 1 3 1 7 3 4 2 7 5 3 6 1 7 1 2 2 2 3 0 0 2 1 1 4 5 2 2 6 3 1 1 9 2 1 5 5 1 6 1 2 7 5 1 1 4 2 8 6 3 3 4 3 5 1 3 0 0 2 7 9 0 6 9 7 5 0 9 2 1 0 2 3 6 4 7 1 4 0 4 7 9 0 0 7 1 7 3 9 0 3 7 3 1 9 4 9 4 3 3 3 7 5 0 0 1 3 3 4 3 5 3 0 3 2 2 6 1 1 6 4 4 5 3 2 6 9 6 7 1 1 1 7 7 4 0 9 4 3 1 1 1 0 5 3 2 5 4 0 3 1 3 4 9 0 0 2 4 0 2 0 3 9 1 4 7 8 1 4 8 7 2 1 0 6 5 8 9 2 9 5 4 1 7 0 7 9 1 2 7 3 1 4 2 1 9 8 6 0 9 1 9 0 0 0 3 3 7 0 1 5 1 0 7 1 7 4 4 4 5 2 9 9 3 3 3 3 9 2 3 3 5 1 2 1 9 1 5 3 8 0 4 9 1 3 7 8 0 6 0 0 0 9 9 4 7 9 3 9 1 9 5 1 3 7 1 5 9 9 9 4 2 9 5 7 5 9 7 2 3 2 1 1 0 1 1 3 3 5 7 2 4,d7fd2e88125f821617451c834e96a10cbd38dd41482efcbcc042ed7e46b973ca
primary,8,12019,2,0.8523676880222841,5 7 0 1 6 9 9 2 6 6 1 3 1 1 7 0 8 9 5 8 0 9 1 6 9 5 3 4 1 9 8 9 8 3 4 3 3 6 1 6 5 4 4 1 4 9 1 9 9 2 1 7 3 0 4 7 8 3 0 5 1 7 6 2 1 1 3 1 1 3 2 7 3 6 1 7 5 7 6 2 7 1 2 2 2 3 0 0 2 7 8 4 7 2 2 6 3 1 1 9 2 1 0 5 1 6 1 4 7 5 1 2 7 4 5 4 5 3 6 3 5 2 3 0 0 2 7 9 9 6 9 7 5 0 9 2 6 3 4 3 6 6 7 1 6 9 6 7 8 0 0 7 2 5 3 9 0 3 7 8 1 1 6 1 6 3 3 9 7 5 0 0 7 3 1 6 3 5 8 4 3 2 2 5 5 1 6 4 6 7 5 3 6 9 6 7 1 1 1 7 8 6 0 9 4 3 1 1 1 0 5 9 2 5 4 0 3 1 5 4 9 0 9 4 4 0 4 0 3 1 2 6 7 0 1 4 8 7 2 2 7 6 5 5 9 2 0 7 4 8 7 4 7 8 4 2 7 9 8 6 4 6 9 3 6 0 9 1 6 0 5 0 3 3 7 5 2 2 1 9 7 8 7 4 4 6 5 4 1 1 3 3 3 2 9 4 8 5 5 1 2 2 9 1 5 3 0 0 6 7 1 5 7 0 5 6 0 0 0 1 7 4 7 2 5 9 1 9 8 8 8 7 8 5 0 9 3 7 4 0 5 7 3 9 7 4 3 2 6 2 0 2 7 8 3 7 7 2 6,599f81677ef9595135b43836a90526c41e859203a82aeccac4e64e79b1a3b339
primary,8,12019,3,0.871866295264624,5 4 0 1 6 9 9 2 6 6 1 3 1 1 7 0 8 9 5 8 0 9 1 6 9 5 3 4 1 9 8 9 8 3 4 3 3 6 1 6 5 4 4 1 4 9 1 9 9 1 1 7 3 0 4 7 8 9 0 5 1 7 6 2 1 1 3 1 1 3 2 7 9 6 1 7 5 7 6 2 7 1 2 2 2 3 0 0 2 7 8 4 7 2 2 6 3 1 1 9 2 1 0 5 1 6 1 4 7 5 1 2 4 4 5 4 5 3 6 3 5 2 3 0 0 2 7 9 9 6 9 7 5 0 9 2 6 3 4 3 6 6 7 1 6 9 6 7 8 0 0 7 2 5 3 9 0 3 7 8 1 8 6 2 6 3 3 9 7 5 0 0 7 3 1 6 3 5 8 4 3 2 2 5 1 1 6 4 6 7 5 3 6 9 6 7 1 1 1 7 8 6 0 9 4 3 1 1 1 0 0 9 2 5 4 0 3 1 9 4 9 0 9 4 6 0 4 0 3 8 2 6 7 0 1 4 8 7 2 2 7 6 5 5 9 2 0 4 4 8 7 4 7 3 4 2 7 9 8 6 4 6 9 9 6 0 9 1 8 0 5 0 3 9 7 5 2 9 1 9 7 8 7 4 4 6 5 4 1 9 3 1 3 2 9 4 8 9 5 4 2 2 9 1 5 3 0 0 6 7 1 5 7 0 5 6 0 0 0 1 7 4 9 2 5 9 1 9 8 8 8 7 8 5 0 9 9 4 4 0 5 7 0 9 7 4 3 2 6 2 0 2 7 8 3 7 7 8 6,7c3f0f61fac0fc75e6df62117245717b4a56f4111dfad80cc8d7b9dca660fc21
primary,8,12019,4,0.8969359331476323,5 4 0 1 6 9 9 2 0 6 1 3 1 1 7 0 8 9 5 8 0 3 1 6 9 5 3 4 1 9 8 9 8 3 4 3 3 6 1 6 5 4 4 8 4 9 1 9 9 1 1 7 3 0 4 7 8 9 0 5 1 7 6 2 1 4 3 1 1 3 2 7 9 6 1 7 5 7 6 2 7 1 2 2 2 3 4 0 2 7 8 4 7 2 2 6 3 1 1 9 2 8 0 5 1 6 1 4 7 5 1 2 9 4 5 4 5 3 6 3 5 2 3 0 0 2 7 3 9 6 9 7 5 0 9 2 6 3 4 3 6 6 7 1 6 5 6 7 8 0 0 7 2 5 3 9 0 3 7 8 1 8 6 8 6 3 3 9 7 5 0 0 8 3 1 6 3 5 8 4 3 2 2 5 8 1 6 4 6 7 5 0 6 9 6 7 1 1 1 7 8 6 0 9 4 3 1 1 1 0 0 9 2 5 4 0 3 1 5 4 9 0 9 4 6 0 4 0 3 8 2 6 7 0 1 4 8 7 2 2 7 6 5 5 9 2 0 4 4 8 7 4 7 8 4 2 7 9 8 6 4 6 9 9 6 0 9 1 8 0 5 0 3 9 7 5 2 9 1 9 7 8 7 4 4 6 5 4 1 1 3 1 3 2 9 4 8 5 5 4 2 2 9 1 5 3 0 0 6 7 1 5 7 0 5 6 0 0 0 8 7 4 7 2 5 3 1 9 8 8 8 7 8 5 0 9 9 7 4 0 5 7 0 9 7 4 3 2 6 2 0 2 7 8 3 7 7 8 6,143f683778526fdb436e0eae2502f89967a6b1f281d0febcd8f1ea6bf37af079
primary,8,12019,5,0.8997214484679665,5 4 0 1 6 9 9 2 0 6 1 3 1 1 7 0 8 9 5 8 0 9 1 6 9 5 3 4 1 9 8 9 8 3 4 3 3 6 1 6 5 4 4 5 4 9 1 9 9 1 1 7 3 0 4 7 8 9 0 5 1 7 6 2 1 4 3 1 1 3 2 7 9 6 1 7 5 5 6 2 7 1 2 2 2 3 4 0 2 7 8 4 7 2 2 6 3 1 1 9 2 8 0 7 1 6 1 4 7 5 1 2 9 4 5 4 5 3 6 3 5 2 3 0 0 2 7 3 9 6 9 7 5 0 9 2 6 3 4 3 6 6 7 1 6 5 6 7 8 0 0 7 2 5 3 9 0 3 7 8 1 8 6 2 6 3 3 9 7 5 0 0 7 3 1 6 3 5 3 4 3 2 2 5 5 1 6 4 6 7 5 3 6 9 6 7 1 1 1 7 8 6 0 9 4 3 1 1 1 0 0 9 2 5 4 0 3 1 5 4 9 0 9 4 6 0 4 0 3 8 2 6 7 0 1 4 8 7 2 2 7 6 5 5 9 2 0 4 4 8 7 4 4 8 4 2 7 9 8 6 4 6 9 9 6 0 9 1 8 0 5 0 3 9 7 5 2 9 1 9 7 8 7 4 4 6 5 4 1 1 3 1 3 2 9 4 8 5 5 4 2 2 9 1 5 3 0 0 6 7 1 5 7 0 5 6 0 0 0 1 7 4 9 2 5 3 1 9 8 8 8 7 8 5 0 9 9 7 4 0 5 7 0 9 7 4 3 2 6 2 0 2 7 8 3 7 7 3 6,ce06d55d6596c849f9d79ebe7eae1c410450692603edc0f9e257d136ee39f1a6
primary,8,12020,1,0.5515320334261838,4 4 0 7 6 3 2 2 4 4 4 2 4 8 2 0 8 8 2 8 0 2 3 6 6 8 8 4 1 3 3 2 8 2 4 3 3 4 1 6 8 4 0 4 4 9 1 2 3 8 3 3 2 0 4 7 8 9 0 1 3 7 6 3 1 3 3 3 8 3 2 7 1 3 3 1 8 8 6 2 8 8 2 2 2 3 0 0 2 3 8 4 0 2 2 4 3 8 3 2 2 3 0 8 4 6 3 4 8 5 4 2 1 4 2 4 8 3 4 3 8 2 3 0 0 2 8 8 9 6 9 8 8 0 2 2 3 3 4 3 6 4 0 1 6 5 4 2 8 0 0 0 2 5 3 9 0 8 8 8 8 8 4 8 4 3 3 7 2 4 0 0 8 3 1 6 3 4 3 4 3 2 3 4 1 8 6 4 4 7 2 3 6 9 6 8 8 2 8 8 8 6 0 3 4 3 2 2 1 0 0 8 2 2 4 0 3 8 2 4 9 3 9 4 4 3 4 0 3 4 2 6 3 0 3 4 9 0 2 2 0 6 2 4 9 2 0 4 4 8 7 4 4 9 0 2 7 8 8 4 4 6 3 3 6 0 3 8 8 0 4 0 3 3 8 5 2 2 3 2 8 8 4 4 4 4 5 4 1 1 3 3 8 2 3 4 8 1 2 3 2 2 3 3 2 2 0 6 6 2 4 4 0 0 5 6 0 0 0 8 2 4 1 2 8 3 7 9 8 8 8 8 8 2 0 9 8 0 4 0 8 8 9 9 0 4 3 2 5 2 0 2 7 3 3 8 7 3 6,6548b49ad9cb849a767fec05d88ce67bf4c87c0d6ead2253fecd9b8dcd620f92
primary,8,12020,2,0.8495821727019499,5 4 0 1 6 9 9 2 0 6 6 3 1 1 8 0 8 9 5 8 0 3 1 6 6 5 3 4 1 9 8 9 8 3 4 3 3 6 1 6 5 4 4 2 4 9 1 9 9 1 1 7 3 0 4 7 8 9 0 5 8 7 6 2 2 4 3 1 1 3 2 7 9 6 2 7 5 8 6 2 7 8 2 2 2 3 4 0 3 7 8 4 7 2 2 6 3 8 1 9 2 8 0 8 4 6 1 4 7 5 1 2 4 4 5 4 5 3 6 3 5 2 3 0 0 2 7 9 9 6 9 7 5 0 9 2 6 3 4 3 6 6 7 2 6 5 6 7 8 0 0 7 2 5 3 9 0 3 7 8 8 8 6 8 6 3 3 9 7 5 0 0 8 3 1 6 3 5 3 4 3 2 2 5 1 1 6 4 6 7 5 3 6 5 6 7 1 1 1 3 8 6 0 9 4 3 2 2 1 0 0 9 2 5 4 0 3 1 5 4 9 0 9 4 6 0 4 0 3 8 2 6 7 0 1 4 8 7 2 2 0 6 5 4 9 2 0 4 4 8 7 4 4 3 4 2 7 9 8 6 4 6 9 9 6 0 9 7 8 0 5 0 3 3 7 5 2 0 1 9 7 8 7 4 4 6 5 4 2 1 3 1 3 2 9 4 8 5 5 4 2 2 9 1 5 3 0 0 6 7 1 5 7 0 5 6 0 0 0 8 5 4 9 2 5 3 1 9 8 8 8 7 8 5 0 9 9 4 4 0 5 7 0 9 7 4 3 2 5 2 0 2 7 3 3 7 7 3 6,1724c7a969e44bde417d6a3cc9171193e5fe1db9a88aec66539d0a8c80a05464
primary,8,12020,3,0.8690807799442897,5 4 0 1 6 9 9 2 0 6 6 3 1 1 8 0 8 9 0 8 0 9 1 6 5 5 8 4 1 9 8 9 8 3 4 3 3 6 1 6 5 4 4 5 4 9 1 9 9 1 1 7 3 0 4 7 8 9 0 8 8 7 6 2 2 4 3 1 1 3 2 7 9 6 1 7 5 8 6 2 7 8 2 2 2 3 4 0 3 7 8 4 7 2 2 6 3 7 1 9 2 9 0 8 4 6 1 4 7 5 1 2 1 4 5 4 5 3 6 3 5 2 3 0 0 2 7 9 9 6 9 7 5 0 9 2 6 3 4 3 6 6 7 2 6 0 6 7 8 0 0 7 2 5 3 9 0 3 7 8 8 8 6 8 6 3 3 1 7 5 0 0 8 3 2 6 3 5 3 4 3 2 2 5 1 8 6 4 6 7 5 3 6 9 6 7 1 1 1 7 8 6 0 9 4 3 2 1 1 0 0 9 2 5 4 0 3 1 5 4 9 0 9 4 6 0 4 0 3 8 2 6 7 0 1 4 8 7 2 2 7 6 5 5 9 2 0 4 4 8 7 4 7 8 4 2 7 9 8 6 4 6 9 9 6 0 9 7 8 0 5 0 3 9 7 5 2 2 1 9 7 8 7 4 4 6 5 4 1 1 3 1 3 2 9 4 8 5 5 4 2 2 9 1 5 3 0 0 6 7 1 5 7 0 5 6 0 0 0 1 7 4 9 2 5 9 1 9 8 8 8 7 8 5 0 9 3 7 4 0 5 7 0 9 7 4 3 2 0 2 0 2 7 8 3 7 7 8 6,8ceecbcd75e6ef6932f6afd8ffad6ac5ea981aa39a9b8e44f3793502cb17cec7
primary,8,12020,4,0.8774373259052924,5 4 0 1 6 9 9 2 0 6 1 3 1 1 8 0 8 9 5 8 0 3 1 6 5 5 3 4 1 9 8 9 8 3 4 3 3 6 1 6 5 4 4 5 4 9 1 9 9 1 1 7 3 0 4 7 8 9 0 5 1 7 6 2 2 4 3 1 1 3 2 7 9 6 1 7 5 9 6 2 7 1 2 2 2 3 4 0 3 7 8 4 7 2 2 6 3 1 1 9 2 8 0 7 1 6 1 4 7 5 1 2 1 4 5 4 5 3 6 3 5 2 3 0 0 2 7 9 9 6 9 7 5 0 9 2 6 3 4 3 6 6 7 2 6 5 6 7 8 0 0 7 2 5 3 9 0 3 7 8 8 8 6 8 6 3 3 1 7 5 0 0 7 3 2 6 3 5 3 4 3 2 2 5 1 1 6 4 6 7 5 3 6 9 6 7 1 1 1 7 8 6 0 9 4 3 2 1 1 0 0 9 2 5 4 0 3 1 5 4 9 0 9 4 6 0 4 0 3 8 2 6 7 0 1 4 8 7 2 2 7 6 5 5 9 2 0 4 4 8 7 4 7 3 4 2 7 9 8 6 4 6 9 9 6 0 9 7 8 0 5 0 3 9 7 5 2 2 1 9 7 8 7 4 4 6 5 4 2 1 3 1 3 2 9 4 8 5 5 4 2 2 9 1 5 3 0 0 6 7 1 5 7 0 5 6 0 0 0 1 5 4 9 2 5 3 1 9 8 8 8 7 8 5 0 9 9 7 4 0 5 7 0 9 7 4 3 2 6 2 0 2 7 8 3 7 7 1 6,fc10898f44cb2e3995573ea6b3722b46aca037c1d82f6ad64d9689ad7f0e3de9
primary,8,12020,5,0.883008356545961,5 4 0 1 6 9 9 2 0 6 6 3 1 1 7 0 8 9 5 8 0 3 1 6 5 5 3 4 1 9 8 9 8 3 4 3 3 6 1 6 5 4 4 5 4 9 1 9 9 1 2 7 3 0 4 7 8 9 0 5 1 7 6 2 2 4 3 1 1 3 2 7 9 6 1 7 5 8 6 2 7 1 2 2 2 3 4 0 2 7 8 4 7 2 2 6 3 1 1 9 2 8 0 7 1 6 1 4 7 5 1 2 1 4 5 4 5 3 6 3 5 2 3 0 0 2 7 3 9 6 9 7 5 0 9 2 6 3 4 3 6 6 7 2 6 5 6 7 8 0 0 7 2 5 3 9 0 3 7 8 8 6 6 8 6 3 3 1 7 5 0 0 8 3 2 6 3 5 3 4 3 2 2 5 1 8 6 4 6 7 5 3 6 5 6 7 1 1 1 7 8 6 0 9 4 3 2 1 1 0 0 9 2 5 4 0 3 1 5 4 9 0 9 4 6 0 4 0 3 8 2 6 7 0 1 4 8 7 2 2 7 6 5 5 9 2 0 4 4 8 7 4 7 3 4 2 7 9 8 6 4 6 9 9 6 0 9 7 8 0 5 0 3 9 7 5 2 2 1 9 7 8 7 4 4 6 5 4 2 1 3 1 3 2 9 4 8 5 5 4 2 2 3 1 5 3 0 0 6 7 1 5 7 0 5 6 0 0 0 1 7 4 9 2 5 3 1 9 8 8 8 7 8 5 0 9 9 7 4 0 5 7 0 9 7 4 3 2 6 2 0 2 7 8 3 7 7 1 6,7bc9a1270aedbe278376d7ca0fd68d361daa03043dca6fbcb05f3af2fa922cb5
supplement,16,13001,1,0.5264623955431755,5 4 9 1 6 9 9 4 4 4 4 2 1 4 7 9 8 3 9 4 0 9 1 6 6 4 3 4 4 6 4 9 4 2 4 2 3 6 4 6 5 4 4 4 4 9 4 9 9 3 2 4 9 0 4 7 7 9 9 4 4 7 6 2 2 1 2 4 9 2 2 1 2 4 4 1 4 3 6 4 7 1 2 2 2 9 4 9 4 7 4 4 7 2 2 6 9 2 1 9 4 2 0 4 1 6 3 4 4 4 4 4 1 4 5 4 4 9 6 9 4 2 3 0 0 2 1 9 9 6 9 4 4 0 9 2 6 3 4 2 6 6 7 4 6 5 6 7 4 0 0 3 2 4 2 9 0 2 1 4 4 4 6 4 4 2 2 4 7 2 9 0 7 9 8 6 2 8 8 4 2 2 2 5 1 4 6 4 6 1 5 9 6 2 6 7 4 4 1 7 5 6 0 9 4 3 8 1 4 0 0 9 2 2 4 0 2 1 2 4 9 9 9 4 6 4 4 0 2 3 2 6 4 0 1 4 2 9 2 4 3 6 2 6 9 2 0 4 4 5 7 4 4 4 4 2 3 9 4 6 4 6 9 9 6 0 9 1 2 0 5 0 3 9 7 2 4 2 4 9 4 8 1 4 4 4 4 4 2 1 3 3 2 4 9 4 8 2 4 1 4 2 3 4 5 2 9 4 6 1 4 5 3 9 5 6 0 9 9 2 5 4 9 2 5 2 1 9 8 4 4 9 4 4 0 3 4 2 4 0 4 7 2 9 1 4 9 4 4 2 0 2 7 4 2 5 1 1 6,2b85327f5896bf1887d8f3583b5ac1511bcb5525cd20bc7d3efef8533a351a7e
supplement,16,13001,2,0.8551532033426184,5 4 0 7 6 9 9 2 4 6 6 3 1 1 7 0 8 9 5 8 0 9 1 6 5 5 3 4 1 9 8 9 8 3 4 2 3 6 1 6 5 4 4 4 4 9 8 9 9 1 8 7 9 0 4 7 8 9 0 5 1 7 6 2 2 4 3 1 1 3 2 7 9 6 1 7 5 9 6 8 7 1 2 2 2 3 4 0 2 7 1 4 7 2 2 6 9 1 1 9 2 6 0 8 1 6 1 4 7 5 1 5 9 4 5 4 5 3 6 9 5 2 3 0 0 2 7 3 9 6 9 7 5 0 9 2 6 3 4 3 6 6 7 8 6 5 6 7 8 0 0 7 2 5 3 9 0 3 7 7 1 6 6 7 6 9 3 9 7 5 0 0 7 9 8 6 3 5 8 4 3 2 2 5 8 8 6 4 6 7 5 9 6 5 6 7 1 1 1 7 5 6 0 9 4 3 8 1 1 0 0 9 2 5 4 0 2 1 5 4 9 0 9 4 6 6 4 0 3 4 2 6 7 0 1 4 8 7 2 5 7 6 5 5 9 2 0 4 4 8 7 4 7 8 4 2 7 9 8 6 4 6 9 9 6 0 9 7 3 0 5 0 3 9 7 5 2 2 1 9 7 8 7 4 4 6 5 4 8 9 3 1 3 2 9 4 8 9 5 4 2 2 9 1 5 2 0 0 6 7 1 5 7 0 5 6 0 0 0 8 5 4 9 9 5 2 1 9 8 8 8 7 8 5 0 9 3 7 4 0 5 7 0 9 7 4 3 2 6 2 0 2 7 8 3 7 7 8 6,ef4982288ebdfe89b4deb5052ba8139f9277b53a9e33d31160d78595408420d6
supplement,16,13001,3,0.9220055710306406,5 4 0 1 6 9 9 2 4 6 6 3 1 1 7 0 8 8 5 8 0 9 1 6 5 5 3 4 1 5 8 9 8 3 4 3 3 6 1 6 5 4 4 6 4 9 8 9 9 1 8 7 3 0 4 7 8 9 0 5 1 7 6 2 1 4 3 1 1 3 2 7 9 6 1 7 5 9 6 2 7 1 2 2 2 3 4 0 2 7 1 4 7 2 2 6 3 1 1 9 2 8 0 8 1 6 1 4 7 5 1 2 9 4 5 4 5 3 6 3 5 2 3 0 0 2 7 8 9 6 9 7 5 0 9 2 6 3 4 3 6 6 7 8 6 5 6 7 8 0 0 7 2 5 3 9 0 3 7 8 1 8 6 7 6 3 3 1 7 5 0 0 7 3 1 6 3 5 3 4 3 2 2 5 5 1 6 4 6 7 5 0 6 5 6 7 1 1 1 7 5 6 0 9 4 3 1 1 1 0 0 9 2 5 4 0 3 1 5 4 9 0 9 4 6 6 4 0 3 7 2 6 7 0 1 4 8 7 2 2 7 6 5 5 9 2 0 4 4 8 7 4 7 3 4 2 7 9 8 6 4 6 9 9 6 0 9 1 6 0 5 0 3 9 7 5 2 9 1 9 7 8 7 4 4 6 5 4 1 1 3 1 3 2 9 4 8 5 5 4 2 2 3 1 5 3 0 0 6 7 1 5 7 0 5 6 0 0 0 8 7 4 9 2 5 3 1 9 8 8 8 7 8 5 0 9 9 7 4 0 5 7 0 9 7 4 3 2 6 2 0 2 7 8 3 7 7 3 6,af8e9ba7ed7255b661a233e5f815d9cd743bf90e50e7512d762b72e083b8dc5d
supplement,16,13001,4,0.9136490250696379,5 4 0 1 6 9 9 2 0 6 6 3 1 1 7 0 8 9 5 8 0 9 1 6 5 5 3 4 1 9 8 9 8 3 4 3 3 6 1 6 5 4 4 6 4 9 8 9 9 1 2 7 3 0 4 7 8 9 0 5 1 7 6 2 2 4 3 1 1 3 2 7 9 6 1 7 5 9 6 2 7 1 2 2 2 3 4 0 2 7 1 4 7 2 2 6 3 1 1 9 2 8 0 9 1 6 1 4 7 5 1 2 9 4 5 4 5 3 6 3 5 2 3 0 0 2 7 9 9 6 9 7 5 0 9 2 6 9 4 3 6 6 7 1 6 5 6 7 8 0 0 7 2 5 3 9 0 3 7 8 1 6 6 2 6 3 3 1 7 5 0 0 7 3 1 6 3 5 8 4 3 2 2 5 5 1 6 4 6 7 5 0 6 5 6 7 1 1 1 7 5 6 0 9 4 3 1 1 1 0 0 9 2 5 4 0 3 1 5 4 9 0 9 4 6 0 4 0 3 8 2 6 7 0 1 4 8 7 2 2 7 6 5 5 9 2 0 4 4 8 7 4 7 8 4 2 7 9 8 6 4 6 9 9 6 0 9 1 8 0 5 0 3 9 7 5 2 9 1 9 7 8 7 4 4 6 5 4 1 1 3 1 3 2 9 4 8 5 5 4 2 2 9 1 5 3 0 0 6 7 1 5 7 0 5 6 0 0 0 8 7 4 9 2 5 3 1 9 8 8 8 7 8 5 0 9 9 7 4 0 5 7 9 9 7 4 3 2 6 2 0 2 7 8 3 7 7 1 6,39c2dc0df2f970bdd7f6dbbf9b5e65313e13d6838d5f03211503dcf4f18d343c
supplement,16,13001,5,0.8969359331476323,5 4 0 1 6 9 9 2 6 6 1 3 1 1 7 0 8 9 5 8 0 9 1 6 5 5 3 4 1 9 8 9 8 3 4 3 3 6 1 6 5 4 4 5 4 9 8 9 9 1 1 7 3 0 4 7 8 9 0 5 1 7 6 2 1 4 3 1 1 3 2 7 9 6 1 7 5 9 6 2 7 1 2 2 2 3 4 0 2 7 8 4 7 2 2 6 3 1 1 9 2 8 0 5 1 6 1 4 7 5 1 2 9 4 5 4 5 3 6 3 5 2 3 0 0 2 7 9 9 6 9 7 5 0 9 2 6 3 4 3 6 6 7 5 6 5 6 7 8 0 0 7 2 5 3 9 0 3 7 8 1 6 6 8 6 3 3 1 7 5 0 0 7 3 1 6 3 5 3 4 3 2 2 5 5 1 6 4 6 7 5 0 6 5 6 7 1 1 1 7 5 6 0 9 4 3 1 1 1 0 0 9 2 5 4 0 3 1 5 4 9 0 9 4 6 0 4 0 3 8 2 6 7 0 1 4 8 7 2 2 7 6 5 5 9 2 0 4 4 8 7 4 7 8 4 2 7 9 8 6 4 6 9 9 6 0 9 7 8 0 5 0 3 9 7 5 2 9 1 9 7 8 7 4 4 6 5 4 1 9 3 1 3 2 9 4 8 5 5 4 2 2 3 1 5 3 0 0 6 7 1 5 7 0 5 6 0 0 0 8 2 4 9 2 5 3 1 9 8 8 8 7 8 5 0 9 9 7 4 0 5 7 9 9 7 4 3 2 6 2 0 2 7 8 3 7 7 8 6,1ff9653cae0d268f4265322c393fdc90bc48b89f9c38da8b29d935344827322f
supplement,16,13002,1,0.520891364902507,8 7 0 1 0 3 4 1 1 1 1 1 1 1 7 0 6 7 3 0 0 9 1 6 6 4 6 4 1 3 6 3 1 3 4 3 3 6 1 6 2 4 4 1 4 9 1 9 9 1 1 8 9 0 4 7 7 3 0 9 1 4 6 1 1 4 3 1 1 8 1 7 3 6 8 7 0 7 6 2 7 1 2 2 3 3 4 0 1 8 1 4 7 1 1 6 9 1 1 3 1 6 0 7 1 6 1 4 4 9 1 0 6 4 9 7 1 3 6 3 2 1 3 0 0 3 7 1 9 6 3 7 1 0 3 2 1 9 4 3 1 6 7 1 6 1 6 7 1 0 0 7 1 2 3 9 0 3 7 1 1 6 6 3 1 3 3 9 3 9 0 0 1 3 6 6 9 7 3 4 3 1 1 3 2 1 6 4 6 3 1 0 6 5 6 7 6 1 1 4 7 6 0 9 4 3 6 1 1 0 0 3 2 3 6 0 3 1 9 4 3 0 3 4 1 2 4 0 0 6 1 6 4 0 8 4 1 7 1 1 7 6 5 6 3 1 0 7 4 3 4 4 7 1 4 1 7 3 1 6 4 6 3 9 6 0 3 1 6 0 2 0 3 9 4 5 2 3 1 0 4 3 7 4 4 6 0 4 6 9 3 9 3 1 3 4 8 0 7 1 2 1 3 1 3 2 0 0 1 1 1 3 7 0 0 6 0 0 0 1 1 4 3 1 2 0 1 3 6 6 6 7 6 3 0 5 3 6 4 0 9 7 0 3 7 4 3 1 6 2 0 1 4 3 3 7 7 6 6,15711ba7c156498dd52eb2f7ed73aa79ad1f0f677ca423fe82434951a692a39e
supplement,16,13002,2,0.807799442896936,5 4 0 1 0 9 9 2 6 6 1 3 1 1 7 0 6 9 5 8 0 9 1 6 9 5 1 4 1 3 6 9 7 3 4 3 3 6 1 6 5 4 4 0 4 9 1 9 9 1 1 7 9 0 4 7 7 9 0 5 1 7 6 2 2 4 3 1 1 3 2 7 3 6 1 7 5 7 6 2 7 1 2 2 2 3 4 0 2 8 1 4 7 2 2 6 9 1 9 9 2 6 0 7 1 6 1 4 7 5 1 8 9 4 5 4 5 3 6 3 5 2 3 0 0 2 7 8 9 6 9 7 5 0 9 2 6 9 4 3 6 6 4 1 6 5 6 7 8 0 0 7 2 5 3 9 0 3 7 1 1 6 6 2 6 3 3 9 7 5 0 0 7 3 6 6 3 5 3 4 3 2 2 5 3 1 6 4 6 7 5 0 6 5 6 7 4 1 1 7 5 6 0 9 4 3 1 1 1 0 0 9 2 5 4 0 3 1 5 4 3 0 9 4 6 0 4 0 3 7 2 6 2 0 1 4 8 7 2 1 7 6 5 6 9 2 0 4 4 5 7 4 7 8 4 2 7 9 8 6 4 6 9 9 6 0 9 1 6 0 5 0 3 9 7 5 2 3 1 9 7 8 7 4 4 6 5 4 1 9 3 9 3 1 9 4 8 9 5 4 2 2 9 1 5 3 0 0 6 7 1 5 7 0 5 6 0 0 0 1 7 4 5 2 5 9 1 9 8 8 8 7 8 5 0 5 9 7 4 0 5 7 0 9 7 4 9 2 6 2 0 2 7 3 3 7 7 1 6,c1ba5815398df0923fee96e1000437ae3f36e862abb83035c527bee08fa12848
supplement,16,13002,3,0.8579387186629527,5 4 0 1 6 9 9 2 0 6 1 3 1 1 7 0 8 8 5 8 0 9 1 6 5 5 3 4 1 9 6 9 8 3 4 3 3 6 1 6 5 4 4 0 4 9 1 9 9 1 1 7 9 0 4 7 8 9 0 5 1 7 6 2 2 4 3 1 1 3 2 7 9 6 1 7 5 7 6 2 7 1 2 2 2 3 4 0 2 7 1 4 7 2 2 6 3 1 1 9 2 6 0 7 1 6 1 4 7 5 1 2 9 4 5 4 5 3 6 3 5 2 3 0 0 2 7 8 9 6 9 7 5 0 9 2 6 3 4 3 6 6 4 6 6 5 6 7 8 0 0 7 2 5 3 9 0 3 7 7 1 6 6 2 6 3 3 1 7 5 0 0 7 3 6 6 3 5 8 4 3 2 2 5 5 1 6 4 6 7 5 0 6 9 6 7 4 1 1 4 5 6 0 9 4 3 2 1 1 0 0 9 2 5 4 0 3 1 5 4 3 0 9 4 6 0 4 0 3 7 2 6 7 0 1 4 8 7 2 2 7 6 5 5 9 2 0 4 4 8 7 4 7 8 4 2 7 9 8 6 4 6 9 9 6 0 9 7 6 0 5 0 3 9 7 5 2 0 1 9 7 8 7 4 4 6 5 4 1 9 3 1 3 2 9 4 8 9 5 4 2 2 9 1 5 3 0 0 6 7 1 5 7 0 5 6 0 0 0 8 7 4 7 2 5 3 1 9 8 8 8 7 8 5 0 9 9 7 4 0 5 7 0 9 7 4 3 2 6 2 0 2 7 3 3 7 7 1 6,518a93a8e3385676b7a93dfdc22129563fa1d5d5817b87d77742c378614d0442
supplement,16,13002,4,0.883008356545961,5 4 0 1 6 9 9 2 0 6 1 3 1 1 7 0 8 9 5 8 0 9 1 6 9 5 3 4 1 9 8 9 8 3 4 3 3 6 1 6 5 4 4 6 4 9 1 9 9 1 1 7 9 0 4 7 8 9 0 5 1 7 6 2 1 4 3 1 1 3 2 7 9 6 1 7 5 9 6 2 7 1 2 2 2 3 4 0 2 7 1 4 7 2 2 6 3 1 1 9 2 8 0 7 1 6 1 4 7 5 1 2 9 4 5 4 5 3 6 3 5 2 3 0 0 2 7 8 9 6 9 7 5 0 9 2 6 9 4 3 6 6 7 1 6 9 6 7 8 0 0 7 2 5 3 9 0 3 7 7 1 6 6 8 6 3 3 1 7 5 0 0 7 3 1 6 3 5 8 4 3 2 2 5 5 1 6 4 6 7 5 0 6 9 6 7 1 1 1 7 5 6 0 9 4 3 2 1 1 0 0 9 2 5 4 0 3 1 5 4 9 0 9 4 6 0 4 0 3 7 2 6 7 0 1 4 8 7 2 2 7 6 5 5 9 2 0 4 4 8 7 4 7 8 4 7 7 9 8 6 4 6 9 9 6 0 9 7 8 0 5 0 3 9 7 5 2 2 1 9 7 8 7 4 4 6 5 4 1 9 3 1 3 2 9 4 8 9 5 4 2 2 9 1 5 3 0 0 6 7 1 5 7 0 5 6 0 0 0 1 7 4 9 2 5 9 1 9 8 8 8 7 8 5 0 9 3 7 4 0 5 7 9 9 7 4 3 2 6 2 0 2 7 8 3 7 7 3 6,19a17c619b603ecb67b40f59844cd1d7bcd4acf51ba3d62e300c96342ed67e94
supplement,16,13002,5,0.8774373259052924,5 4 0 1 6 9 9 2 6 6 1 3 1 1 7 0 8 9 5 8 0 9 1 6 5 5 3 4 1 9 8 9 8 3 4 3 3 6 1 6 5 4 4 5 4 9 1 9 9 2 1 7 9 0 4 7 8 9 0 5 1 7 6 2 2 4 3 1 1 3 2 7 9 6 1 7 5 7 6 2 7 1 2 2 2 3 4 0 2 7 1 4 7 2 2 6 3 1 1 9 2 8 0 7 1 6 1 4 7 5 1 2 1 4 5 4 5 3 6 3 5 2 3 0 0 2 7 8 9 6 9 7 5 0 9 2 6 3 4 3 6 6 7 1 6 9 6 7 8 0 0 7 2 5 3 9 0 3 7 8 1 6 6 8 6 3 3 9 7 5 0 0 7 3 1 6 3 5 8 4 3 2 2 5 5 1 6 4 6 7 5 0 6 9 6 7 1 1 1 7 5 6 0 9 4 3 2 1 1 0 0 9 2 5 4 0 3 1 5 4 9 0 9 4 6 0 4 0 3 8 2 6 7 0 1 4 8 7 2 2 7 6 5 5 9 2 0 4 4 8 7 4 7 3 4 2 7 9 8 6 4 6 9 9 6 0 9 1 8 0 5 0 3 9 7 5 2 2 1 9 7 8 7 4 4 6 5 4 1 9 3 1 3 2 9 4 8 9 5 4 2 2 9 1 5 3 0 0 6 7 1 5 7 0 5 6 0 0 0 1 7 4 7 2 5 3 1 9 8 8 5 7 8 5 0 9 9 7 4 0 5 7 0 9 7 4 3 2 6 2 0 2 7 8 3 7 7 5 6,ad20633c59509d0f5d714a45f94677eca7887d5c47f1e44a55f89424e12cbba1
supplement,16,13003,1,0.42896935933147634,5 4 0 8 6 0 3 8 0 2 4 3 8 8 7 8 2 2 0 5 0 3 1 6 0 5 1 5 8 0 2 3 5 3 4 3 3 6 8 0 9 4 5 2 6 0 3 3 0 9 1 7 3 0 5 7 8 0 0 1 1 1 6 6 5 9 3 1 1 3 2 7 3 0 8 3 5 1 6 2 8 9 1 1 1 3 0 0 3 1 1 5 9 1 1 6 3 4 9 3 0 3 1 2 8 6 1 4 7 5 1 8 6 4 0 5 0 3 0 3 5 2 3 0 0 6 3 2 3 6 9 9 5 0 2 2 6 0 4 3 2 6 3 5 6 0 6 3 3 9 0 2 1 5 3 2 0 3 7 8 8 2 6 7 6 3 3 0 7 5 0 0 8 3 4 6 3 0 5 6 3 3 2 5 5 1 6 4 0 5 5 3 6 0 6 2 1 8 1 1 5 0 0 2 7 3 4 1 8 0 8 2 1 7 9 0 3 8 5 6 5 0 3 6 6 0 3 0 3 5 2 6 7 0 1 5 3 7 2 1 2 0 7 0 0 1 0 5 5 5 1 5 3 2 5 3 7 2 2 3 7 6 0 3 6 0 0 1 8 0 0 0 3 3 7 5 8 9 8 3 7 2 5 6 5 6 0 2 4 3 3 9 3 2 3 5 0 5 0 9 1 2 0 8 0 3 0 0 6 7 8 0 9 0 0 6 0 0 8 8 8 5 7 2 5 3 8 7 6 2 5 7 1 7 0 0 2 3 8 2 5 9 2 0 4 5 2 2 6 2 0 1 7 3 3 3 2 5 0,059a4964687648b8090922263858188e0af555b458bc0c91f44d0fa583a4b892
supplement,16,13003,2,0.7771587743732591,5 4 0 1 6 3 3 8 0 6 4 3 1 1 7 0 2 5 0 8 0 3 1 6 3 5 3 4 1 0 8 9 8 3 4 3 3 6 1 6 5 4 4 8 4 9 8 3 9 8 2 7 3 0 4 7 8 3 0 5 1 7 6 2 1 4 3 1 1 3 2 7 3 6 1 7 5 2 6 2 7 2 2 1 2 3 4 0 2 1 1 4 7 2 2 6 3 2 9 3 2 8 0 2 1 6 1 4 7 5 1 2 9 4 5 4 5 3 6 3 5 2 3 0 0 6 7 2 3 6 3 7 5 0 9 2 6 3 4 3 6 6 4 1 6 0 6 7 8 0 0 7 2 5 3 3 0 3 7 1 1 2 6 7 6 3 3 9 7 5 0 0 8 3 1 6 3 5 3 4 3 2 3 5 3 1 6 4 6 5 5 3 6 3 6 7 1 1 1 1 5 6 0 3 4 3 2 1 1 0 0 9 2 5 4 0 3 1 5 4 3 0 3 4 6 0 4 0 3 2 2 6 7 0 1 4 3 7 2 2 7 6 5 0 3 2 0 4 4 5 7 4 4 3 4 2 7 3 2 6 4 6 3 3 6 0 3 7 8 0 5 0 3 3 7 5 2 2 1 3 7 2 4 4 4 6 5 4 2 9 3 9 3 2 3 4 3 5 5 4 2 2 3 1 5 3 0 0 6 7 1 5 7 0 5 6 0 0 0 8 8 4 7 2 5 3 1 9 6 2 5 7 8 5 0 0 3 7 4 0 5 7 9 9 7 4 3 2 6 2 0 2 7 3 3 7 7 5 6,7bad293641d075bc0893bde71c660708fd0bf72ced47adac0593ed3591e5661b
supplement,16,13003,3,0.8467966573816156,5 4 0 1 6 9 3 2 0 6 6 3 1 1 7 0 2 8 5 8 0 3 1 6 3 5 1 4 1 3 8 9 8 3 4 3 3 6 1 6 5 4 4 8 4 9 1 9 9 8 1 7 3 0 4 7 5 3 0 5 1 7 6 2 2 4 3 1 1 3 2 7 3 6 1 7 5 5 6 2 7 7 2 2 2 3 4 0 2 7 1 4 7 2 2 6 3 7 1 9 2 8 0 7 1 6 1 4 7 5 1 2 9 4 5 4 5 3 6 3 5 2 3 0 0 2 7 3 9 6 9 7 5 0 9 2 6 3 4 3 6 6 7 5 6 5 6 7 8 0 0 7 2 5 3 3 0 3 7 1 1 8 6 7 6 3 3 9 7 5 0 0 8 3 2 6 3 5 3 4 3 2 2 5 5 1 6 4 6 7 5 3 6 5 6 7 1 1 1 7 5 6 0 9 4 3 1 1 1 0 0 9 2 5 4 0 3 1 5 4 3 0 3 4 6 0 4 0 3 7 2 6 7 0 1 4 3 7 2 2 7 6 5 5 9 2 0 4 4 5 7 4 7 3 4 2 7 9 2 6 4 6 9 9 6 0 3 1 8 0 5 0 3 3 7 5 2 2 1 9 7 2 4 4 4 6 5 4 2 9 3 1 3 2 9 4 3 5 5 4 2 2 3 1 5 3 0 0 6 7 1 5 7 0 5 6 0 0 0 8 8 4 7 2 5 3 1 9 8 8 5 7 8 5 0 9 3 7 4 0 5 7 9 9 7 4 3 2 6 2 0 2 7 3 3 7 7 3 6,0e63b725170a0ec8ecfc3b2fafadaa2bd8b4e060bf09bf8e96f65809c5afd465
supplement,16,13003,4,0.8774373259052924,5 4 0 1 6 9 9 2 0 6 4 3 1 1 7 0 8 8 5 8 0 9 1 6 5 5 2 4 1 9 8 9 8 3 4 3 3 6 1 6 5 4 4 6 4 9 1 9 9 8 2 7 3 0 4 7 8 9 0 5 1 7 6 2 2 4 3 1 1 3 2 7 3 6 1 7 5 5 6 2 7 1 2 2 2 3 4 0 2 1 1 4 7 2 2 6 3 7 1 9 2 8 0 5 1 6 1 4 7 5 1 2 9 4 5 4 5 3 6 3 5 2 3 0 0 2 7 3 9 6 9 7 5 0 9 2 6 3 4 3 6 6 7 1 6 5 6 7 8 0 0 7 2 5 3 9 0 3 7 1 1 6 6 1 6 3 3 1 7 5 0 0 1 3 2 6 3 5 3 4 3 2 2 5 5 1 6 4 6 7 5 0 6 9 6 7 1 1 1 7 8 6 0 9 4 3 2 1 1 0 0 9 2 5 4 0 3 1 5 4 9 0 9 4 6 0 4 0 3 8 2 6 7 0 1 4 8 7 2 2 7 6 5 5 9 2 0 4 4 1 7 4 7 3 4 2 7 9 8 6 4 6 9 9 6 0 9 1 8 0 5 0 3 9 7 5 2 2 1 9 7 8 7 4 4 6 5 4 2 9 3 1 3 2 9 4 3 5 5 4 2 2 9 1 5 3 0 0 6 7 1 5 7 0 5 6 0 0 0 8 7 4 9 2 5 3 1 9 8 8 5 7 8 5 0 9 9 7 4 0 5 7 9 9 7 4 3 2 6 2 0 2 7 3 3 7 7 3 6,c468543bfc1957af4053a7672945c84b6b77b6c8a98c8833ddd050d34c8a719a
supplement,16,13003,5,0.883008356545961,5 4 0 1 6 9 9 2 0 6 4 3 1 1 7 0 8 8 5 8 0 9 1 6 5 5 1 4 1 3 8 9 8 3 4 3 3 6 1 6 5 4 4 5 4 9 1 9 9 8 1 7 3 0 4 7 8 9 0 5 1 7 6 2 2 4 3 1 1 3 2 7 9 6 1 7 5 5 6 2 7 1 2 2 2 3 4 0 2 7 1 4 7 2 2 6 3 1 1 9 2 8 0 5 1 6 1 4 7 5 1 2 9 4 5 4 5 3 6 3 5 2 3 0 0 2 7 3 9 6 9 7 5 0 9 2 6 3 4 3 6 6 7 1 6 5 6 7 8 0 0 7 2 5 3 9 0 3 7 8 1 8 6 1 6 3 3 1 7 5 0 0 8 3 2 6 3 5 3 4 3 2 2 5 5 1 6 4 6 7 5 3 6 9 6 7 1 1 1 7 5 6 0 9 4 3 2 1 1 0 0 9 2 5 4 0 3 1 5 4 9 0 9 4 6 0 4 0 3 7 2 6 7 0 1 4 8 7 2 2 7 6 5 5 9 2 0 4 4 1 7 4 7 3 4 2 7 9 8 6 4 6 9 9 6 0 9 7 8 0 5 0 3 9 7 5 2 2 1 9 7 8 7 4 4 6 5 4 1 9 3 1 3 2 9 4 5 5 5 4 2 2 9 1 5 3 0 0 6 7 1 5 7 0 5 6 0 0 0 8 8 4 7 2 5 3 1 9 8 8 5 7 8 5 0 9 9 7 4 0 5 7 9 9 7 4 3 2 6 2 0 2 7 3 3 7 7 1 6,87e7a5194a31627f56de2f769df6fb2c15ab709661af7c7955f3bf8aa930fd9f
supplement,16,13004,1,0.45403899721448465,8 9 2 8 6 8 8 1 0 1 1 9 1 1 7 0 8 8 9 8 9 8 1 6 5 1 7 4 1 2 1 9 8 3 0 2 3 6 1 6 5 9 6 1 4 9 8 8 2 9 1 5 7 9 6 7 8 2 0 1 8 1 6 1 1 4 3 1 1 3 1 7 2 0 1 7 4 8 6 1 7 8 8 2 8 3 6 9 3 5 1 4 7 2 2 6 3 7 3 7 2 8 9 8 8 6 1 4 7 8 8 1 9 4 9 0 8 2 0 3 7 8 3 0 9 2 7 8 9 6 3 7 8 0 8 3 6 2 0 1 6 8 3 1 6 2 7 7 8 9 0 7 8 1 3 3 9 3 7 7 8 0 8 7 6 2 2 8 7 8 0 0 9 3 1 8 2 9 0 6 2 8 2 5 1 1 8 0 8 9 5 9 6 5 6 7 1 1 7 7 7 7 9 9 0 2 1 1 1 2 9 2 2 7 1 8 2 1 9 6 7 9 8 6 8 9 4 0 8 8 8 6 7 9 8 0 8 9 2 1 8 8 6 8 0 1 0 0 0 0 7 6 7 2 6 8 7 7 8 8 6 6 9 0 6 9 2 1 7 0 2 2 2 3 7 9 2 3 1 2 7 1 9 1 4 1 1 0 1 3 2 3 3 0 9 4 8 9 7 4 2 9 9 1 5 2 0 0 6 9 1 5 7 9 2 6 2 0 9 8 9 4 3 8 5 7 1 9 8 8 8 7 8 9 9 2 8 7 4 2 2 7 5 3 7 6 2 1 8 1 9 2 7 1 3 6 8 1 8,e01f3773ec2102e9e2cad76c131e5434251783b8106960b4c4941d6555ab6361
supplement,16,13004,2,0.8523676880222841,5 4 0 1 6 9 8 2 0 1 1 8 1 1 7 0 8 8 9 8 0 9 1 6 5 5 3 4 1 9 1 9 8 3 4 3 3 6 1 6 5 4 4 1 4 9 8 9 9 8 1 7 3 0 6 7 8 3 0 1 1 7 6 2 1 4 3 1 1 3 2 7 3 6 1 7 5 8 6 2 7 8 2 2 2 3 4 0 3 1 1 4 7 2 2 6 3 1 1 9 2 8 0 7 1 6 1 4 7 8 1 2 9 4 5 4 5 3 6 3 5 2 3 0 0 2 7 8 9 6 3 7 5 0 9 2 6 9 4 3 6 6 7 1 6 5 6 7 8 0 0 7 2 5 3 9 0 3 7 7 1 7 6 7 6 3 3 1 7 5 0 0 7 3 1 6 3 5 3 4 3 2 2 5 1 1 6 4 6 7 5 9 6 5 6 7 1 1 1 1 7 6 0 9 4 3 1 1 1 0 0 9 2 5 1 0 3 1 5 4 3 0 8 4 6 0 4 0 3 8 2 6 7 0 1 4 8 7 2 1 7 6 5 5 9 2 0 4 4 7 7 4 7 8 4 8 7 9 8 6 4 6 9 9 6 0 9 1 1 0 5 0 3 9 7 5 2 8 1 9 7 8 7 4 4 6 5 4 1 3 3 1 3 3 9 4 8 9 5 1 2 2 9 1 5 3 0 0 6 7 1 5 7 0 5 6 0 0 0 8 7 4 9 3 5 8 1 9 8 8 8 7 8 5 0 5 8 7 4 0 5 7 9 9 7 4 3 2 6 2 0 2 7 1 3 7 7 3 6,cecc5e2076d9e2edd5ea9ba653e8e93687e8149ac59a257770b272d054f6af6c
supplement,16,13004,3,0.8969359331476323,5 4 0 1 6 9 9 2 0 6 1 3 1 1 7 0 8 8 5 8 0 3 1 6 5 5 3 4 1 9 1 9 8 3 4 3 3 6 1 6 5 4 4 1 4 9 8 9 9 8 1 7 3 0 4 7 8 9 0 5 1 7 6 2 1 4 3 1 1 3 2 7 3 6 1 7 5 8 6 2 7 8 2 2 2 3 4 0 3 7 1 4 7 2 2 6 3 4 1 9 2 8 0 8 1 6 1 4 7 5 1 2 9 4 5 4 5 3 6 3 5 2 3 0 0 2 7 3 9 6 9 7 5 0 9 2 6 3 4 3 6 6 7 1 6 5 6 7 8 0 0 7 2 5 3 9 0 3 7 8 1 8 6 7 6 3 3 1 7 5 0 0 8 3 1 6 3 5 3 4 3 2 2 5 5 1 6 4 6 7 5 0 6 5 6 7 1 1 1 4 7 6 0 9 4 3 2 1 1 0 0 9 2 5 4 0 3 1 5 4 3 0 9 4 6 0 4 0 3 8 2 6 7 0 1 4 8 7 2 2 7 6 5 5 9 2 0 4 4 8 7 4 7 3 4 2 7 9 8 6 4 6 9 9 6 0 9 1 1 0 5 0 3 9 7 5 2 3 1 9 7 8 7 4 4 6 5 4 1 1 3 1 3 2 9 4 8 5 5 1 2 2 3 1 5 3 0 0 6 7 1 5 7 0 5 6 0 0 0 8 7 4 9 3 5 3 1 9 8 8 8 7 8 5 0 5 3 7 4 0 5 7 9 9 7 4 3 2 6 2 0 2 7 8 3 7 7 3 6,1e7eb9f4862d7f7187db7952b268dcbc5dd5b958c8818716e8b64d4a1d1bdde7
supplement,16,13004,4,0.8969359331476323,5 4 0 1 6 9 9 2 0 6 4 3 1 1 7 0 8 8 5 8 0 3 1 6 5 5 3 4 1 9 8 9 8 3 4 3 3 6 1 6 5 4 4 1 4 9 8 9 9 1 2 7 3 0 4 7 8 9 0 5 1 7 6 2 2 4 3 1 1 3 2 7 9 6 1 7 5 8 6 2 7 1 2 2 2 3 4 0 2 7 1 4 7 2 2 6 3 8 1 5 2 8 0 7 1 6 1 4 7 5 1 2 1 4 5 4 5 3 6 3 5 2 3 0 0 2 7 3 9 6 9 7 5 0 9 2 6 3 4 3 6 6 7 1 6 5 6 7 8 0 0 7 2 5 3 9 0 3 7 8 1 8 6 7 6 3 3 1 7 5 0 0 7 3 2 6 3 5 3 4 3 2 2 5 5 1 6 4 6 7 5 0 6 5 6 7 1 1 1 7 5 6 0 9 4 3 2 1 1 0 0 9 2 5 4 0 3 1 5 4 3 0 9 4 6 0 4 0 3 8 2 6 7 0 1 4 3 7 2 2 7 6 5 5 9 2 0 4 4 8 7 4 7 8 4 2 7 9 8 6 4 6 9 9 6 0 9 1 8 0 5 0 3 9 7 5 2 3 1 9 7 8 7 4 4 6 5 4 2 1 3 1 3 2 9 4 8 5 5 4 2 2 3 1 5 3 0 0 6 7 1 5 7 0 5 6 0 0 0 8 7 4 9 2 5 3 1 9 8 8 8 7 8 5 0 9 3 7 4 0 5 7 9 9 7 4 3 2 6 2 0 2 7 8 3 7 7 3 6,7b117e9c1070608ec02dd60685750c49c43ac82c9f941dec3e2fa527896ec11f
supplement,16,13004,5,0.9080779944289693,5 4 0 1 6 9 9 2 0 6 1 3 1 1 7 0 8 9 5 8 0 9 1 6 5 5 3 4 1 9 8 9 8 3 4 3 3 6 1 6 5 4 4 1 4 9 8 9 9 1 2 7 3 0 4 7 8 9 0 5 1 7 6 2 1 4 3 1 1 3 2 7 9 6 1 7 5 5 6 2 7 1 2 2 2 3 4 0 2 7 1 4 7 2 2 6 3 8 1 9 2 8 0 5 1 6 1 4 7 5 1 2 1 4 5 4 5 3 6 3 5 2 3 0 0 2 7 3 9 6 9 7 5 0 9 2 6 3 4 3 6 6 7 1 6 5 6 7 8 0 0 7 2 5 3 9 0 3 7 8 1 6 6 7 6 3 3 1 7 5 0 0 7 3 2 6 3 5 3 4 3 2 2 5 5 8 6 4 6 7 5 3 6 5 6 7 1 1 1 7 8 6 0 9 4 3 2 1 1 0 0 9 2 5 4 0 3 1 5 4 9 0 9 4 6 0 4 0 3 7 2 6 7 0 1 4 8 7 2 2 7 6 5 5 9 2 0 4 4 8 7 4 7 3 4 2 7 9 8 6 4 6 9 9 6 0 9 7 8 0 5 0 3 9 7 5 2 2 1 9 7 8 7 4 4 6 5 4 1 9 3 1 3 2 9 4 8 5 5 4 2 2 3 1 5 3 0 0 6 7 1 5 7 0 5 6 0 0 0 8 7 4 9 2 5 3 1 9 8 8 8 7 8 5 0 9 3 7 4 0 5 7 9 9 7 4 3 2 6 2 0 2 7 8 3 7 7 3 6,ff273b4f6401587d70a16ea162fd99da870fe94b56323b50f60fd39e034d3163
supplement,16,13005,1,0.4623955431754875,0 5 9 2 6 9 3 2 6 8 6 3 1 2 3 0 0 8 0 0 0 8 2 6 9 6 1 1 2 5 4 9 0 1 6 0 3 6 2 0 0 7 4 6 0 9 1 9 8 9 2 7 7 0 6 7 8 9 0 0 1 7 6 0 0 1 3 0 1 0 2 7 9 6 2 7 0 4 6 2 7 2 2 1 2 0 0 0 0 7 6 6 7 2 2 6 5 2 4 8 0 0 0 4 6 0 2 6 7 0 6 5 9 6 0 3 0 3 0 3 7 2 3 0 0 2 7 0 8 6 5 7 0 0 8 2 6 9 4 9 6 6 7 5 6 0 8 7 4 0 0 7 2 5 0 3 9 2 7 1 1 0 0 1 6 3 9 7 7 0 0 0 0 3 2 0 9 4 3 6 3 2 0 0 0 2 0 4 0 9 8 9 6 9 6 7 1 1 4 4 1 8 0 9 4 9 2 2 2 0 0 9 2 7 4 0 3 1 0 4 5 9 3 6 6 0 1 0 3 4 2 6 7 0 4 6 0 5 2 2 7 6 0 0 8 2 0 7 3 0 7 6 7 0 4 2 7 9 0 0 6 6 8 9 6 0 3 2 1 0 5 0 9 9 7 0 2 1 2 9 7 8 7 4 4 6 5 4 0 1 9 9 0 0 9 6 0 9 0 1 2 2 9 2 5 3 0 0 6 4 6 9 7 9 0 6 9 0 0 0 0 4 0 1 9 9 4 8 0 0 5 7 0 0 9 9 3 7 6 0 0 4 0 8 7 6 3 2 6 8 0 2 7 2 3 0 7 0 0,6bc3cbd8e75b33dc14a416ed52bef6557430fb11696f150d2281716e646480b3
supplement,16,13005,2,0.8523676880222841,5 4 0 1 6 9 9 2 6 6 6 3 1 1 8 0 8 7 0 8 0 9 1 6 5 5 3 4 1 9 1 9 8 3 4 3 3 6 1 6 5 4 4 5 4 9 1 9 9 2 1 7 3 0 6 7 8 9 0 5 1 7 6 2 1 1 3 1 1 3 2 7 9 6 1 7 5 7 6 2 7 2 2 2 2 3 4 0 2 7 8 4 7 2 2 6 3 2 1 9 2 1 0 7 1 6 1 4 7 5 1 5 9 4 5 4 5 3 6 3 7 2 3 0 0 2 7 8 9 6 9 7 5 0 9 2 6 9 4 3 6 6 7 5 6 0 6 7 8 0 0 7 2 5 3 9 0 3 7 1 1 1 6 3 6 3 3 9 7 5 0 0 1 3 1 6 3 5 3 4 3 2 2 5 5 8 6 4 6 7 5 3 6 9 6 7 1 1 1 1 8 6 0 9 4 3 2 1 1 0 0 9 2 5 4 0 3 1 5 4 9 0 9 4 6 0 4 0 3 8 2 6 7 0 1 4 0 7 2 5 7 6 5 5 9 2 0 4 4 1 7 4 7 0 4 2 7 9 8 6 4 6 9 9 6 0 9 1 1 0 5 0 3 9 7 5 2 2 1 9 7 8 7 4 4 6 5 4 1 9 3 1 3 2 9 4 8 5 5 4 2 2 9 1 5 3 0 0 6 7 1 5 7 0 5 6 0 0 0 0 7 4 9 2 5 3 1 9 8 8 5 7 8 5 0 9 9 7 4 0 5 7 0 9 7 4 3 2 6 2 0 2 7 5 3 8 7 1 6,27986e11e97b7068ce93a2017af64f153d548cea72a740c59feddf477b9af459
supplement,16,13005,3,0.8690807799442897,5 4 0 1 6 9 9 2 0 6 4 3 1 1 7 0 8 9 5 8 0 9 1 6 5 5 3 4 1 9 1 9 8 3 4 3 3 6 1 6 5 4 4 5 4 9 8 9 9 2 1 7 3 0 4 7 8 9 0 5 1 7 6 2 2 4 3 1 1 3 2 7 9 6 1 7 5 5 6 2 7 2 2 2 2 3 4 0 2 7 8 4 7 2 2 6 3 2 1 9 2 1 0 7 1 6 1 4 7 5 1 2 9 4 5 4 5 3 6 3 5 2 3 0 0 2 7 9 9 6 9 7 5 0 9 2 6 9 4 3 6 6 7 5 6 5 6 7 8 0 0 7 2 5 3 9 0 3 7 5 1 8 6 2 6 3 3 9 7 5 0 0 8 3 2 6 3 5 3 4 3 2 2 5 2 8 6 4 6 7 5 3 6 5 6 7 1 1 1 4 5 6 0 9 4 3 2 1 1 0 0 9 2 5 4 0 3 1 5 4 3 0 9 4 6 0 4 0 3 8 2 6 7 0 1 4 8 7 2 2 7 6 5 5 9 2 0 4 4 8 7 4 7 9 4 2 7 9 8 6 4 6 9 9 6 0 9 1 1 0 5 0 3 9 7 5 2 2 1 9 7 8 7 4 4 6 5 4 2 9 3 9 3 2 9 4 5 5 5 4 2 2 9 1 5 3 0 0 6 7 1 5 7 0 5 6 0 0 0 1 7 4 9 2 5 3 1 9 8 8 5 7 8 5 0 9 3 7 4 0 5 7 0 9 7 4 3 2 6 2 0 2 7 5 3 7 7 1 6,05565ca39c0a7c3fef5e02ccfa0617eb239ef97263956a87070d4f79083325ae
supplement,16,13005,4,0.9025069637883009,5 4 0 1 6 9 9 2 0 6 4 3 1 1 7 0 8 9 5 8 0 9 1 6 5 5 3 4 1 9 8 9 8 3 4 3 3 6 1 6 5 4 4 5 4 9 8 9 9 1 1 7 3 0 4 7 8 9 0 5 1 7 6 2 1 4 3 1 1 3 2 7 9 6 1 7 5 5 6 2 7 2 2 2 2 3 4 0 2 7 8 4 7 2 2 6 3 1 1 9 2 8 0 4 1 6 1 4 7 5 1 2 9 4 5 4 5 3 6 3 5 2 3 0 0 2 7 3 9 6 9 7 5 0 9 2 6 3 4 3 6 6 7 2 6 5 6 7 8 0 0 7 2 5 3 9 0 3 7 1 1 8 6 8 6 3 3 9 7 5 0 0 8 3 1 6 3 5 3 4 3 2 2 5 3 1 6 4 6 7 5 3 6 9 6 7 1 1 1 7 8 6 0 9 4 3 1 1 1 0 0 9 2 5 4 0 3 1 5 4 3 0 9 4 6 0 4 0 3 8 2 6 7 0 1 4 8 7 2 2 7 6 5 5 9 2 0 4 4 8 7 4 7 8 4 2 7 9 8 6 4 6 9 9 6 0 9 1 8 0 5 0 3 9 7 5 2 2 1 9 7 8 7 4 4 6 5 4 1 9 3 1 3 2 9 4 8 5 5 4 2 2 9 1 5 3 0 0 6 7 1 5 7 0 5 6 0 0 0 1 7 4 9 2 5 3 1 9 8 8 8 7 8 5 0 9 9 7 4 0 5 7 0 9 7 4 3 2 6 2 0 2 7 8 3 7 7 1 6,9c1448ace0310b5ae4ff68735effadde534b897d294e65bf1d0199df5f58b7bd
supplement,16,13005,5,0.8969359331476323,5 4 0 1 6 9 9 2 0 6 6 3 1 1 7 0 8 9 5 8 0 9 1 6 5 5 3 4 1 9 8 9 8 3 4 3 3 6 1 6 5 4 4 5 4 9 1 9 9 1 1 7 5 0 4 7 8 9 0 5 1 7 6 2 1 4 3 1 1 3 2 7 9 6 1 7 5 5 6 2 7 2 2 2 2 3 4 0 2 7 8 4 7 2 2 6 3 2 1 9 2 8 0 5 1 6 1 4 7 5 1 2 9 4 5 4 5 3 6 3 5 2 3 0 0 2 7 9 9 6 9 7 5 0 9 2 6 9 4 3 6 6 7 1 6 5 6 7 8 0 0 7 2 5 3 9 0 3 7 7 1 8 6 8 6 3 3 9 7 5 0 0 7 3 1 6 3 5 3 4 3 2 2 5 5 1 6 4 6 7 5 9 6 5 6 7 1 1 1 7 8 6 0 9 4 3 2 1 1 0 0 9 2 5 4 0 3 1 5 4 9 0 9 4 6 0 4 0 3 8 2 6 7 0 1 4 8 7 2 2 7 6 5 5 9 2 0 4 4 8 7 4 7 8 4 2 7 9 8 6 4 6 9 9 6 0 9 7 8 0 5 0 3 9 7 5 2 2 1 9 7 8 7 4 4 6 5 4 1 9 3 1 3 2 9 4 8 5 5 4 2 2 9 1 5 3 0 0 6 7 1 5 7 0 5 6 0 0 0 1 7 4 9 2 5 3 1 9 8 8 8 7 8 5 0 9 9 7 4 0 5 7 0 9 7 4 3 2 6 2 0 2 7 8 3 7 7 1 6,79ebe6a1591c077c786819b630b4958625549dbd925589394ee40dda1cb9d045
supplement,16,13006,1,0.46518105849582175,8 9 0 1 0 9 9 1 0 0 0 2 1 1 9 0 8 2 5 8 0 0 1 0 8 8 2 0 6 5 8 5 1 2 6 3 3 6 1 0 8 7 4 1 8 0 8 2 0 1 8 1 3 0 6 3 7 3 0 8 1 2 6 0 8 8 3 1 7 3 2 3 0 6 1 7 5 2 6 1 7 1 2 8 2 3 7 0 2 2 8 6 3 0 2 0 3 7 6 5 2 0 0 7 8 6 2 0 2 5 1 0 9 7 5 3 8 3 0 3 8 2 3 0 0 1 9 2 7 0 7 7 5 0 7 1 0 0 7 3 0 6 7 1 0 5 6 3 7 0 0 2 0 8 3 9 0 3 2 2 1 7 6 8 0 3 3 7 2 5 0 0 1 3 8 6 0 5 0 4 3 1 2 5 8 1 6 6 0 9 1 9 6 5 6 3 1 8 1 7 8 0 0 9 6 3 1 1 1 0 5 2 2 8 6 0 3 8 5 7 8 0 2 7 6 0 4 0 0 7 2 6 8 0 8 0 7 3 0 1 7 0 5 9 2 8 0 5 8 2 1 4 9 2 7 2 2 2 2 0 0 6 7 0 6 0 7 2 0 0 5 0 3 2 2 5 2 3 1 0 2 7 3 6 6 0 9 0 8 1 8 0 3 2 7 0 8 9 5 8 0 2 9 1 5 2 0 0 6 9 1 9 3 0 5 0 0 0 0 2 2 1 9 8 5 9 1 2 7 7 8 2 7 5 0 5 7 7 4 0 2 2 0 2 3 4 3 2 8 1 0 2 7 7 3 3 3 8 6,45e61c2ab508d4192facb458e5a54462e9ff89fc540af244a5db7a688fcd4788
supplement,16,13006,2,0.8384401114206128,5 4 0 1 0 9 9 2 0 6 6 3 1 1 7 0 8 7 9 8 0 0 1 6 5 5 3 4 1 9 8 3 8 3 4 3 3 6 1 6 5 4 4 6 4 0 8 9 3 7 8 7 3 0 4 7 7 3 0 8 1 7 6 1 1 4 3 1 4 3 2 7 3 6 1 7 5 5 6 2 7 1 2 2 2 3 4 0 2 4 8 4 7 2 2 6 3 1 9 3 2 8 0 7 8 6 1 4 7 5 1 2 9 4 5 4 5 3 6 3 5 2 3 0 0 1 7 3 9 6 3 7 5 0 9 2 6 3 4 3 6 6 7 1 6 5 6 7 1 0 0 7 2 5 3 9 0 3 7 8 1 7 6 8 6 3 3 7 7 5 0 0 2 3 1 6 3 5 3 4 3 2 2 5 8 1 6 4 6 7 5 0 6 5 6 7 1 1 1 7 8 6 0 9 4 3 1 1 1 0 0 9 2 5 4 0 3 1 5 4 9 0 9 4 6 0 4 0 3 7 2 6 7 0 1 4 8 7 2 2 7 6 5 5 9 2 0 4 4 2 7 4 4 3 4 2 7 9 8 6 4 6 9 3 6 0 9 1 8 0 5 0 3 9 7 5 2 3 1 0 7 8 4 4 4 6 5 4 1 1 3 1 3 2 9 4 8 9 5 4 2 2 9 1 5 3 0 0 6 7 1 5 7 0 5 6 0 0 0 1 2 4 9 3 5 3 1 9 8 8 8 7 8 5 0 9 3 7 4 0 5 7 0 9 7 4 3 2 6 2 0 2 7 8 3 7 7 8 6,f32be0b939b5550cd186223488e68822c6569dbe4d980e3af419b3bebd064250
supplement,16,13006,3,0.8857938718662952,5 4 0 1 6 9 9 2 0 6 6 3 1 1 7 0 8 8 5 8 0 3 1 6 5 5 3 4 1 9 8 9 8 3 4 3 3 6 1 6 5 4 4 6 4 9 1 9 9 1 1 7 3 0 4 7 7 3 0 8 1 7 6 2 1 4 3 1 1 3 2 7 3 6 1 7 5 5 6 2 7 1 2 2 2 3 4 0 2 7 1 4 7 2 2 6 3 1 1 9 2 8 0 7 1 6 1 4 7 5 1 2 9 4 5 4 5 3 6 3 5 2 3 0 0 2 7 3 9 6 9 7 5 0 9 2 6 3 4 3 6 6 7 1 6 5 6 7 8 0 0 7 2 5 3 9 0 3 7 8 1 6 6 2 6 3 3 9 7 5 0 0 2 3 1 6 3 5 3 4 3 2 2 5 8 1 6 4 6 7 5 0 6 9 6 7 1 2 1 7 7 6 0 9 4 3 1 1 1 0 0 9 2 5 4 0 3 1 5 4 9 0 9 4 6 0 4 0 3 7 2 6 7 0 1 4 8 7 2 2 7 6 5 5 9 2 0 4 4 2 7 4 7 8 4 2 7 9 8 6 4 6 9 9 6 0 9 1 8 0 5 0 3 9 7 5 2 3 1 9 7 8 7 4 4 6 5 4 1 1 3 1 3 2 9 4 8 9 5 4 2 2 9 1 5 3 0 0 6 7 1 5 7 0 5 6 0 0 0 1 7 4 9 2 5 3 1 9 8 8 8 7 8 5 0 9 3 7 4 0 5 7 0 9 7 4 3 2 6 2 0 2 7 8 3 7 7 3 6,72295f769ec7e492538d4816cb30c5f8053bdad33e3ca05fd35a1b712101a673
supplement,16,13006,4,0.8997214484679665,5 4 0 1 6 9 9 2 0 6 6 3 1 1 7 0 8 9 5 8 0 9 1 6 5 5 3 4 1 9 8 9 8 3 4 3 3 6 1 6 5 4 4 6 4 9 8 9 9 1 1 7 3 0 4 7 8 9 0 5 1 7 6 2 1 4 3 1 1 3 2 7 9 6 1 7 5 5 6 2 7 1 2 2 2 3 4 0 2 7 1 4 7 2 2 6 3 1 1 9 2 8 0 7 1 6 1 4 7 5 1 2 9 4 5 4 5 3 6 3 5 2 3 0 0 2 7 3 9 6 9 7 5 0 9 2 6 3 4 3 6 6 7 1 6 5 6 7 8 0 0 7 2 5 3 9 0 3 7 8 1 6 6 2 6 3 3 9 7 5 0 0 7 3 1 6 3 5 3 4 3 2 2 5 8 1 6 4 6 7 5 3 6 9 6 7 1 1 1 7 8 6 0 9 4 3 1 1 1 0 0 9 2 5 4 0 3 1 5 4 9 0 9 4 6 0 4 0 3 7 2 6 7 0 1 4 8 7 2 2 7 6 5 5 9 2 0 4 4 2 7 4 7 8 4 7 7 9 8 6 4 6 9 9 6 0 9 1 8 0 5 0 3 9 7 5 2 3 1 9 7 8 7 4 4 6 5 4 1 1 3 1 3 2 9 4 8 5 5 4 2 2 9 1 5 3 0 0 6 7 1 5 7 0 5 6 0 0 0 1 7 4 9 2 5 3 1 9 8 8 8 7 8 5 0 9 9 7 4 0 5 7 0 9 7 4 3 2 6 2 0 2 7 8 3 7 7 8 6,9c730dda7ce0433e60ebd740f296efb4804fe234fa78482745d65a04cdec5c43
supplement,16,13006,5,0.9025069637883009,5 4 0 1 6 9 9 2 6 6 6 3 1 1 7 0 8 9 5 8 0 3 1 6 5 5 3 4 1 9 8 9 8 3 4 3 3 6 1 6 5 4 4 6 4 9 8 9 9 1 1 7 3 0 4 7 8 9 0 5 1 7 6 2 1 4 3 1 1 3 2 7 9 6 1 7 5 9 6 2 7 1 2 2 2 3 4 0 2 7 1 4 7 2 2 6 3 1 1 9 2 8 0 7 1 6 1 4 7 5 1 2 9 4 5 4 5 3 6 3 5 2 3 0 0 2 7 3 9 6 9 7 5 0 9 2 6 3 4 3 6 6 7 1 6 5 6 7 8 0 0 7 2 5 3 9 0 3 7 8 1 6 6 2 6 3 3 9 7 5 0 0 7 3 1 6 3 5 3 4 3 2 2 5 5 1 6 4 6 7 5 3 6 5 6 7 1 1 1 7 5 6 0 9 4 3 1 1 1 0 0 9 2 5 4 0 3 1 5 4 9 0 9 4 6 0 4 0 3 8 2 6 7 0 1 4 8 7 2 2 7 6 5 5 9 2 0 4 4 8 7 4 7 6 4 2 7 9 8 6 4 6 9 9 6 0 9 1 8 0 5 0 3 9 7 5 2 2 1 9 7 8 7 4 4 6 5 4 1 9 3 1 3 2 9 4 8 5 5 4 2 2 9 1 5 3 0 0 6 7 1 5 7 0 5 6 0 0 0 1 7 4 9 2 5 3 1 9 8 8 8 7 8 5 0 9 9 7 4 0 5 7 0 9 7 4 3 2 6 2 0 2 7 8 3 7 7 8 6,10be8abdb0c29f303ae79020d82ad344fa46c17d0ea6de001eee9469195b41eb
supplement,16,13007,1,0.479108635097493,5 2 0 6 6 9 0 6 6 1 6 5 6 1 8 0 0 8 5 5 0 0 1 6 9 5 4 4 8 9 3 9 1 4 8 5 5 6 6 6 5 5 5 1 4 0 1 9 3 1 6 6 0 0 4 8 1 0 0 5 6 3 6 6 1 6 3 6 1 5 1 1 0 6 1 3 5 1 6 6 1 6 6 1 1 5 0 0 1 6 6 4 1 1 1 6 9 3 3 3 1 3 0 1 8 6 1 5 8 5 6 6 9 4 5 5 5 3 6 3 5 6 3 0 0 6 1 8 9 6 0 8 5 0 3 3 6 0 5 0 6 6 5 6 6 9 6 4 3 0 0 4 6 5 0 9 0 3 4 3 6 5 6 8 6 3 0 0 8 5 0 0 1 5 1 6 3 5 0 4 3 1 2 5 5 8 6 4 6 1 5 0 6 9 6 4 3 8 8 5 5 6 0 9 4 3 1 1 1 0 0 9 2 5 4 0 0 1 5 4 9 0 8 5 6 3 5 0 3 4 1 6 4 0 8 8 1 1 1 6 0 6 5 5 0 1 0 8 5 8 1 7 5 1 8 6 4 9 6 6 6 6 9 0 6 0 0 1 0 0 5 0 0 0 1 5 2 0 1 9 7 8 1 4 4 6 5 1 1 0 0 0 4 1 9 4 5 5 4 4 1 1 9 1 5 3 0 0 6 1 6 5 1 0 5 6 0 0 0 4 8 4 0 3 5 0 1 0 8 6 5 4 3 5 0 9 8 5 4 0 5 8 0 9 4 6 9 2 6 6 0 1 1 3 5 4 1 5 6,c7b44ba0cb62981e9e130b35b6a7ac6dfa9cc0cfe2c1d820b0b0d1686ced9f30
supplement,16,13007,2,0.7938718662952646,5 4 0 1 6 9 8 2 6 6 6 3 1 1 7 0 8 8 5 5 0 3 1 6 9 5 1 4 1 9 1 9 8 3 4 5 3 6 1 6 5 4 4 6 4 9 1 9 3 1 1 7 3 0 4 7 7 9 0 5 8 7 6 6 1 6 3 1 1 5 2 7 9 6 1 7 5 5 6 2 7 1 2 2 2 3 0 0 2 7 1 4 7 2 2 6 3 1 1 9 2 6 0 8 1 6 1 4 7 5 1 2 9 4 5 5 5 3 6 3 5 2 9 0 0 3 7 8 9 6 9 7 5 0 5 2 6 3 4 3 6 6 4 6 6 5 6 7 8 0 0 7 1 5 3 9 0 3 7 5 8 8 6 2 6 3 3 1 7 5 0 0 8 3 1 6 3 5 0 4 3 2 2 5 5 8 6 4 6 7 5 0 6 9 6 7 1 1 1 4 5 6 0 9 4 3 6 1 1 0 0 9 2 5 4 0 3 1 5 4 9 0 8 4 6 0 4 0 3 4 2 6 5 0 1 4 8 7 2 2 4 6 5 5 9 2 0 4 4 2 7 4 4 8 4 2 7 9 8 6 4 6 9 3 6 0 9 1 3 0 5 0 3 3 7 5 2 3 1 9 7 8 7 4 4 6 5 4 1 3 3 1 3 2 9 4 5 5 5 4 2 2 9 1 5 3 0 0 6 1 1 5 7 0 5 6 0 0 0 1 5 4 7 3 5 1 1 9 8 8 5 7 8 5 0 9 8 7 4 0 5 7 0 9 7 4 9 2 6 2 0 2 7 3 3 4 7 1 6,a51a26912ea466d58601a77cc729ad9fa559cf63d6c880247ccb793a5774e435
supplement,16,13007,3,0.8774373259052924,5 4 0 1 6 9 9 2 6 6 6 3 1 1 7 0 8 8 5 8 0 3 1 6 9 5 1 4 1 9 8 9 8 3 4 3 3 6 1 6 5 4 4 6 4 9 1 9 9 1 1 7 3 0 4 7 8 9 0 5 1 7 6 2 2 4 3 1 1 3 2 7 9 6 1 7 5 5 6 2 7 1 2 2 2 3 4 0 2 7 8 4 7 2 2 6 3 1 1 9 2 8 0 7 1 6 1 4 7 5 1 2 9 4 5 4 5 3 6 3 5 2 3 0 0 2 7 8 9 6 9 7 5 0 9 2 6 3 4 3 6 6 7 1 6 5 6 7 8 0 0 7 2 5 3 9 0 3 7 1 1 8 6 2 6 3 3 1 7 5 0 0 8 3 1 6 3 5 3 4 3 2 2 5 5 8 6 4 6 7 5 3 6 9 6 7 1 1 1 7 5 6 0 9 4 3 1 1 1 0 0 9 2 5 4 0 3 1 5 4 9 0 3 4 6 0 4 0 3 8 2 6 7 0 1 4 8 7 2 2 7 6 5 5 9 2 0 4 4 2 7 4 7 8 4 2 7 9 8 6 4 6 9 3 6 0 9 1 1 0 5 0 3 3 7 5 2 3 1 9 7 8 7 4 4 6 5 4 1 9 3 1 3 2 9 4 8 5 5 4 2 2 9 1 5 3 0 0 6 7 1 5 7 0 5 6 0 0 0 1 8 4 7 3 5 3 1 9 8 8 5 7 8 5 0 9 8 7 4 0 5 7 9 9 7 4 3 2 6 2 0 2 7 3 3 7 7 1 6,521d1bf020b7a486c8f0d03b44eb3f7e6ac961d4c6780129e66460ce872c2268
supplement,16,13007,4,0.8607242339832869,5 4 0 1 6 9 3 2 6 6 6 3 1 1 7 0 8 8 5 8 0 3 1 6 9 5 2 4 1 9 8 9 8 3 4 3 3 6 1 6 5 4 4 5 4 9 1 9 9 1 1 7 3 0 4 7 8 9 0 5 1 7 6 2 2 4 3 1 1 3 2 7 3 6 1 7 5 5 6 2 7 1 2 2 2 3 4 0 2 7 1 4 7 2 2 6 3 1 1 9 2 8 0 7 1 6 1 4 7 5 1 2 9 4 5 4 5 3 6 3 5 2 3 0 0 2 7 8 9 6 9 7 5 0 9 2 6 3 4 3 6 6 4 1 6 5 6 7 8 0 0 7 2 5 3 9 0 3 7 1 1 8 6 2 6 3 3 1 7 5 0 0 8 3 1 6 3 5 3 4 3 2 2 5 1 8 6 4 6 5 5 3 6 9 6 7 1 1 1 7 5 6 0 9 4 3 2 1 1 0 0 9 2 5 4 0 3 1 5 4 3 0 9 4 6 0 4 0 3 8 2 6 7 0 1 4 8 7 2 2 7 6 5 5 9 2 0 4 4 2 7 4 7 8 4 2 7 9 8 6 4 6 9 3 6 0 9 1 1 0 5 0 3 3 7 5 2 2 1 3 7 2 7 4 4 6 5 4 1 1 3 1 3 2 9 4 5 5 5 4 2 2 3 1 5 3 0 0 6 7 1 5 7 0 5 6 0 0 0 1 5 4 9 2 5 3 1 9 8 8 5 7 8 5 0 9 3 7 4 0 5 7 0 9 7 4 3 2 6 2 0 2 7 3 3 7 7 1 6,d3ad4dbcb617f4aab0bf2c34f146ec05a6057c01e67a4f39b874cc4610ef47a9
supplement,16,13007,5,0.883008356545961,5 4 0 1 6 9 9 2 6 6 1 3 1 1 7 0 8 8 5 8 0 3 1 6 5 5 1 4 1 9 8 9 8 3 4 3 3 6 1 6 5 4 4 5 4 9 1 9 9 1 1 7 3 0 4 7 7 9 0 5 1 7 6 2 1 4 3 1 1 3 2 7 9 6 1 7 5 5 6 2 7 1 2 2 2 3 4 0 2 7 1 4 7 2 2 6 3 1 1 9 2 8 0 7 1 6 1 4 7 5 1 2 9 4 5 4 5 3 6 3 5 2 3 0 0 2 7 8 9 6 9 7 5 0 9 2 6 9 4 3 6 6 7 1 6 9 6 7 8 0 0 7 2 5 3 9 0 3 7 8 1 6 6 8 6 3 3 1 7 5 0 0 7 3 1 6 3 5 3 4 3 2 2 5 5 1 6 4 6 7 5 3 6 9 6 7 1 1 1 7 5 6 0 9 4 3 1 1 1 0 0 9 2 5 4 0 3 1 5 4 9 0 9 4 6 0 4 0 3 8 2 6 7 0 1 4 8 7 2 2 7 6 5 5 9 2 0 4 4 8 7 4 7 8 4 2 7 9 8 6 4 6 9 9 6 0 9 1 1 0 5 0 3 9 7 5 2 3 1 9 7 8 7 4 4 6 5 4 1 9 3 1 3 2 9 4 8 5 5 4 2 2 9 1 5 3 0 0 6 7 1 5 7 0 5 6 0 0 0 1 7 4 9 2 5 3 1 9 8 8 5 7 8 5 0 9 9 7 4 0 5 7 9 9 7 4 3 2 6 2 0 2 7 3 3 7 7 1 6,f1e7b3f2baf96bc3b435a0f0a4764f848ba82f83e39f900a7913884471230d53
supplement,16,13008,1,0.45125348189415043,5 4 0 8 0 8 5 2 8 5 8 8 1 2 2 0 7 9 5 2 0 8 1 6 5 5 2 4 2 8 1 5 2 3 4 3 5 6 2 6 8 5 5 2 0 8 8 8 8 9 2 7 9 0 6 7 5 8 0 3 2 7 6 2 8 8 8 4 9 3 2 7 5 6 2 2 5 9 6 2 5 1 3 8 3 3 8 0 2 7 2 0 5 2 8 6 8 8 9 5 2 8 8 9 9 6 9 2 7 5 1 2 9 5 5 5 5 8 6 8 5 2 3 0 0 2 1 1 8 6 8 9 5 8 8 2 6 8 5 8 5 6 9 1 6 5 6 1 8 0 0 9 8 5 3 8 0 3 9 9 2 6 6 2 6 8 3 9 2 5 8 0 2 8 8 6 8 5 8 4 5 2 2 5 7 2 6 2 6 9 5 8 6 8 6 5 9 9 9 1 2 6 8 2 4 8 8 1 1 0 5 2 2 5 2 0 2 9 5 5 5 8 5 5 6 8 4 0 8 1 3 6 2 8 8 7 8 9 2 2 9 6 5 5 8 8 0 5 5 9 7 1 9 5 1 2 9 5 5 5 5 6 4 0 5 8 8 9 6 0 5 0 3 8 7 5 2 0 2 8 7 2 7 4 0 6 5 5 1 0 5 0 8 2 8 4 5 8 5 4 2 3 4 1 5 8 8 0 6 9 1 5 9 8 5 6 0 0 0 2 5 4 9 0 5 6 1 8 5 5 9 9 8 5 8 5 5 9 4 0 5 5 8 9 9 4 3 2 5 2 0 0 7 2 5 8 9 1 5,abfa549b09ebe40fc852a6b25c929116c552108b7c3670cd0bb7c44c7c782717
supplement,16,13008,2,0.8662952646239555,5 4 0 1 6 9 9 2 8 6 1 3 1 1 7 0 8 9 5 8 0 9 1 6 5 5 2 4 1 9 8 9 8 3 4 3 3 6 1 6 5 4 4 5 4 9 8 8 9 1 2 7 3 0 4 7 5 9 0 3 1 7 6 2 1 4 3 1 1 3 2 7 3 6 1 7 5 9 6 2 7 1 2 2 2 3 4 0 2 7 8 4 7 2 2 6 3 1 1 9 2 8 0 5 1 6 1 4 7 5 1 2 9 4 5 5 5 3 6 3 5 2 3 0 0 2 7 3 9 6 9 7 5 0 9 2 6 3 4 3 6 6 4 1 6 5 6 7 8 0 0 7 2 5 3 9 0 3 7 1 8 6 6 2 6 3 3 9 7 5 0 0 2 3 1 6 3 5 8 4 3 2 2 5 3 1 6 4 6 5 5 3 6 5 6 7 1 8 1 7 5 6 0 9 4 3 1 1 1 0 0 3 2 5 4 0 3 1 5 4 9 0 3 4 6 0 4 0 3 8 2 6 7 0 1 4 8 5 2 2 7 6 5 5 9 2 0 4 4 2 7 4 4 3 4 2 7 9 5 5 4 6 9 9 6 0 9 1 6 0 5 0 3 9 7 5 2 0 1 3 7 2 7 4 4 6 5 4 1 9 3 1 3 2 9 4 5 5 5 4 2 2 9 1 5 3 0 0 6 9 1 5 7 0 5 6 0 0 0 8 5 4 9 3 5 3 1 9 8 8 8 7 8 5 0 9 3 7 4 0 5 7 0 9 7 4 3 2 6 2 0 2 7 8 3 7 7 3 6,9e44e866a2085fbb812a8ee0e3fa3c5d2ced0a3d1c1c705690b711466e964bf4
supplement,16,13008,3,0.871866295264624,5 4 0 1 6 9 9 2 6 6 6 3 1 1 7 0 1 9 5 8 0 9 1 6 5 5 3 4 1 9 1 9 8 3 4 3 3 6 1 6 5 4 4 5 4 9 1 9 9 1 1 7 3 0 4 7 5 9 0 5 1 7 6 2 1 4 3 1 1 3 2 7 9 6 1 7 5 8 6 2 7 1 2 2 2 3 4 0 2 7 1 4 7 2 2 6 3 1 1 9 2 8 0 5 1 6 1 4 7 5 1 2 9 4 5 4 5 3 6 3 5 2 3 0 0 2 7 3 9 6 9 7 5 0 9 2 6 3 4 3 6 6 7 1 6 5 6 7 8 0 0 7 2 5 3 9 0 3 7 1 1 6 6 2 6 3 3 9 7 5 0 0 7 3 1 6 3 5 3 4 3 2 2 5 5 1 6 4 6 7 5 3 6 9 6 7 1 1 1 7 5 6 0 9 4 3 1 1 1 0 0 3 2 5 4 0 3 1 5 4 9 0 9 4 6 0 4 0 3 8 2 6 7 0 1 4 8 7 2 2 7 6 5 5 9 2 0 4 4 2 7 4 7 3 4 2 7 9 8 6 4 6 9 9 6 0 9 1 1 0 5 0 3 9 7 5 2 0 1 9 7 8 7 4 4 6 5 4 1 1 3 1 3 2 9 4 5 5 5 4 2 2 9 1 5 3 0 0 6 7 1 5 7 0 5 6 0 0 0 1 5 4 9 3 5 3 1 9 8 8 1 7 8 5 0 9 9 7 4 0 5 7 0 9 7 4 3 2 6 2 0 2 7 8 3 7 7 3 6,0ba0df04ae71e2e04f890eaffd82357107adfd6d18cec29769d071d72c98aa53
supplement,16,13008,4,0.8802228412256268,5 4 0 1 6 9 9 2 4 6 1 3 1 1 7 0 8 9 5 8 0 3 1 6 5 5 2 4 1 9 8 9 8 3 4 3 3 6 1 6 5 4 4 5 4 9 1 9 9 1 1 7 3 0 4 7 5 9 0 5 1 7 6 2 1 4 3 1 1 3 2 7 9 6 1 7 5 5 6 2 7 1 2 2 2 3 4 0 2 7 8 4 7 2 2 6 3 1 1 9 2 8 0 5 1 6 1 4 7 5 1 2 9 4 5 4 5 3 6 3 5 2 3 0 0 2 7 3 9 6 9 7 5 0 9 2 6 3 4 3 6 6 7 1 6 5 6 7 8 0 0 7 2 5 3 9 0 3 7 8 1 6 6 2 6 3 3 9 7 5 0 0 8 3 1 6 3 5 3 4 3 2 2 5 5 1 6 4 6 7 5 3 6 5 6 7 1 1 1 7 5 6 0 9 4 3 1 1 1 0 0 9 2 5 4 0 3 1 5 4 9 0 9 4 6 0 4 0 3 1 2 6 7 0 1 4 8 7 2 2 7 6 5 5 9 2 0 4 4 2 7 4 7 3 4 2 7 9 8 6 4 6 9 9 6 0 9 1 8 0 5 0 3 9 7 5 2 0 1 9 7 8 7 4 4 6 5 4 1 1 3 1 3 2 9 4 5 5 5 4 2 2 9 1 5 3 0 0 6 7 1 5 7 0 5 6 0 0 0 1 5 4 9 3 5 3 1 9 8 8 8 7 8 5 0 9 9 7 4 0 5 7 9 9 7 4 3 2 6 2 0 2 7 8 3 7 7 3 6,8ad49a5f7553090ba5ac34aa9ca6d2f016e8a5c43049c260c8a95672070a9a21
supplement,16,13008,5,0.9025069637883009,5 4 0 1 6 9 9 2 6 6 6 3 1 1 7 0 8 9 5 8 0 3 1 6 5 5 3 4 1 9 8 9 8 3 4 3 3 6 1 6 5 4 4 5 4 9 1 9 9 1 1 7 3 0 4 7 8 9 0 5 1 7 6 2 1 4 3 1 1 3 2 7 9 6 1 7 5 5 6 2 7 1 2 2 2 3 4 0 2 7 8 4 7 2 2 6 3 1 1 9 2 8 0 5 1 6 1 4 7 5 1 2 9 4 5 4 5 3 6 3 5 2 3 0 0 2 7 3 9 6 9 7 5 0 9 2 6 3 4 3 6 6 7 1 6 5 6 7 8 0 0 7 2 5 3 9 0 3 7 8 1 6 6 2 6 3 3 1 7 5 0 0 8 3 1 6 3 5 3 4 3 2 2 5 5 1 6 4 6 7 5 3 6 5 6 7 1 1 1 7 5 6 0 9 4 3 1 1 1 0 0 9 2 5 4 0 3 1 5 4 9 0 9 4 6 0 4 0 3 8 2 6 7 0 1 4 8 7 2 2 7 6 5 5 9 2 0 4 4 8 7 4 7 3 4 2 7 9 8 6 4 6 9 9 6 0 9 1 8 0 5 0 3 9 7 5 2 2 1 9 7 8 7 4 4 6 5 4 1 1 3 1 3 2 9 4 8 5 5 4 2 2 9 1 5 3 0 0 6 7 1 5 7 0 5 6 0 0 0 1 5 4 9 2 5 3 1 9 8 8 8 7 8 5 0 9 9 7 4 0 5 7 0 9 7 4 3 2 6 2 0 2 7 8 3 7 7 3 6,bad6bf118488b4af98966e132954c4b82af55d0656176dfed95dc725dbd01d05
supplement,16,13009,1,0.48467966573816157,5 4 0 1 0 0 0 8 0 4 1 3 4 1 4 0 2 0 0 8 0 0 2 0 5 5 3 4 4 0 2 0 4 8 4 3 3 0 4 0 5 4 6 4 0 0 8 0 0 2 2 4 3 0 6 3 5 0 0 8 4 1 0 2 1 4 5 2 1 3 2 7 0 0 2 8 5 0 0 2 3 1 2 1 0 3 6 0 8 1 4 4 4 8 0 0 3 1 1 0 2 8 0 4 4 0 2 4 4 5 4 0 4 4 5 4 4 8 2 8 3 2 3 0 0 0 4 3 7 0 0 5 5 0 0 0 0 0 4 3 1 0 4 1 0 0 6 8 8 0 0 4 1 5 3 2 0 3 7 8 4 0 0 2 0 3 3 0 1 5 0 0 4 3 2 0 3 4 8 0 3 2 8 0 3 1 6 4 4 4 4 3 6 9 0 7 1 8 2 2 5 0 0 9 4 8 1 2 4 0 0 9 8 5 4 0 3 1 0 4 0 0 0 4 4 0 4 0 3 8 2 0 4 0 1 4 8 9 2 2 4 0 8 5 0 1 0 4 4 8 1 4 9 5 4 8 5 9 8 0 4 0 9 0 0 0 9 2 2 0 9 0 3 0 1 5 2 0 4 9 1 8 4 6 4 4 4 4 2 1 3 1 3 2 0 4 8 0 5 6 2 2 3 1 5 3 0 0 4 4 4 0 4 0 9 0 0 0 0 4 5 6 9 0 5 3 1 9 8 0 8 4 8 5 0 0 5 1 4 0 5 4 8 0 7 4 3 2 0 0 0 0 1 8 3 8 7 3 0,52ef9f9c4b808fe5da81295ec2405bc92511d9a0d90cd9024df3f72710fe1b87
supplement,16,13009,2,0.8356545961002786,5 4 0 1 6 9 0 2 0 2 6 3 1 1 7 0 8 8 5 8 0 3 1 6 3 5 3 4 1 9 1 9 1 3 4 3 3 6 1 6 5 4 4 4 4 9 8 9 0 1 2 7 3 0 4 7 8 9 0 5 1 1 6 2 1 4 3 1 1 3 2 7 9 6 1 7 5 5 6 2 7 1 2 2 2 3 4 0 2 7 1 4 7 2 2 6 3 1 1 9 2 8 0 7 1 6 1 4 7 5 1 2 4 4 5 4 5 3 6 3 5 2 3 0 0 2 7 3 9 6 9 7 5 0 0 2 6 9 4 3 6 6 4 1 6 0 6 7 8 0 0 7 2 5 3 9 0 3 7 8 1 4 6 1 6 3 3 4 7 5 0 0 8 3 2 6 3 5 3 4 3 2 2 5 3 1 6 4 6 7 5 3 6 9 6 7 1 8 1 8 7 6 0 9 4 3 2 1 1 0 0 9 2 5 4 0 3 1 5 4 9 0 0 4 6 0 4 0 3 7 2 6 1 0 1 4 8 7 2 2 7 6 5 5 9 2 0 4 4 8 7 4 7 3 4 8 7 9 8 6 4 6 9 9 6 0 9 1 2 0 5 0 3 0 7 5 2 0 1 9 1 8 7 4 4 6 5 4 2 1 3 1 3 2 9 4 8 5 5 4 2 2 3 1 5 3 0 0 6 7 4 5 7 0 5 6 0 0 0 4 5 4 7 8 5 3 1 9 8 8 8 7 8 5 0 9 9 7 4 0 5 7 0 9 7 4 3 2 6 2 0 2 7 8 3 7 7 8 6,6f077307800e70b35aebcd289f54df24bc2d64e99101b1832eeddb53895686d5
supplement,16,13009,3,0.8607242339832869,5 4 0 1 6 9 0 2 0 4 6 3 1 1 7 0 8 8 5 8 0 3 1 6 5 5 3 4 1 9 8 9 8 3 4 3 3 6 1 6 5 4 4 5 4 9 8 9 9 2 2 7 3 0 4 7 5 3 0 5 1 7 6 2 2 4 3 1 1 3 2 7 9 6 1 7 5 8 6 2 7 1 2 2 2 3 4 0 2 7 1 4 7 2 2 6 3 1 1 9 2 8 0 5 1 6 1 4 7 5 1 2 9 4 5 4 5 3 6 3 5 2 3 0 0 2 7 3 9 6 9 7 5 0 9 2 6 3 4 3 6 6 4 1 6 5 6 7 8 0 0 7 2 5 3 9 0 3 7 5 1 2 6 2 6 3 3 4 7 5 0 0 7 3 2 6 3 5 8 4 3 2 2 5 5 1 6 4 6 7 5 3 6 9 6 7 1 1 1 7 5 6 0 9 4 3 2 1 1 0 0 9 2 5 4 0 3 1 5 4 3 0 9 4 6 0 4 0 3 1 2 6 7 0 1 4 8 5 2 2 7 6 5 5 9 2 0 4 4 7 7 4 7 5 4 2 7 9 8 6 4 6 9 9 6 0 9 1 8 0 5 0 3 9 7 5 2 0 1 9 7 8 7 4 4 6 5 4 2 1 3 1 3 2 9 4 8 5 5 4 2 2 3 1 5 3 0 0 6 7 1 5 7 0 5 6 0 0 0 4 5 4 7 0 5 3 1 9 8 8 5 7 8 5 0 9 9 7 4 0 5 7 0 9 7 4 3 2 6 2 0 2 7 8 3 7 7 1 6,ecd91bbe196415ad6bd836470fbd377fdcbc9cd116b7d4fe8ffb9b426984b42a
supplement,16,13009,4,0.8941504178272981,5 4 0 1 6 9 9 2 0 6 6 3 1 1 7 0 8 8 5 8 0 9 1 6 5 5 8 4 1 9 8 9 8 3 4 3 3 6 1 6 5 4 4 5 4 9 8 9 9 8 2 7 3 0 4 7 8 9 0 5 1 7 6 2 2 4 3 1 1 3 2 7 9 6 2 7 5 5 6 2 7 1 2 2 2 3 4 0 2 7 8 4 7 2 2 6 3 2 1 9 2 8 0 7 1 6 1 4 7 5 1 2 9 4 5 4 5 3 6 3 5 2 3 0 0 2 7 8 9 6 9 7 5 0 9 2 6 9 4 3 6 6 7 1 6 5 6 7 8 0 0 7 2 5 3 9 0 3 7 8 1 8 6 2 6 3 3 0 7 5 0 0 7 3 2 6 3 5 3 4 3 2 2 5 8 2 6 4 6 7 5 3 6 9 6 7 1 1 1 7 5 6 0 9 4 3 2 1 1 0 0 9 2 5 4 0 3 1 5 4 9 0 9 4 6 0 4 0 3 8 2 6 7 0 1 4 8 7 2 2 7 6 5 5 9 2 0 4 4 8 7 4 7 8 4 2 7 9 8 6 4 6 9 9 6 0 9 7 8 0 5 0 3 9 7 5 2 0 1 9 7 8 7 4 4 6 5 4 2 1 3 1 3 2 9 4 8 5 5 4 2 2 9 1 5 3 0 0 6 5 1 5 7 0 5 6 0 0 0 8 5 4 9 8 5 3 1 9 8 8 8 7 8 5 0 9 9 7 4 0 5 7 9 9 7 4 3 2 6 2 0 2 7 8 3 7 7 8 6,a82aa2d4efee5f7789f9e43c24391ea80632ba232e524b2306835d1e43c030b9
supplement,16,13009,5,0.8941504178272981,5 4 0 1 6 9 9 2 0 6 6 3 1 1 7 0 8 8 5 8 0 3 1 6 5 5 3 4 1 9 8 9 8 3 4 3 3 6 1 6 5 4 4 5 4 9 1 9 9 8 2 7 3 0 4 7 8 9 0 5 1 7 6 2 2 4 3 1 1 3 2 7 9 6 1 7 5 5 6 2 7 1 2 2 2 3 4 0 2 7 1 4 7 2 2 6 3 1 1 9 2 8 0 7 1 6 1 4 7 5 1 2 9 4 5 4 5 3 6 3 5 2 3 0 0 2 7 3 9 6 9 7 5 0 9 2 6 3 4 3 6 6 7 1 6 5 6 7 8 0 0 7 2 5 3 9 0 3 7 8 1 8 6 7 6 3 3 4 7 5 0 0 7 3 2 6 3 5 3 4 3 2 2 5 5 1 6 4 6 7 5 3 6 5 6 7 1 1 1 7 5 6 0 9 4 3 2 1 1 0 0 9 2 5 4 0 3 1 5 4 9 0 9 4 6 0 4 0 3 8 2 6 7 0 1 4 8 7 2 2 7 6 5 5 9 2 0 4 4 8 7 4 7 3 4 2 7 9 8 6 4 6 9 9 6 0 9 7 8 0 5 0 3 9 7 5 2 0 1 9 7 8 7 4 4 6 5 4 1 1 3 1 3 2 9 4 8 5 5 4 2 2 9 1 5 3 0 0 6 7 1 5 7 0 5 6 0 0 0 1 5 4 7 2 5 3 1 9 8 8 5 7 8 5 0 9 9 7 4 0 5 7 0 9 7 4 3 2 6 2 0 2 7 8 3 7 7 3 6,97b6ecdaff9433048da059fbdd16c0d071d146d732b954caa7ee00f1f2a2830d
supplement,16,13010,1,0.3955431754874652,0 9 5 8 6 9 8 0 0 0 1 7 1 8 8 0 8 4 0 0 0 5 1 0 0 0 8 0 1 5 8 1 9 3 4 5 3 6 1 6 2 4 4 0 4 8 1 9 1 1 8 8 5 1 4 7 8 5 0 0 8 7 6 1 1 4 5 1 4 5 2 8 5 8 1 7 0 4 0 2 7 4 2 1 7 3 4 6 2 0 8 4 1 5 5 6 5 8 4 1 5 0 0 1 4 6 8 4 8 0 1 6 1 4 5 0 0 5 8 3 0 2 5 0 6 6 7 4 9 0 6 0 0 0 1 8 1 5 4 5 6 6 7 0 1 5 6 7 0 0 0 7 4 0 3 1 1 3 7 8 4 8 6 8 1 5 5 4 8 0 1 0 8 5 1 6 0 0 7 4 5 7 2 0 8 1 6 4 6 4 2 5 6 5 6 7 4 2 4 4 2 8 0 1 4 0 0 7 1 1 0 5 2 2 4 0 5 4 0 4 8 0 4 4 1 0 0 0 3 3 2 6 8 0 4 4 4 0 2 1 3 6 5 0 1 2 4 4 4 0 4 4 0 1 4 8 7 8 8 0 0 1 5 1 6 0 6 1 8 0 0 0 5 1 8 0 2 5 1 5 7 9 0 4 4 1 0 4 1 8 5 4 5 2 5 1 0 0 0 1 2 2 5 1 0 5 1 0 1 1 1 0 7 0 0 6 0 1 0 4 2 4 1 1 0 8 8 4 8 8 0 7 0 0 1 5 4 1 4 1 0 5 1 1 7 8 5 2 0 6 1 5 8 0 5 4 7 8 6,c194d5e8420921958ffc60f10990d9ed32d0ae5b4048dbd22e391458b166d623
supplement,16,13010,2,0.8022284122562674,0 4 0 1 6 9 8 2 0 6 1 3 1 1 7 0 8 1 0 8 0 3 1 6 5 5 7 4 1 9 8 9 2 3 4 3 3 6 1 6 5 4 4 1 4 9 1 9 9 7 8 7 3 0 4 7 8 9 0 5 8 7 6 2 1 4 3 1 4 3 2 7 3 4 1 7 5 7 6 2 7 8 2 2 2 3 4 0 2 7 8 4 7 2 2 6 3 1 4 9 2 8 0 1 1 6 1 4 7 5 1 2 1 4 5 4 5 3 6 3 5 2 3 0 0 2 7 8 9 6 9 7 5 0 9 2 6 5 4 3 6 6 7 6 6 9 6 7 8 0 0 7 2 5 3 9 0 3 7 8 4 8 6 8 6 3 3 1 7 5 0 0 8 3 1 6 3 5 3 4 3 2 2 5 5 2 6 4 4 7 2 3 6 9 6 7 1 1 1 7 5 6 0 9 4 3 1 1 1 0 0 8 2 5 4 0 3 1 5 4 8 0 9 4 6 0 4 0 3 7 2 6 7 0 1 4 8 5 2 2 7 6 5 0 9 2 0 4 4 7 7 4 7 8 4 7 7 9 8 6 4 6 3 9 6 0 9 8 8 0 5 0 3 9 7 5 2 3 1 5 7 2 4 4 4 1 5 4 1 8 3 4 3 2 9 4 2 5 5 1 2 2 9 1 5 3 0 0 6 7 1 5 7 0 5 6 0 0 0 1 2 4 1 2 5 8 1 9 8 8 5 7 0 5 0 6 9 7 4 0 5 7 1 9 7 4 3 2 0 2 0 2 7 2 3 7 7 8 6,3530503232229c45768711c1aa1491fc7cd4783c7d5fe1c14eb5a5840e44974e
supplement,16,13010,3,0.8662952646239555,5 4 0 8 6 9 8 2 0 6 1 3 1 1 7 0 8 3 0 8 0 3 1 6 5 5 3 4 1 9 8 9 8 3 4 3 3 6 1 6 5 4 4 1 4 9 8 9 9 7 8 7 3 0 4 7 7 3 0 5 8 7 6 2 2 4 3 1 1 3 2 7 3 6 1 7 5 7 6 2 7 7 2 2 2 3 4 0 2 7 8 4 7 2 2 6 3 7 1 3 2 8 0 7 1 6 1 4 7 5 1 2 9 4 5 4 5 3 6 3 5 2 3 0 0 2 7 8 9 6 9 7 5 0 9 2 6 3 4 3 6 6 7 1 6 5 6 7 8 0 0 7 2 5 3 9 0 3 7 8 8 8 6 8 6 3 3 9 7 5 0 0 8 3 1 6 3 5 3 4 3 2 2 5 8 8 6 4 6 7 5 3 6 9 6 7 1 8 1 7 8 6 0 9 4 3 1 1 1 0 0 9 2 5 4 0 3 1 5 4 3 0 9 4 6 0 4 0 3 8 2 6 7 0 1 4 8 5 2 2 7 6 5 5 9 2 0 4 4 8 7 4 7 3 4 7 7 9 8 6 4 6 9 9 6 0 9 7 8 0 5 0 3 9 7 5 2 3 1 9 7 8 7 4 4 6 5 4 1 9 3 9 3 2 9 4 8 5 5 4 2 2 9 1 5 3 0 0 6 7 1 5 7 0 5 6 0 0 0 1 7 4 7 2 5 3 1 9 8 8 8 7 8 5 0 9 3 7 4 0 5 7 9 9 7 4 3 2 6 2 0 2 7 2 3 7 7 8 6,c21b19e12fa74f8f7b65d32ac8ad1f0a5cf51b97a080ea61654fcd077d08b285
supplement,16,13010,4,0.8913649025069638,5 4 0 1 6 9 9 2 0 6 1 3 1 1 7 0 8 9 5 8 0 3 1 6 5 5 3 4 1 9 8 9 8 3 4 3 3 6 1 6 5 4 4 1 4 9 1 9 9 2 1 7 3 0 4 7 7 9 0 5 1 7 6 2 1 4 3 1 1 3 2 7 3 6 1 7 5 5 6 2 7 1 2 2 2 3 4 0 2 7 7 4 7 2 2 6 3 7 1 9 2 8 0 7 1 6 1 4 7 5 1 2 9 4 5 4 5 3 6 3 5 2 3 0 0 2 7 9 9 6 9 7 5 0 9 2 6 3 4 3 6 6 7 1 6 5 6 7 8 0 0 7 2 5 3 9 0 3 7 8 1 8 6 8 6 3 3 1 7 5 0 0 8 3 1 6 3 5 3 4 3 2 2 5 8 2 6 4 6 7 5 3 6 9 6 7 1 1 1 7 5 6 0 9 4 3 1 1 1 0 0 9 2 5 4 0 3 1 5 4 9 0 9 4 6 0 4 0 3 7 2 6 7 0 1 4 8 7 2 2 7 6 5 5 9 2 0 4 4 8 7 4 7 3 4 2 7 9 8 6 4 6 9 9 6 0 9 1 8 0 5 0 3 9 7 5 2 9 1 9 7 8 4 4 4 6 5 4 1 9 3 1 3 2 9 4 8 9 5 4 2 2 9 1 5 3 0 0 6 7 1 5 7 0 5 6 0 0 0 1 7 4 7 3 5 3 1 9 8 8 8 7 8 5 0 9 9 7 4 0 5 7 9 9 7 4 3 2 6 2 0 2 7 8 3 7 7 3 6,9d21fe4bd561a90508c137319afcc527c7d019a0a196d7bae401f318077c3082
supplement,16,13010,5,0.8997214484679665,5 4 0 1 6 9 9 2 0 6 1 3 1 1 7 0 8 9 5 8 0 9 1 6 5 5 3 4 1 9 8 9 8 3 4 3 3 6 1 6 5 4 4 1 4 9 1 9 9 1 1 7 9 0 4 7 8 9 0 5 1 7 6 2 1 4 3 1 1 3 2 7 9 6 1 7 5 7 6 2 7 1 2 2 2 3 4 0 2 7 1 4 7 2 2 6 3 1 1 9 2 8 0 1 1 6 1 4 7 5 1 2 9 4 5 4 5 3 6 3 5 2 3 0 0 2 7 8 9 6 9 7 5 0 9 2 6 3 4 3 6 6 7 1 6 5 6 7 8 0 0 7 2 5 3 9 0 3 7 8 1 8 6 8 6 3 3 1 7 5 0 0 8 3 1 6 3 5 3 4 3 2 2 5 5 1 6 4 6 7 5 0 6 9 6 7 1 1 1 7 5 6 0 9 4 3 1 1 1 0 0 9 2 5 1 0 3 1 5 4 9 0 9 4 6 0 4 0 3 7 2 6 7 0 1 4 8 7 2 2 7 6 5 5 9 2 0 4 4 8 7 4 7 8 4 2 7 9 8 6 4 6 9 9 6 0 9 1 8 0 5 0 3 9 7 5 2 9 1 9 7 8 7 4 4 6 5 4 1 1 3 1 3 2 9 4 8 5 5 1 2 2 9 1 5 3 0 0 6 7 1 5 7 0 5 6 0 0 0 1 7 4 1 2 5 3 1 9 8 8 8 7 8 5 0 9 9 7 4 0 5 7 9 9 7 4 3 2 6 2 0 2 7 8 3 7 7 3 6,1a91f51a28fb03c75a0ae622fc6cc4740bf18d13db45b7f9d1f6bae82fc06f3b
supplement,1,13001,1,0.5766016713091922,5 1 0 1 6 9 8 4 4 6 6 9 1 6 2 9 6 3 5 8 0 9 1 6 6 4 3 4 1 5 6 5 5 3 4 3 7 6 7 6 5 4 4 9 4 9 2 9 3 1 2 4 5 0 4 7 1 3 9 5 7 7 6 4 6 1 3 1 1 5 2 7 2 6 1 5 4 3 6 4 7 1 3 2 2 5 7 0 2 7 4 4 9 2 2 6 5 1 1 5 4 3 0 1 1 6 1 4 7 4 4 4 1 4 5 4 5 2 6 3 2 2 3 9 0 2 7 3 9 6 2 7 4 9 3 2 6 5 4 2 6 6 7 6 6 5 6 7 3 9 0 3 2 9 5 2 0 2 1 7 4 3 6 5 6 9 2 1 7 5 9 0 7 3 6 6 2 5 8 4 2 3 2 5 5 8 6 4 6 1 5 9 6 5 6 7 7 1 1 7 3 6 0 2 4 3 6 1 1 0 0 9 2 5 4 0 2 4 5 4 9 5 9 4 6 6 4 0 2 1 2 6 4 9 1 4 8 9 2 4 3 6 5 5 2 2 0 4 1 5 7 4 1 4 4 3 7 9 8 6 4 6 3 2 6 0 3 1 6 0 5 0 2 0 7 2 2 2 1 0 7 3 1 6 4 6 9 4 2 1 3 1 2 4 5 4 5 5 5 7 2 2 5 1 5 2 0 6 6 1 4 5 3 9 5 6 0 0 9 0 2 4 9 3 5 2 1 9 3 6 4 7 4 5 0 5 3 5 4 0 5 7 5 3 1 4 3 2 6 6 0 2 7 8 3 7 7 1 6,ff641d156b3654ccc402aaa18253b03e950c4c580d7e5cdc2e58f1f7f5e710c8
supplement,1,13001,2,0.8328690807799443,5 4 0 1 6 9 0 3 6 6 6 2 1 1 7 0 8 9 5 8 0 9 1 6 5 5 3 4 1 3 8 9 8 3 4 3 3 6 1 6 5 4 4 5 4 9 8 9 9 1 1 7 5 0 4 7 5 9 0 5 1 7 6 2 2 1 3 1 1 5 2 7 9 6 1 7 5 9 6 2 7 1 2 2 2 3 0 0 2 7 8 4 7 2 2 6 3 1 1 9 2 6 0 9 1 6 1 4 7 5 6 5 1 4 5 4 5 3 6 3 5 2 3 0 0 2 7 9 9 6 9 7 5 0 9 2 6 3 4 3 6 6 7 1 6 9 6 7 8 0 0 7 2 5 3 9 0 3 7 1 1 6 6 5 6 3 3 1 7 5 0 0 1 3 1 6 3 5 8 4 3 2 2 5 5 1 6 4 6 7 5 0 6 5 6 7 1 1 1 7 5 6 0 9 4 3 6 1 1 0 0 9 2 5 4 0 3 1 5 4 9 0 9 4 6 6 4 0 3 8 2 6 7 0 1 4 8 9 2 1 7 6 5 5 9 2 0 4 4 5 7 4 7 5 4 1 7 9 8 6 4 6 9 9 6 0 3 1 3 0 5 0 3 9 7 5 2 0 1 9 7 8 7 4 4 6 5 4 1 1 3 1 3 5 9 4 5 5 5 1 2 2 3 1 5 3 0 0 6 7 1 5 7 0 5 6 0 0 0 1 7 4 9 9 5 3 1 9 8 6 8 7 8 5 0 9 8 7 4 0 5 7 5 9 7 4 3 2 6 2 0 2 7 8 3 7 7 1 6,49cbb44ad782bdf28b18809b046953790a147c54b0bc832b8aa53ab392e00e0b
supplement,1,13001,3,0.8997214484679665,5 4 0 1 6 9 8 2 6 6 6 3 1 1 7 0 8 8 5 8 0 9 1 6 9 5 3 4 1 3 8 9 8 3 4 3 3 6 1 6 5 4 4 5 4 9 1 9 9 1 1 7 3 0 4 7 8 9 0 5 1 7 6 2 1 4 3 1 1 3 2 7 9 6 1 7 5 9 6 2 7 1 2 2 2 3 4 0 8 7 8 4 7 2 2 6 3 1 1 9 2 8 0 7 1 6 1 4 7 5 1 2 9 4 5 4 5 3 6 3 5 2 3 0 0 2 7 3 9 6 9 7 5 0 9 2 6 3 4 3 6 6 7 1 6 5 6 7 8 0 0 7 2 5 3 9 0 3 7 8 8 8 6 8 6 3 3 1 7 5 0 0 7 3 1 6 3 5 8 4 3 2 2 5 5 1 6 4 6 7 5 0 6 5 6 7 1 1 1 7 5 6 0 9 4 3 1 1 1 0 0 9 2 5 4 0 3 1 5 4 9 0 9 4 6 6 4 0 3 8 2 6 7 0 1 4 8 7 2 2 7 6 5 5 9 2 0 4 4 8 7 4 7 5 4 2 7 9 8 6 4 6 9 9 6 0 9 1 8 0 5 0 3 9 7 5 2 9 1 9 7 8 7 4 4 6 5 4 1 1 3 1 3 2 9 4 8 5 5 4 2 2 3 1 5 3 0 0 6 7 1 5 7 0 5 6 0 0 0 8 7 4 9 9 5 3 1 9 8 8 8 7 8 5 0 9 8 7 4 0 5 7 0 9 7 4 3 2 6 2 0 2 7 8 3 7 7 1 6,2eff25af80becf0175696ec3f8fe15c0c966f1b04827604011032e3b6146910c
supplement,1,13001,4,0.9108635097493036,5 4 0 1 6 9 9 2 0 6 6 3 1 1 7 0 8 9 5 8 0 9 1 6 5 5 3 4 1 3 8 9 8 3 4 3 3 6 1 6 5 4 4 5 4 9 8 9 9 1 1 7 9 0 4 7 8 9 0 5 1 7 6 2 1 4 3 1 1 3 2 7 9 6 1 7 5 9 6 2 7 1 2 2 2 3 4 0 2 7 8 4 7 2 2 6 3 1 1 9 2 8 0 7 1 6 1 4 7 5 1 2 9 4 5 4 5 3 6 3 5 2 3 0 0 2 7 3 9 6 9 7 5 0 9 2 6 3 4 3 6 6 7 1 6 5 6 7 8 0 0 7 2 5 3 9 0 3 7 8 1 8 6 8 6 3 3 1 7 5 0 0 7 3 1 6 3 5 8 4 3 2 2 5 5 1 6 4 6 7 5 0 6 5 6 7 1 1 1 7 5 6 0 9 4 3 1 1 1 0 0 9 2 5 4 0 3 1 5 4 9 0 9 4 6 0 4 0 3 8 2 6 7 0 1 4 8 7 2 2 7 6 5 5 9 2 0 4 4 8 7 4 7 8 4 2 7 9 8 6 4 6 9 9 6 0 9 1 8 0 5 0 3 9 7 5 2 9 1 9 7 8 7 4 4 6 5 4 1 1 3 1 3 2 9 4 8 5 5 4 2 2 9 1 5 3 0 0 6 7 1 5 7 0 5 6 0 0 0 8 7 4 9 9 5 3 1 9 8 8 8 7 8 5 0 9 9 7 4 0 5 7 0 9 7 4 3 2 6 2 0 2 7 8 3 7 7 1 6,8f3c78cb2c1ebf4b5df461b989ebfaa550480885e09913c4aa40043cb7faf742
supplement,1,13001,5,0.8997214484679665,5 4 0 1 6 9 9 2 6 6 6 3 1 1 7 0 8 9 5 8 0 9 1 6 5 5 3 4 1 9 8 9 8 3 4 3 3 6 1 6 5 4 4 5 4 9 8 9 9 1 1 7 9 0 4 7 8 9 0 5 1 7 6 2 1 4 3 1 1 3 2 7 9 6 1 7 5 9 6 2 7 1 2 2 2 3 4 0 2 7 8 4 7 2 2 6 3 1 1 9 2 8 0 5 1 6 1 4 7 5 1 2 9 4 5 4 5 3 6 3 5 2 3 0 0 2 7 9 9 6 9 7 5 0 9 2 6 3 4 3 6 6 7 1 6 5 6 7 8 0 0 7 2 5 3 9 0 3 7 8 1 8 6 8 6 3 3 1 7 5 0 0 7 3 1 6 3 5 8 4 3 2 2 5 5 1 6 4 6 7 5 0 6 5 6 7 1 1 1 7 5 6 0 9 4 3 1 1 1 0 0 9 2 5 4 0 3 1 5 4 9 0 9 4 6 0 4 0 3 8 2 6 7 0 1 4 8 7 2 2 7 6 5 5 9 2 0 4 4 8 7 4 7 8 4 2 7 9 8 6 4 6 9 9 6 0 9 7 8 0 5 0 3 9 7 5 2 9 1 9 7 8 7 4 4 6 5 4 1 9 3 1 3 2 9 4 8 5 5 4 2 2 9 1 5 3 0 0 6 7 1 5 7 0 5 6 0 0 0 1 5 4 9 3 5 3 1 9 8 8 8 7 8 5 0 9 9 7 4 0 5 7 0 9 7 4 3 2 6 2 0 2 7 8 3 7 7 1 6,0e8d3675165b75d741dc01689f57dd88c539b4915bcbf96c7a840cc020f767e2
supplement,1,13001,6,0.9220055710306406,5 4 0 1 6 9 8 2 0 6 6 3 1 1 7 0 8 9 5 8 0 9 1 6 5 5 3 4 1 9 8 9 8 3 4 3 3 6 1 6 5 4 4 5 4 9 8 9 9 1 8 7 9 0 4 7 8 9 0 5 1 7 6 2 1 4 3 1 1 3 2 7 9 6 1 7 5 9 6 2 7 1 2 2 2 3 4 0 2 7 8 4 7 2 2 6 3 1 1 9 2 8 0 8 1 6 1 4 7 5 1 2 9 4 5 4 5 3 6 3 5 2 3 0 0 2 7 8 9 6 9 7 5 0 9 2 6 3 4 3 6 6 7 6 6 5 6 7 8 0 0 7 2 5 3 9 0 3 7 8 1 8 6 8 6 3 3 1 7 5 0 0 7 3 1 6 3 5 8 4 3 2 2 5 5 1 6 4 6 7 5 0 6 5 6 7 1 1 1 7 8 6 0 9 4 3 1 1 1 0 0 9 2 5 4 0 3 1 5 4 9 0 9 4 6 0 4 0 3 8 2 6 7 0 1 4 8 7 2 2 7 6 5 5 9 2 0 4 4 8 7 4 7 8 4 2 7 9 8 6 4 6 9 9 6 0 9 1 8 0 5 0 3 9 7 5 2 9 1 9 7 8 7 4 4 6 5 4 1 1 3 1 3 2 9 4 8 5 5 4 2 2 9 1 5 3 0 0 6 7 1 5 7 0 5 6 0 0 0 8 7 4 9 3 5 3 1 9 8 8 8 7 8 5 0 9 8 7 4 0 5 7 9 9 7 4 3 2 6 2 0 2 7 8 3 7 7 1 6,88b72aa08738b071ba05d3f784c695be97b5abfdd8ae91f885e5eb9f2a7644d6
supplement,1,13001,7,0.9136490250696379,5 4 0 1 6 9 9 2 0 6 6 3 1 1 7 0 8 9 5 8 0 9 1 6 5 5 3 4 1 9 8 9 8 3 4 3 3 6 1 6 5 4 4 5 4 9 8 9 9 1 8 7 3 0 4 7 8 9 0 5 1 7 6 2 1 4 3 1 1 3 2 7 9 6 1 7 5 9 6 2 7 1 2 2 2 3 4 0 2 7 8 4 7 2 2 6 3 1 1 9 2 8 0 7 1 6 1 4 7 5 1 2 9 4 5 4 5 3 6 3 5 2 3 0 0 2 7 3 9 6 9 7 5 0 9 2 6 3 4 3 6 6 7 1 6 5 6 7 8 0 0 7 2 5 3 9 0 3 7 8 1 8 6 8 6 3 3 1 7 5 0 0 7 3 1 6 3 5 8 4 3 2 2 5 5 1 6 4 6 7 5 0 6 9 6 7 1 1 1 7 5 6 0 9 4 3 1 1 1 0 0 9 2 5 4 0 3 1 5 4 9 0 9 4 6 0 4 0 3 8 2 6 7 0 1 4 8 7 2 2 7 6 5 5 9 2 0 4 4 8 7 4 7 8 4 2 7 9 8 6 4 6 9 9 6 0 9 7 8 0 5 0 3 9 7 5 2 3 1 9 7 8 7 4 4 6 5 4 1 1 3 1 3 2 9 4 8 5 5 4 2 2 9 1 5 3 0 0 6 7 1 5 7 0 5 6 0 0 0 8 7 4 9 3 5 3 1 9 8 8 8 7 8 5 0 9 8 7 4 0 5 7 0 9 7 4 3 2 6 2 0 2 7 8 3 7 7 8 6,795da27954ab86b86c449a77e2f0792a77819a88ace58476a1fdf2ba4b801ea7
supplement,1,13001,8,0.9136490250696379,5 4 0 1 6 9 9 2 6 6 6 3 1 1 7 0 8 8 5 8 0 9 1 6 5 5 3 4 1 9 8 9 8 3 4 3 3 6 1 6 5 4 4 5 4 9 8 9 9 1 1 7 3 0 4 7 8 9 0 5 1 7 6 2 1 4 3 1 1 3 2 7 9 6 1 7 5 9 6 2 7 1 2 2 2 3 4 0 2 7 8 4 7 2 2 6 3 1 1 9 2 8 0 7 1 6 1 4 7 5 1 2 9 4 5 4 5 3 6 3 5 2 3 0 0 2 7 8 9 6 9 7 5 0 9 2 6 3 4 3 6 6 7 1 6 5 6 7 8 0 0 7 2 5 3 9 0 3 7 8 1 8 6 8 6 3 3 1 7 5 0 0 7 3 1 6 3 5 8 4 3 2 2 5 5 1 6 4 6 7 5 0 6 9 6 7 1 1 1 7 5 6 0 9 4 3 1 1 1 0 0 9 2 5 4 0 3 1 5 4 9 0 9 4 6 0 4 0 3 8 2 6 7 0 1 4 8 7 2 2 7 6 5 5 9 2 0 4 4 8 7 4 7 8 4 2 7 9 8 6 4 6 9 9 6 0 9 1 8 0 5 0 3 9 7 5 2 0 1 9 7 8 7 4 4 6 5 4 1 1 3 1 3 2 9 4 8 9 5 4 2 2 3 1 5 3 0 0 6 7 1 5 7 0 5 6 0 0 0 1 5 4 9 2 5 3 1 9 8 8 8 7 8 5 0 9 8 7 4 0 5 7 9 9 7 4 3 2 6 2 0 2 7 8 3 7 7 8 6,b4d9660ccb53ace0d3ccdf9b46bd4acddcf598a23acd7f814bfa7a2ada2acc8d
supplement,1,13001,9,0.9136490250696379,5 4 0 1 6 9 9 2 6 6 6 3 1 1 7 0 8 8 5 8 0 9 1 6 5 5 3 4 1 9 8 9 8 3 4 3 3 6 1 6 5 4 4 5 4 9 8 9 9 1 1 7 3 0 4 7 8 9 0 5 1 7 6 2 1 4 3 1 1 3 2 7 9 6 1 7 5 9 6 2 7 1 2 2 2 3 4 0 2 7 8 4 7 2 2 6 3 1 1 9 2 8 0 7 1 6 1 4 7 5 1 2 9 4 5 4 5 3 6 3 5 2 3 0 0 2 7 3 9 6 9 7 5 0 9 2 6 3 4 3 6 6 7 1 6 5 6 7 8 0 0 7 2 5 3 9 0 3 7 8 1 8 6 7 6 3 3 1 7 5 0 0 7 3 1 6 3 5 3 4 3 2 2 5 5 8 6 4 6 7 5 0 6 9 6 7 1 1 1 7 5 6 0 9 4 3 1 1 1 0 0 9 2 5 4 0 3 1 5 4 9 0 9 4 6 0 4 0 3 8 2 6 7 0 1 4 8 7 2 2 7 6 5 5 9 2 0 4 4 8 7 4 7 8 4 2 7 9 8 6 4 6 9 9 6 0 9 1 8 0 5 0 3 9 7 5 2 2 1 9 7 8 7 4 4 6 5 4 1 1 3 1 3 2 9 4 8 5 5 4 2 2 3 1 5 3 0 0 6 7 1 5 7 0 5 6 0 0 0 1 5 4 9 3 5 3 1 9 8 8 8 7 8 5 0 9 9 7 4 0 5 7 0 9 7 4 3 2 6 2 0 2 7 8 3 7 7 3 6,fda47a2c60374ea546b25e7a9a965f599f70e790dbdcc55f49957d42572f3598
supplement,1,13001,10,0.9136490250696379,5 4 0 1 6 9 9 2 0 6 6 3 1 1 7 0 8 9 5 8 0 3 1 6 5 5 3 4 1 9 8 9 8 3 4 3 3 6 1 6 5 4 4 5 4 9 8 9 9 1 8 7 3 0 4 7 8 9 0 5 1 7 6 2 1 4 3 1 1 3 2 7 9 6 1 7 5 9 6 2 7 1 2 2 2 3 4 0 2 7 8 4 7 2 2 6 3 1 1 9 2 8 0 7 1 6 1 4 7 5 1 2 9 4 5 4 5 3 6 3 5 2 3 0 0 2 7 8 9 6 9 7 5 0 9 2 6 3 4 3 6 6 7 1 6 5 6 7 8 0 0 7 2 5 3 9 0 3 7 8 1 8 6 7 6 3 3 1 7 5 0 0 7 3 1 6 3 5 3 4 3 2 2 5 5 1 6 4 6 7 5 0 6 9 6 7 1 1 1 7 5 6 0 9 4 3 1 1 1 0 0 9 2 5 4 0 3 1 5 4 9 0 9 4 6 0 4 0 3 8 2 6 7 0 1 4 8 7 2 2 7 6 5 5 9 2 0 4 4 8 7 4 7 8 4 3 7 9 8 6 4 6 9 9 6 0 9 1 8 0 5 0 3 9 7 5 2 2 1 9 7 8 7 4 4 6 5 4 1 1 3 1 3 2 9 4 8 9 5 4 2 2 9 1 5 3 0 0 6 7 1 5 7 0 5 6 0 0 0 1 5 4 9 3 5 3 1 9 8 8 8 7 8 5 0 9 8 7 4 0 5 7 9 9 7 4 3 2 6 2 0 2 7 8 3 7 7 1 6,05d9a603ac439d347a34d1df713146eb7ff64afc9ce446206461a29830bc7c4e
supplement,1,13001,11,0.9136490250696379,5 4 0 1 6 9 9 2 6 6 6 3 1 1 7 0 8 9 5 8 0 9 1 6 5 5 3 4 1 9 8 9 8 3 4 3 3 6 1 6 5 4 4 5 4 9 8 9 9 1 8 7 9 0 4 7 8 9 0 5 1 7 6 2 1 4 3 1 1 3 2 7 9 6 1 7 5 9 6 2 7 1 2 2 2 3 4 0 2 7 8 4 7 2 2 6 3 1 1 9 2 8 0 7 1 6 1 4 7 5 1 2 9 4 5 4 5 3 6 3 5 2 3 0 0 2 7 8 9 6 9 7 5 0 9 2 6 3 4 3 6 6 7 1 6 5 6 7 8 0 0 7 2 5 3 9 0 3 7 8 1 8 6 7 6 3 3 1 7 5 0 0 7 3 1 6 3 5 8 4 3 2 2 5 5 1 6 4 6 7 5 0 6 9 6 7 1 1 1 7 5 6 0 9 4 3 1 1 1 0 0 9 2 5 4 0 3 1 5 4 9 0 9 4 6 0 4 0 3 8 2 6 7 0 1 4 8 7 2 2 7 6 5 5 9 2 0 4 4 8 7 4 7 8 4 3 7 9 8 6 4 6 9 9 6 0 9 1 8 0 5 0 3 9 7 5 2 2 1 9 7 8 7 4 4 6 5 4 1 1 3 1 3 2 9 4 8 9 5 4 2 2 9 1 5 3 0 0 6 7 1 5 7 0 5 6 0 0 0 1 5 4 9 2 5 3 1 9 8 8 8 7 8 5 0 9 8 7 4 0 5 7 0 9 7 4 3 2 6 2 0 2 7 8 3 7 7 8 6,3869eb45a3fa5367ef31bbe5684e69f1622b519ea8f0d25db51c3ce8a7b872ef
supplement,1,13001,12,0.9331476323119777,5 4 0 1 6 9 9 2 0 6 6 3 1 1 7 0 8 8 5 8 0 9 1 6 5 5 3 4 1 9 8 9 8 3 4 3 3 6 1 6 5 4 4 5 4 9 8 9 9 1 8 7 3 0 4 7 8 9 0 5 1 7 6 2 1 4 3 1 1 3 2 7 9 6 1 7 5 9 6 2 7 1 2 2 2 3 4 0 2 7 8 4 7 2 2 6 3 1 1 9 2 8 0 8 1 6 1 4 7 5 1 2 9 4 5 4 5 3 6 3 5 2 3 0 0 2 7 8 9 6 9 7 5 0 9 2 6 3 4 3 6 6 7 1 6 5 6 7 8 0 0 7 2 5 3 9 0 3 7 8 1 8 6 7 6 3 3 1 7 5 0 0 7 3 1 6 3 5 8 4 3 2 2 5 5 1 6 4 6 7 5 0 6 5 6 7 1 1 1 7 5 6 0 9 4 3 1 1 1 0 0 9 2 5 4 0 3 1 5 4 9 0 9 4 6 0 4 0 3 8 2 6 7 0 1 4 8 7 2 2 7 6 5 5 9 2 0 4 4 8 7 4 7 8 4 2 7 9 8 6 4 6 9 9 6 0 9 1 8 0 5 0 3 9 7 5 2 2 1 9 7 8 7 4 4 6 5 4 1 1 3 1 3 2 9 4 8 5 5 4 2 2 9 1 5 3 0 0 6 7 1 5 7 0 5 6 0 0 0 8 5 4 9 3 5 3 1 9 8 8 8 7 8 5 0 9 9 7 4 0 5 7 0 9 7 4 3 2 6 2 0 2 7 8 3 7 7 3 6,02b7765837807c7c8e6df89c7a94e0b575bbb6603d677aeb9608b8e697533762
supplement,1,13001,13,0.9108635097493036,5 4 0 1 6 9 9 2 6 6 6 3 1 1 7 0 8 8 5 8 0 3 1 6 5 5 3 4 1 9 8 9 8 3 4 3 3 6 1 6 5 4 4 5 4 9 8 9 9 1 8 7 9 0 4 7 8 9 0 5 1 7 6 2 1 4 3 1 1 3 2 7 9 6 1 7 5 8 6 2 7 1 2 2 2 3 4 0 2 7 8 4 7 2 2 6 3 1 1 9 2 8 0 7 1 6 1 4 7 5 1 2 9 4 5 4 5 3 6 3 5 2 3 0 0 2 7 8 9 6 9 7 5 0 9 2 6 3 4 3 6 6 7 1 6 5 6 7 8 0 0 7 2 5 3 9 0 3 7 8 1 8 6 8 6 3 3 1 7 5 0 0 7 3 1 6 3 5 3 4 3 2 2 5 5 1 6 4 6 7 5 0 6 9 6 7 1 1 1 7 5 6 0 9 4 3 1 1 1 0 0 9 2 5 4 0 3 1 5 4 9 0 9 4 6 0 4 0 3 8 2 6 7 0 1 4 8 7 2 2 7 6 5 5 9 2 0 4 4 8 7 4 7 8 4 2 7 9 8 6 4 6 9 9 6 0 9 1 8 0 5 0 3 9 7 5 2 0 1 9 7 8 7 4 4 6 5 4 1 1 3 1 3 2 9 4 8 5 5 4 2 2 9 1 5 3 0 0 6 7 1 5 7 0 5 6 0 0 0 8 5 4 9 2 5 3 1 9 8 8 8 7 8 5 0 9 9 7 4 0 5 7 9 9 7 4 3 2 6 2 0 2 7 8 3 7 7 8 6,9adfd43e43ba070b5480d0b3a5c39d5897f1506bbd7a652c6808ba3a637598e1
supplement,1,13001,14,0.924791086350975,5 4 0 1 6 9 9 2 0 6 6 3 1 1 7 0 8 8 5 8 0 9 1 6 5 5 3 4 1 9 8 9 8 3 4 3 3 6 1 6 5 4 4 5 4 9 8 9 9 1 8 7 9 0 4 7 8 9 0 5 1 7 6 2 1 4 3 1 1 3 2 7 9 6 1 7 5 9 6 2 7 1 2 2 2 3 4 0 2 7 8 4 7 2 2 6 3 1 1 9 2 8 0 8 1 6 1 4 7 5 1 2 9 4 5 4 5 3 6 3 5 2 3 0 0 2 7 8 9 6 9 7 5 0 9 2 6 3 4 3 6 6 7 1 6 5 6 7 8 0 0 7 2 5 3 9 0 3 7 8 1 8 6 8 6 3 3 1 7 5 0 0 7 3 1 6 3 5 3 4 3 2 2 5 5 8 6 4 6 7 5 0 6 9 6 7 1 1 1 7 5 6 0 9 4 3 1 1 1 0 0 9 2 5 4 0 3 1 5 4 9 0 9 4 6 0 4 0 3 8 2 6 7 0 1 4 8 7 2 2 7 6 5 5 9 2 0 4 4 8 7 4 7 8 4 2 7 9 8 6 4 6 9 9 6 0 9 1 8 0 5 0 3 9 7 5 2 0 1 9 7 8 7 4 4 6 5 4 1 1 3 1 3 2 9 4 8 9 5 4 2 2 9 1 5 3 0 0 6 7 1 5 7 0 5 6 0 0 0 8 5 4 9 2 5 3 1 9 8 8 8 7 8 5 0 9 9 7 4 0 5 7 9 9 7 4 3 2 6 2 0 2 7 8 3 7 7 3 6,5207df9c827e37e25a651490b6ffada619c7be574c05ae6e134a393b51707fd2
supplement,1,13001,15,0.9136490250696379,5 4 0 1 6 9 9 2 6 6 6 3 1 1 7 0 8 8 5 8 0 9 1 6 5 5 3 4 1 9 8 9 8 3 4 3 3 6 1 6 5 4 4 5 4 9 8 9 9 1 1 7 9 0 4 7 8 9 0 5 1 7 6 2 1 4 3 1 1 3 2 7 9 6 1 7 5 9 6 2 7 1 2 2 2 3 4 0 2 7 8 4 7 2 2 6 3 1 1 9 2 8 0 8 1 6 1 4 7 5 1 2 9 4 5 4 5 3 6 3 5 2 3 0 0 2 7 8 9 6 9 7 5 0 9 2 6 3 4 3 6 6 7 1 6 5 6 7 8 0 0 7 2 5 3 9 0 3 7 8 1 8 6 7 6 3 3 1 7 5 0 0 7 3 1 6 3 5 3 4 3 2 2 5 5 1 6 4 6 7 5 0 6 5 6 7 1 1 1 7 5 6 0 9 4 3 1 1 1 0 0 9 2 5 4 0 3 1 5 4 9 0 9 4 6 0 4 0 3 8 2 6 7 0 1 4 8 7 2 2 7 6 5 5 9 2 0 4 4 8 7 4 7 8 4 2 7 9 8 6 4 6 9 9 6 0 9 7 8 0 5 0 3 9 7 5 2 2 1 9 7 8 7 4 4 6 5 4 1 1 3 1 3 2 9 4 8 9 5 4 2 2 9 1 5 3 0 0 6 7 1 5 7 0 5 6 0 0 0 1 5 4 9 2 5 3 1 9 8 8 8 7 8 5 0 9 9 7 4 0 5 7 0 9 7 4 3 2 6 2 0 2 7 8 3 7 7 8 6,cb68ecfc89bab9e461fdbb9305bedcbae5bb2a0b127e4e60b0798ceb58254692
supplement,1,13001,16,0.9192200557103064,5 4 0 1 6 9 9 2 6 6 6 3 1 1 7 0 8 8 5 8 0 9 1 6 5 5 3 4 1 9 8 9 8 3 4 3 3 6 1 6 5 4 4 5 4 9 8 9 9 1 8 7 3 0 4 7 8 9 0 5 1 7 6 2 1 4 3 1 1 3 2 7 9 6 1 7 5 8 6 2 7 1 2 2 2 3 4 0 2 7 8 4 7 2 2 6 3 1 1 9 2 8 0 8 1 6 1 4 7 5 1 2 9 4 5 4 5 3 6 3 5 2 3 0 0 2 7 3 9 6 9 7 5 0 9 2 6 3 4 3 6 6 7 1 6 5 6 7 8 0 0 7 2 5 3 9 0 3 7 8 1 8 6 7 6 3 3 1 7 5 0 0 7 3 1 6 3 5 3 4 3 2 2 5 5 1 6 4 6 7 5 0 6 9 6 7 1 1 1 7 5 6 0 9 4 3 1 1 1 0 0 9 2 5 4 0 3 1 5 4 9 0 9 4 6 0 4 0 3 8 2 6 7 0 1 4 8 7 2 2 7 6 5 5 9 2 0 4 4 8 7 4 7 8 4 3 7 9 8 6 4 6 9 9 6 0 9 1 8 0 5 0 3 9 7 5 2 0 1 9 7 8 7 4 4 6 5 4 1 1 3 1 3 2 9 4 8 5 5 4 2 2 9 1 5 3 0 0 6 7 1 5 7 0 5 6 0 0 0 1 8 4 9 2 5 3 1 9 8 8 8 7 8 5 0 9 8 7 4 0 5 7 0 9 7 4 3 2 6 2 0 2 7 8 3 7 7 3 6,9649c72f6a66c9be507b3aa1ec518cccf21a70bcbbedd3d773b8909a81d8cf07
supplement,1,13001,17,0.9220055710306406,5 4 0 1 6 9 9 2 0 6 6 3 1 1 7 0 8 8 5 8 0 9 1 6 5 5 3 4 1 9 8 9 8 3 4 3 3 6 1 6 5 4 4 5 4 9 8 9 9 1 8 7 3 0 4 7 8 9 0 5 1 7 6 2 1 4 3 1 1 3 2 7 9 6 1 7 5 8 6 2 7 1 2 2 2 3 4 0 2 7 8 4 7 2 2 6 3 1 1 9 2 8 0 7 1 6 1 4 7 5 1 2 9 4 5 4 5 3 6 3 5 2 3 0 0 2 7 3 9 6 9 7 5 0 9 2 6 3 4 3 6 6 7 1 6 5 6 7 8 0 0 7 2 5 3 9 0 3 7 8 1 8 6 7 6 3 3 1 7 5 0 0 7 3 1 6 3 5 8 4 3 2 2 5 5 1 6 4 6 7 5 0 6 9 6 7 1 1 1 7 5 6 0 9 4 3 1 1 1 0 0 9 2 5 4 0 3 1 5 4 9 0 9 4 6 0 4 0 3 8 2 6 7 0 1 4 8 7 2 2 7 6 5 5 9 2 0 4 4 8 7 4 7 8 4 3 7 9 8 6 4 6 9 9 6 0 9 1 8 0 5 0 3 9 7 5 2 2 1 9 7 8 7 4 4 6 5 4 1 1 3 1 3 2 9 4 8 9 5 4 2 2 9 1 5 3 0 0 6 7 1 5 7 0 5 6 0 0 0 1 5 4 9 2 5 3 1 9 8 8 8 7 8 5 0 9 8 7 4 0 5 7 9 9 7 4 3 2 6 2 0 2 7 8 3 7 7 3 6,ff26bead506387ca99328b137d4bd7272aed33676b8996bb6e27cf87fdbd945f
supplement,1,13001,18,0.924791086350975,5 4 0 1 6 9 9 2 6 6 6 3 1 1 7 0 8 8 5 8 0 9 1 6 5 5 3 4 1 9 8 9 8 3 4 3 3 6 1 6 5 4 4 5 4 9 8 9 9 1 8 7 3 0 4 7 8 9 0 5 1 7 6 2 1 4 3 1 1 3 2 7 3 6 1 7 5 8 6 2 7 1 2 2 2 3 4 0 2 7 8 4 7 2 2 6 3 1 1 9 2 8 0 7 1 6 1 4 7 5 1 2 9 4 5 4 5 3 6 3 5 2 3 0 0 2 7 8 9 6 9 7 5 0 9 2 6 3 4 3 6 6 7 1 6 5 6 7 8 0 0 7 2 5 3 9 0 3 7 8 1 8 6 8 6 3 3 1 7 5 0 0 7 3 1 6 3 5 8 4 3 2 2 5 5 8 6 4 6 7 5 0 6 5 6 7 1 1 1 7 5 6 0 9 4 3 1 1 1 0 0 9 2 5 4 0 3 1 5 4 9 0 9 4 6 0 4 0 3 8 2 6 7 0 1 4 8 7 2 2 7 6 5 5 9 2 0 4 4 8 7 4 7 8 4 2 7 9 8 6 4 6 9 9 6 0 9 1 8 0 5 0 3 9 7 5 2 2 1 9 7 8 7 4 4 6 5 4 1 1 3 1 3 2 9 4 8 5 5 4 2 2 9 1 5 3 0 0 6 7 1 5 7 0 5 6 0 0 0 1 5 4 9 2 5 3 1 9 8 8 8 7 8 5 0 9 8 7 4 0 5 7 9 9 7 4 3 2 6 2 0 2 7 8 3 7 7 8 6,9ed2d76d38abd24de6cf2e2a311a7d4947a1b434b70ca17be228485d692c52c3
supplement,1,13001,19,0.9080779944289693,5 4 0 1 6 9 9 2 0 6 1 3 1 1 7 0 8 8 5 8 0 9 1 6 5 5 3 4 1 9 8 9 8 3 4 3 3 6 1 6 5 4 4 5 4 9 8 9 9 1 8 7 9 0 4 7 8 9 0 5 1 7 6 2 1 4 3 1 1 3 2 7 9 6 1 7 5 8 6 2 7 1 2 2 2 3 4 0 2 7 8 4 7 2 2 6 3 1 1 9 2 8 0 7 1 6 1 4 7 5 1 2 1 4 5 4 5 3 6 3 5 2 3 0 0 2 7 8 9 6 9 7 5 0 9 2 6 3 4 3 6 6 7 1 6 5 6 7 8 0 0 7 2 5 3 9 0 3 7 8 1 8 6 8 6 3 3 1 7 5 0 0 7 3 1 6 3 5 8 4 3 2 2 5 5 1 6 4 6 7 5 0 6 9 6 7 1 1 1 7 5 6 0 9 4 3 2 1 1 0 0 9 2 5 4 0 3 1 5 4 9 0 9 4 6 0 4 0 3 8 2 6 7 0 1 4 8 7 2 2 7 6 5 5 9 2 0 4 4 8 7 4 7 8 4 2 7 9 8 6 4 6 9 9 6 0 9 1 8 0 5 0 3 9 7 5 2 0 1 9 7 8 7 4 4 6 5 4 1 1 3 1 3 2 9 4 8 9 5 4 2 2 3 1 5 3 0 0 6 7 1 5 7 0 5 6 0 0 0 1 8 4 9 2 5 3 1 9 8 8 8 7 8 5 0 9 9 7 4 0 5 7 9 9 7 4 3 2 6 2 0 2 7 8 3 7 7 3 6,1b0af253a97c304269d4cd1b93de4de829972367575e0fed3f63da9f3825465f
supplement,1,13001,20,0.9192200557103064,5 4 0 1 6 9 9 2 0 6 4 3 1 1 7 0 8 8 5 8 0 9 1 6 5 5 3 4 1 9 8 9 8 3 4 3 3 6 1 6 5 4 4 5 4 9 8 9 9 1 2 7 3 0 4 7 8 9 0 5 1 7 6 2 1 4 3 1 1 3 2 7 9 6 1 7 5 8 6 2 7 1 2 2 2 3 4 0 2 7 8 4 7 2 2 6 3 1 1 9 2 8 0 7 1 6 1 4 7 5 1 2 1 4 5 4 5 3 6 3 5 2 3 0 0 2 7 8 9 6 9 7 5 0 9 2 6 3 4 3 6 6 7 1 6 5 6 7 8 0 0 7 2 5 3 9 0 3 7 8 1 8 6 8 6 3 3 1 7 5 0 0 7 3 1 6 3 5 8 4 3 2 2 5 5 8 6 4 6 7 5 0 6 5 6 7 1 1 1 7 5 6 0 9 4 3 1 1 1 0 0 9 2 5 4 0 3 1 5 4 9 0 9 4 6 0 4 0 3 8 2 6 7 0 1 4 8 7 2 2 7 6 5 5 9 2 0 4 4 8 7 4 7 8 4 3 7 9 8 6 4 6 9 9 6 0 9 1 8 0 5 0 3 9 7 5 2 0 1 9 7 8 7 4 4 6 5 4 1 1 3 1 3 2 9 4 8 9 5 4 2 2 9 1 5 3 0 0 6 7 1 5 7 0 5 6 0 0 0 8 5 4 9 2 5 3 1 9 8 8 8 7 8 5 0 9 8 7 4 0 5 7 9 9 7 4 3 2 6 2 0 2 7 8 3 7 7 3 6,282f9c19769e5b531711a0ee2227b891c39806a3e3b4a60fe58d65a2bc536ad0
supplement,1,13002,1,0.5766016713091922,9 8 0 1 0 9 7 1 6 8 1 9 1 8 7 0 2 8 3 0 0 9 1 6 9 7 7 4 1 9 3 3 7 3 4 2 3 6 1 6 9 4 4 0 4 9 1 9 9 9 1 7 9 0 4 7 7 3 0 9 1 7 6 1 1 1 9 1 1 8 2 7 3 6 1 7 9 7 4 2 7 1 1 1 2 8 4 0 1 8 8 4 7 2 2 6 9 1 8 9 2 0 0 7 1 6 1 4 4 8 1 2 3 4 5 4 9 3 6 3 5 1 3 0 0 2 7 9 9 6 3 8 5 0 9 2 1 9 4 9 6 8 4 1 6 9 6 7 2 0 0 7 1 9 3 9 0 3 7 5 1 6 8 7 6 9 9 8 4 9 0 0 7 9 2 6 2 7 2 4 3 2 2 3 9 1 6 4 6 7 9 0 6 2 6 7 3 7 8 4 5 6 0 9 4 3 1 1 1 0 4 9 2 5 7 0 2 1 5 4 3 0 9 4 6 4 4 0 9 7 1 4 4 0 1 4 8 7 1 1 4 6 5 8 9 1 0 4 4 7 7 4 4 9 4 1 7 9 3 8 4 6 9 9 6 0 9 1 2 0 9 0 9 9 4 7 2 2 1 9 4 3 7 4 4 1 4 4 1 9 3 9 2 2 9 4 8 4 5 4 2 1 9 1 9 9 0 0 6 8 1 9 7 0 9 1 0 0 0 1 7 4 3 2 9 9 1 9 3 3 9 7 4 9 0 5 9 7 4 0 9 7 0 9 7 4 9 2 0 2 0 1 7 9 3 7 7 9 6,58303d9ad6912be1602ac6e772bd7135f1985c081afec4dc587e64f3fb9ede89
supplement,1,13002,2,0.807799442896936,5 4 0 1 6 9 9 2 0 6 1 3 1 1 7 0 2 9 5 8 0 9 1 6 9 5 1 4 1 9 6 9 7 3 4 3 3 6 1 6 5 4 4 1 4 9 1 9 9 1 1 7 9 0 4 7 7 9 0 5 1 7 6 2 2 4 3 1 1 3 2 7 9 6 1 7 5 9 6 2 7 1 2 2 2 3 4 0 2 7 1 4 7 2 2 6 9 1 9 9 2 8 0 7 1 6 1 4 7 5 1 2 9 4 5 4 9 3 6 3 5 2 3 0 0 2 7 9 9 6 9 7 5 0 9 2 6 9 4 3 6 6 4 1 6 5 6 7 8 0 0 7 2 5 3 9 0 3 7 1 1 2 6 7 6 3 3 9 7 5 0 0 7 9 1 6 3 5 3 4 3 2 2 5 2 1 6 4 6 7 1 9 6 5 6 7 1 1 1 4 5 6 0 9 4 3 1 1 1 0 0 9 2 5 4 0 3 1 5 4 3 0 9 4 6 4 4 0 3 2 2 6 7 0 1 4 8 7 2 1 7 6 5 9 9 2 0 4 4 7 7 4 4 9 4 2 7 9 8 6 4 6 9 9 6 0 9 1 2 0 9 0 3 9 7 5 2 3 1 9 7 3 7 4 4 6 5 4 1 9 3 1 3 1 9 4 5 5 5 4 2 2 9 1 5 3 0 0 6 7 1 5 7 0 9 6 0 0 0 8 7 4 9 2 5 9 1 9 8 6 1 7 4 5 0 9 9 4 4 0 5 7 9 9 7 4 9 2 6 2 0 2 7 3 3 7 7 2 6,17e33d24c1c8e7a5537d0ac044f4963e83d5a60d3d977063590c27fbbff16035
supplement,1,13002,3,0.8551532033426184,5 4 0 1 6 9 9 2 0 6 1 3 1 1 7 0 2 9 5 8 0 9 1 6 9 5 3 4 1 3 8 3 8 3 4 3 3 6 1 6 5 4 4 1 4 9 1 9 9 1 1 7 9 0 4 7 7 9 0 5 1 7 6 2 1 4 3 1 1 3 2 7 9 6 1 7 5 7 6 2 7 1 2 2 2 3 4 0 2 7 1 4 7 2 2 6 3 1 1 9 2 8 0 7 1 6 1 4 7 5 1 2 9 4 5 4 5 3 6 3 5 2 3 0 0 2 7 9 9 6 3 7 5 0 9 2 6 9 4 3 6 6 4 1 6 5 6 7 8 0 0 7 2 5 3 9 0 3 7 1 1 8 6 7 6 3 3 1 7 5 0 0 7 3 1 6 3 5 3 4 3 2 2 5 5 1 6 4 6 7 5 9 6 5 6 7 4 1 1 4 5 6 0 9 4 3 1 1 1 0 0 9 2 5 4 0 3 1 5 4 9 0 9 4 6 0 4 0 3 7 2 6 7 0 1 4 8 7 2 1 7 6 5 6 9 2 0 4 4 7 7 4 4 8 4 7 7 9 8 6 4 6 9 9 6 0 9 1 2 0 5 0 3 9 7 5 2 3 1 9 7 8 7 4 4 6 5 4 1 1 3 1 3 2 9 4 8 9 5 4 2 2 9 1 5 3 0 0 6 7 1 5 7 0 5 6 0 0 0 8 7 4 1 2 5 3 1 9 8 8 2 7 8 5 0 9 9 7 4 0 5 7 0 9 7 4 3 2 6 2 0 2 7 3 3 7 7 3 6,53bd321c4af9df0b91bb8cd68c7fb2db825112f01d8a4aed3dbdc961b8143e3b
supplement,1,13002,4,0.8662952646239555,5 4 0 1 6 9 9 2 0 6 1 3 1 1 7 0 8 9 5 8 0 9 1 6 9 5 3 4 1 3 8 9 8 3 4 3 3 6 1 6 5 4 4 1 4 9 1 9 9 1 1 7 9 0 4 7 7 9 0 5 1 7 6 2 1 4 3 1 1 3 2 7 9 6 1 7 5 7 6 2 7 1 2 2 2 3 4 0 3 7 1 4 7 2 2 6 3 1 1 9 2 8 0 7 1 6 1 4 7 5 1 2 9 4 5 4 5 3 6 3 5 2 3 0 0 2 7 9 9 6 9 7 5 0 9 2 6 3 4 3 6 6 4 1 6 5 6 7 8 0 0 7 2 5 3 9 0 3 7 7 1 6 6 7 6 3 3 1 7 5 0 0 7 3 1 6 3 5 3 4 3 2 2 5 5 1 6 4 6 7 5 9 6 9 6 7 4 1 1 7 7 6 0 9 4 3 2 1 1 0 0 9 2 5 4 0 3 1 5 4 9 0 9 4 6 0 4 0 3 7 2 6 7 0 1 4 8 7 2 2 7 6 5 5 9 2 0 4 4 1 7 4 7 3 4 7 7 9 8 6 4 6 9 9 6 0 9 7 3 0 5 0 3 9 7 5 2 3 1 9 7 8 7 4 4 6 5 4 1 1 3 1 3 2 9 4 8 9 5 4 2 2 3 1 5 3 0 0 6 7 1 5 7 0 5 6 0 0 0 8 7 4 9 2 5 3 1 9 8 8 8 7 8 5 0 9 9 7 4 0 5 7 9 9 7 4 3 2 6 2 0 2 7 3 3 7 7 3 6,39c528368630dd3b28f8e292c0d9fa71f3c8b8b9ef26d563644df51b0cbc2986
supplement,1,13002,5,0.8579387186629527,5 4 0 1 6 9 9 2 0 6 1 3 1 1 7 0 8 9 5 8 0 9 1 6 9 5 3 4 1 9 8 9 8 3 4 3 3 6 1 6 5 4 4 5 4 9 1 9 9 1 1 7 9 0 4 7 7 9 0 5 1 7 6 2 2 4 3 1 1 3 2 7 9 6 1 7 5 7 6 2 7 1 2 2 2 3 4 0 3 7 8 4 7 2 2 6 3 1 1 9 2 8 0 7 1 6 1 4 7 5 1 2 1 4 5 4 5 3 6 3 5 2 3 0 0 2 7 3 9 6 9 7 5 0 9 2 6 3 4 3 6 6 4 1 6 9 6 7 8 0 0 7 2 5 3 9 0 3 7 7 1 6 6 8 6 3 3 1 7 5 0 0 7 3 1 6 3 5 3 4 3 2 2 5 5 8 6 4 6 7 5 3 6 9 6 7 1 1 1 7 7 6 0 9 4 3 2 1 1 0 0 9 2 5 4 0 3 1 5 4 3 0 9 4 6 0 4 0 3 7 2 6 7 0 1 4 8 7 2 2 7 6 5 5 9 2 0 4 4 8 7 4 7 3 4 2 7 9 8 6 4 6 9 9 6 0 9 1 8 0 9 0 3 9 7 5 2 3 1 9 7 8 7 4 4 6 5 4 1 1 3 1 3 2 9 4 8 9 5 4 2 2 3 1 5 3 0 0 6 7 1 5 7 0 5 6 0 0 0 8 7 4 7 2 5 3 1 9 8 8 8 7 8 5 0 9 9 7 4 0 5 7 0 9 7 4 3 2 6 2 0 2 7 3 3 7 7 3 6,7833067c47b309a7f815bf54f9875eb1ab09fab3c8e6fb063044c394acd76402
supplement,1,13002,6,0.8746518105849582,5 4 0 1 6 9 9 2 0 6 6 3 1 1 7 0 8 9 5 8 0 9 1 6 9 5 3 4 1 9 8 9 8 3 4 3 3 6 1 6 5 4 4 5 4 9 8 9 9 1 1 7 9 0 4 7 8 9 0 5 8 7 6 2 2 4 3 1 1 3 2 7 9 6 1 7 5 7 6 2 7 1 2 2 2 3 4 0 2 7 1 4 7 2 2 6 3 1 1 9 2 8 0 7 1 6 1 4 7 5 1 2 9 4 5 4 5 3 6 3 5 2 3 0 0 2 7 3 9 6 9 7 5 0 9 2 6 3 4 3 6 6 7 1 6 9 6 7 8 0 0 7 2 5 3 9 0 3 7 8 8 8 6 8 6 3 3 9 7 5 0 0 7 3 2 6 3 5 3 4 3 2 2 5 5 8 6 4 6 7 5 0 6 5 6 7 1 1 1 4 5 6 0 9 4 3 2 1 1 0 0 9 2 5 4 0 3 1 5 4 9 0 9 4 6 0 4 0 3 7 2 6 7 0 1 4 8 7 2 2 7 6 5 5 9 2 0 4 4 7 7 4 7 3 4 2 7 9 8 6 4 6 9 9 6 0 9 7 8 0 5 0 3 9 7 5 2 2 1 9 7 8 7 4 4 6 5 4 1 9 3 1 3 2 9 4 8 9 5 4 2 2 3 1 5 3 0 0 6 7 1 5 7 0 5 6 0 0 0 8 7 4 9 2 5 3 1 9 8 8 5 7 8 5 0 9 9 7 4 0 5 7 9 9 7 4 3 2 6 2 0 2 7 8 3 7 7 3 6,0a7f9cbb9511110a95435247346a31aa9f8e8cc85872d72b75e29cc761fe52dc
supplement,1,13002,7,0.8913649025069638,5 4 0 1 6 9 9 2 0 6 1 3 1 1 7 0 8 8 5 8 0 9 1 6 5 5 3 4 1 9 8 9 8 3 4 3 3 6 1 6 5 4 4 5 4 9 8 9 9 1 1 7 3 0 4 7 7 9 0 5 8 7 6 2 2 4 3 1 1 3 2 7 9 6 1 7 5 7 6 2 7 1 2 2 2 3 4 0 2 7 8 4 7 2 2 6 3 1 1 9 2 8 0 7 1 6 1 4 7 5 1 2 9 4 5 4 5 3 6 3 5 2 3 0 0 2 7 3 9 6 9 7 5 0 9 2 6 3 4 3 6 6 7 1 6 5 6 7 8 0 0 7 2 5 3 9 0 3 7 8 8 8 6 8 6 3 3 1 7 5 0 0 7 3 1 6 3 5 3 4 3 2 2 5 5 8 6 4 6 7 5 0 6 9 6 7 1 1 1 7 5 6 0 9 4 3 2 1 1 0 0 9 2 5 4 0 3 1 5 4 9 0 9 4 6 0 4 0 3 8 2 6 7 0 1 4 8 7 2 2 7 6 5 5 9 2 0 4 4 8 7 4 7 8 4 7 7 9 8 6 4 6 9 9 6 0 9 7 8 0 5 0 3 9 7 5 2 3 1 9 7 8 7 4 4 6 5 4 1 1 3 1 3 2 9 4 8 9 5 4 2 2 3 1 5 3 0 0 6 7 1 5 7 0 5 6 0 0 0 8 7 4 9 2 5 3 1 9 8 8 8 7 8 5 0 9 9 7 4 0 5 7 9 9 7 4 3 2 6 2 0 2 7 8 3 7 7 3 6,026b204b742bfd808536acb8d30ae27e017e7b8d65bc3785a1096dfd04155933
supplement,1,13002,8,0.8857938718662952,5 4 0 1 6 9 9 2 0 6 4 3 1 1 7 0 8 9 5 8 0 9 1 6 5 5 3 4 1 9 8 9 8 3 4 3 3 6 1 6 5 4 4 5 4 9 8 9 9 1 1 7 3 0 4 7 7 9 0 5 8 7 6 2 2 4 3 1 1 3 2 7 9 6 1 7 5 5 6 2 7 1 2 2 2 3 4 0 2 7 8 4 7 2 2 6 3 1 1 9 2 8 0 7 1 6 1 4 7 5 1 2 9 4 5 4 5 3 6 3 5 2 3 0 0 2 7 3 9 6 9 7 5 0 9 2 6 3 4 3 6 6 7 1 6 5 6 7 8 0 0 7 2 5 3 9 0 3 7 8 1 8 6 8 6 3 3 1 7 5 0 0 7 3 2 6 3 5 3 4 3 2 2 5 5 8 6 4 6 7 5 3 6 5 6 7 1 1 1 7 7 6 0 9 4 3 2 1 1 0 0 9 2 5 4 0 3 1 5 4 3 0 9 4 6 0 4 0 3 7 2 6 7 0 1 4 8 7 2 2 7 6 5 5 9 2 0 4 4 8 7 4 7 3 4 2 7 9 8 6 4 6 9 9 6 0 9 7 8 0 5 0 3 9 7 5 2 3 1 9 7 8 7 4 4 6 5 4 1 1 3 1 3 2 9 4 8 5 5 4 2 2 3 1 5 3 0 0 6 7 1 5 7 0 5 6 0 0 0 8 7 4 7 2 5 3 1 9 8 8 8 7 8 5 0 9 3 7 4 0 5 7 9 9 7 4 3 2 6 2 0 2 7 8 3 7 7 8 6,26726d62101a4e2885ead9abaca715c01c7a7bac6b99d7c1bdc54d96bd889bb0
supplement,1,13002,9,0.8941504178272981,5 4 0 1 6 9 9 2 0 6 1 3 1 1 7 0 8 9 5 8 0 9 1 6 5 5 3 4 1 9 8 9 8 3 4 3 3 6 1 6 5 4 4 5 4 9 8 9 9 1 8 7 3 0 4 7 7 9 0 5 1 7 6 2 2 4 3 1 1 3 2 7 9 6 1 7 5 8 6 2 7 1 2 2 2 3 4 0 2 7 8 4 7 2 2 6 3 1 1 9 2 8 0 7 1 6 1 4 7 5 1 2 1 4 5 4 5 3 6 3 5 2 3 0 0 2 7 8 9 6 9 7 5 0 9 2 6 3 4 3 6 6 7 1 6 5 6 7 8 0 0 7 2 5 3 9 0 3 7 8 8 8 6 8 6 3 3 1 7 5 0 0 7 3 2 6 3 5 3 4 3 2 2 5 5 8 6 4 6 7 5 0 6 5 6 7 1 1 1 7 5 6 0 9 4 3 2 1 1 0 0 9 2 5 4 0 3 1 5 4 9 0 9 4 6 0 4 0 3 8 2 6 7 0 1 4 8 7 2 2 7 6 5 5 9 2 0 4 4 8 7 4 7 8 4 2 7 9 8 6 4 6 9 9 6 0 9 1 8 0 5 0 3 9 7 5 2 3 1 9 7 8 7 4 4 6 5 4 1 9 3 1 3 2 9 4 8 9 5 4 2 2 3 1 5 3 0 0 6 7 1 5 7 0 5 6 0 0 0 8 7 4 9 2 5 3 1 9 8 8 8 7 8 5 0 9 9 7 4 0 5 7 9 9 7 4 3 2 6 2 0 2 7 8 3 7 7 8 6,396b57beb7e6dbb84395f48dff0d530549c8a783d2c387faf3c8cb62c1363726
supplement,1,13002,10,0.9052924791086351,5 4 0 1 6 9 9 2 0 6 4 3 1 1 7 0 8 9 5 8 0 9 1 6 5 5 3 4 1 9 8 9 8 3 4 3 3 6 1 6 5 4 4 5 4 9 8 9 9 1 8 7 9 0 4 7 8 9 0 5 8 7 6 2 1 4 3 1 1 3 2 7 9 6 1 7 5 7 6 2 7 1 2 2 2 3 4 0 2 7 1 4 7 2 2 6 3 1 1 9 2 8 0 7 1 6 1 4 7 5 1 2 1 4 5 4 5 3 6 3 5 2 3 0 0 2 7 3 9 6 9 7 5 0 9 2 6 3 4 3 6 6 7 1 6 5 6 7 8 0 0 7 2 5 3 9 0 3 7 8 1 8 6 8 6 3 3 1 7 5 0 0 7 3 1 6 3 5 3 4 3 2 2 5 5 1 6 4 6 7 5 3 6 5 6 7 1 1 1 7 8 6 0 9 4 3 2 1 1 0 0 9 2 5 4 0 3 1 5 4 9 0 9 4 6 0 4 0 3 7 2 6 7 0 1 4 8 7 2 2 7 6 5 5 9 2 0 4 4 8 7 4 7 3 4 2 7 9 8 6 4 6 9 9 6 0 9 1 8 0 5 0 3 9 7 5 2 3 1 9 7 8 7 4 4 6 5 4 1 1 3 1 3 2 9 4 8 5 5 4 2 2 3 1 5 3 0 0 6 7 1 5 7 0 5 6 0 0 0 8 7 4 9 2 5 3 1 9 8 8 8 7 8 5 0 9 3 7 4 0 5 7 9 9 7 4 3 2 6 2 0 2 7 8 3 7 7 3 6,4683b74a20e1e14e0bce2420fd95672f5c81b01d3e8ad220d35a6cb8b4a97d5c
supplement,1,13002,11,0.8997214484679665,5 4 0 1 6 9 9 2 6 6 6 3 1 1 7 0 8 9 5 8 0 9 1 6 5 5 3 4 1 9 8 9 8 3 4 3 3 6 1 6 5 4 4 5 4 9 8 9 9 1 1 7 9 0 4 7 8 9 0 5 1 7 6 2 1 4 3 1 1 3 2 7 9 6 1 7 5 7 6 2 7 1 2 2 2 3 4 0 2 7 8 4 7 2 2 6 3 1 1 9 2 8 0 7 1 6 1 4 7 5 1 2 1 4 5 4 5 3 6 3 5 2 3 0 0 2 7 3 9 6 9 7 5 0 9 2 6 3 4 3 6 6 7 1 6 5 6 7 8 0 0 7 2 5 3 9 0 3 7 8 8 8 6 8 6 3 3 1 7 5 0 0 7 3 1 6 3 5 3 4 3 2 2 5 5 8 6 4 6 7 5 3 6 5 6 7 1 1 1 7 5 6 0 9 4 3 2 1 1 0 0 9 2 5 4 0 3 1 5 4 9 0 9 4 6 0 4 0 3 7 2 6 7 0 1 4 8 7 2 2 7 6 5 5 9 2 0 4 4 8 7 4 7 3 4 2 7 9 8 6 4 6 9 9 6 0 9 1 8 0 5 0 3 9 7 5 2 3 1 9 7 8 7 4 4 6 5 4 1 1 3 1 3 2 9 4 8 5 5 4 2 2 9 1 5 3 0 0 6 7 1 5 7 0 5 6 0 0 0 8 7 4 9 2 5 3 1 9 8 8 8 7 8 5 0 9 9 7 4 0 5 7 9 9 7 4 3 2 6 2 0 2 7 8 3 7 7 8 6,dd141f175c11ecd00d871e2b360c1d14d3cf633dbab5f654f6416280b62f6ece
supplement,1,13002,12,0.8997214484679665,5 4 0 1 6 9 9 2 0 6 4 3 1 1 7 0 8 9 5 8 0 9 1 6 5 5 3 4 1 9 8 9 8 3 4 3 3 6 1 6 5 4 4 5 4 9 8 9 9 1 1 7 9 0 4 7 8 9 0 5 1 7 6 2 1 4 3 1 1 3 2 7 9 6 1 7 5 5 6 2 7 1 2 2 2 3 4 0 2 7 1 4 7 2 2 6 3 1 1 9 2 8 0 7 1 6 1 4 7 5 1 2 1 4 5 4 5 3 6 3 5 2 3 0 0 2 7 3 9 6 9 7 5 0 9 2 6 3 4 3 6 6 7 1 6 5 6 7 8 0 0 7 2 5 3 9 0 3 7 8 8 8 6 8 6 3 3 1 7 5 0 0 7 3 1 6 3 5 3 4 3 2 2 5 5 1 6 4 6 7 5 0 6 5 6 7 1 1 1 7 8 6 0 9 4 3 2 1 1 0 0 9 2 5 4 0 3 1 5 4 9 0 9 4 6 0 4 0 3 8 2 6 7 0 1 4 8 7 2 2 7 6 5 5 9 2 0 4 4 8 7 4 7 8 4 2 7 9 8 6 4 6 9 9 6 0 9 7 8 0 5 0 3 9 7 5 2 3 1 9 7 8 7 4 4 6 5 4 1 1 3 1 3 2 9 4 8 9 5 4 2 2 9 1 5 3 0 0 6 7 1 5 7 0 5 6 0 0 0 8 5 4 9 2 5 3 1 9 8 8 8 7 8 5 0 9 9 7 4 0 5 7 9 9 7 4 3 2 6 2 0 2 7 8 3 7 7 8 6,c0107ae636ff1b13aba56485876d86b7ddeb1970956b8eafe813e606957574df
supplement,1,13002,13,0.9025069637883009,5 4 0 1 6 9 9 2 0 6 1 3 1 1 7 0 8 9 5 8 0 9 1 6 5 5 3 4 1 9 8 9 8 3 4 3 3 6 1 6 5 4 4 5 4 9 8 9 9 1 8 7 3 0 4 7 8 9 0 5 1 7 6 2 2 4 3 1 1 3 2 7 9 6 1 7 5 5 6 2 7 1 2 2 2 3 4 0 2 7 1 4 7 2 2 6 3 1 1 9 2 8 0 7 1 6 1 4 7 5 1 2 1 4 5 4 5 3 6 3 5 2 3 0 0 2 7 3 9 6 9 7 5 0 9 2 6 3 4 3 6 6 7 1 6 5 6 7 8 0 0 7 2 5 3 9 0 3 7 8 8 8 6 8 6 3 3 1 7 5 0 0 7 3 1 6 3 5 3 4 3 2 2 5 5 1 6 4 6 7 5 3 6 9 6 7 1 1 1 7 5 6 0 9 4 3 2 1 1 0 0 9 2 5 4 0 3 1 5 4 9 0 9 4 6 0 4 0 3 8 2 6 7 0 1 4 8 7 2 2 7 6 5 5 9 2 0 4 4 8 7 4 7 3 4 2 7 9 8 6 4 6 9 9 6 0 9 1 8 0 5 0 3 9 7 5 2 2 1 9 7 8 7 4 4 6 5 4 1 9 3 1 3 2 9 4 8 5 5 4 2 2 9 1 5 3 0 0 6 7 1 5 7 0 5 6 0 0 0 8 5 4 9 2 5 3 1 9 8 8 8 7 8 5 0 9 3 7 4 0 5 7 9 9 7 4 3 2 6 2 0 2 7 8 3 7 7 8 6,ed9a6a56ed810481b9afc6eee3e40fae5bd1171b238bdc949c99683bd7988d7f
supplement,1,13002,14,0.9108635097493036,5 4 0 1 6 9 9 2 0 6 6 3 1 1 7 0 8 9 5 8 0 3 1 6 5 5 3 4 1 9 8 9 8 3 4 3 3 6 1 6 5 4 4 5 4 9 8 9 9 8 8 7 3 0 4 7 8 9 0 5 1 7 6 2 2 4 3 1 1 3 2 7 9 6 1 7 5 9 6 2 7 1 2 2 2 3 4 0 2 7 8 4 7 2 2 6 3 1 1 9 2 8 0 7 1 6 1 4 7 5 1 2 9 4 5 4 5 3 6 3 5 2 3 0 0 2 7 3 9 6 9 7 5 0 9 2 6 3 4 3 6 6 7 1 6 5 6 7 8 0 0 7 2 5 3 9 0 3 7 8 1 8 6 8 6 3 3 9 7 5 0 0 7 3 1 6 3 5 3 4 3 2 2 5 5 8 6 4 6 7 5 0 6 9 6 7 1 1 1 7 8 6 0 9 4 3 2 1 1 0 0 9 2 5 4 0 3 1 5 4 9 0 9 4 6 0 4 0 3 8 2 6 7 0 1 4 8 7 2 2 7 6 5 5 9 2 0 4 4 8 7 4 7 3 4 2 7 9 8 6 4 6 9 9 6 0 9 1 8 0 5 0 3 9 7 5 2 2 1 9 7 8 7 4 4 6 5 4 1 1 3 1 3 2 9 4 8 9 5 4 2 2 9 1 5 3 0 0 6 7 1 5 7 0 5 6 0 0 0 8 5 4 9 2 5 3 1 9 8 8 8 7 8 5 0 9 9 7 4 0 5 7 9 9 7 4 3 2 6 2 0 2 7 8 3 7 7 3 6,9d3c37a7c244f243bf62381b9281509ef2b79c11a495e86e6d95226c8e3eeee1
supplement,1,13002,15,0.9164345403899722,5 4 0 1 6 9 9 2 0 6 4 3 1 1 7 0 8 9 5 8 0 9 1 6 5 5 3 4 1 9 8 9 8 3 4 3 3 6 1 6 5 4 4 5 4 9 8 9 9 1 8 7 9 0 4 7 8 9 0 5 8 7 6 2 1 4 3 1 1 3 2 7 9 6 1 7 5 5 6 2 7 1 2 2 2 3 4 0 2 7 1 4 7 2 2 6 3 1 1 9 2 8 0 7 1 6 1 4 7 5 1 2 9 4 5 4 5 3 6 3 5 2 3 0 0 2 7 3 9 6 9 7 5 0 9 2 6 3 4 3 6 6 7 1 6 5 6 7 8 0 0 7 2 5 3 9 0 3 7 8 1 8 6 8 6 3 3 1 7 5 0 0 7 3 1 6 3 5 3 4 3 2 2 5 5 8 6 4 6 7 5 3 6 9 6 7 1 1 1 7 8 6 0 9 4 3 2 1 1 0 0 9 2 5 4 0 3 1 5 4 9 0 9 4 6 0 4 0 3 8 2 6 7 0 1 4 8 7 2 2 7 6 5 5 9 2 0 4 4 8 7 4 7 3 4 2 7 9 8 6 4 6 9 9 6 0 9 1 8 0 5 0 3 9 7 5 2 2 1 9 7 8 7 4 4 6 5 4 1 1 3 1 3 2 9 4 8 5 5 4 2 2 9 1 5 3 0 0 6 7 1 5 7 0 5 6 0 0 0 8 5 4 9 2 5 3 1 9 8 8 8 7 8 5 0 9 9 7 4 0 5 7 9 9 7 4 3 2 6 2 0 2 7 8 3 7 7 3 6,55728b1d84f38f3607e4c040e4e3470004ca38b214c8463746d2b53b7c64c84f
supplement,1,13002,16,0.9108635097493036,5 4 0 1 6 9 9 2 0 6 4 3 1 1 7 0 8 9 5 8 0 9 1 6 5 5 3 4 1 9 8 9 8 3 4 3 3 6 1 6 5 4 4 5 4 9 8 9 9 1 8 7 3 0 4 7 8 9 0 5 1 7 6 2 1 4 3 1 1 3 2 7 9 6 1 7 5 9 6 2 7 1 2 2 2 3 4 0 2 7 8 4 7 2 2 6 3 1 1 9 2 8 0 7 1 6 1 4 7 5 1 2 9 4 5 4 5 3 6 3 5 2 3 0 0 2 7 8 9 6 9 7 5 0 9 2 6 3 4 3 6 6 7 1 6 5 6 7 8 0 0 7 2 5 3 9 0 3 7 8 1 8 6 8 6 3 3 1 7 5 0 0 7 3 1 6 3 5 3 4 3 2 2 5 5 1 6 4 6 7 5 3 6 9 6 7 1 1 1 7 5 6 0 9 4 3 2 1 1 0 0 9 2 5 4 0 3 1 5 4 9 0 9 4 6 0 4 0 3 8 2 6 7 0 1 4 8 7 2 2 7 6 5 5 9 2 0 4 4 8 7 4 7 3 4 2 7 9 8 6 4 6 9 9 6 0 9 1 8 0 5 0 3 9 7 5 2 2 1 9 7 8 7 4 4 6 5 4 1 1 3 1 3 2 9 4 8 9 5 4 2 2 9 1 5 3 0 0 6 7 1 5 7 0 5 6 0 0 0 8 7 4 9 3 5 3 1 9 8 8 8 7 8 5 0 9 9 7 4 0 5 7 9 9 7 4 3 2 6 2 0 2 7 8 3 7 7 8 6,b558e7768d4d3a4b07b33697a82449ebc1bc9c3fddfaba13b36e0fe6c5f39fc5
supplement,1,13002,17,0.9108635097493036,5 4 0 1 6 9 9 2 0 6 6 3 1 1 7 0 8 9 5 8 0 9 1 6 5 5 3 4 1 9 8 9 8 3 4 3 3 6 1 6 5 4 4 5 4 9 8 9 9 1 8 7 9 0 4 7 8 9 0 5 1 7 6 2 1 4 3 1 1 3 2 7 9 6 1 7 5 9 6 2 7 1 2 2 2 3 4 0 2 7 8 4 7 2 2 6 3 1 1 9 2 8 0 7 1 6 1 4 7 5 1 2 1 4 5 4 5 3 6 3 5 2 3 0 0 2 7 3 9 6 9 7 5 0 9 2 6 3 4 3 6 6 7 1 6 5 6 7 8 0 0 7 2 5 3 9 0 3 7 8 1 8 6 8 6 3 3 1 7 5 0 0 8 3 1 6 3 5 3 4 3 2 2 5 5 8 6 4 6 7 5 3 6 9 6 7 1 1 1 7 8 6 0 9 4 3 2 1 1 0 0 9 2 5 4 0 3 1 5 4 9 0 9 4 6 0 4 0 3 7 2 6 7 0 1 4 8 7 2 2 7 6 5 5 9 2 0 4 4 8 7 4 7 8 4 2 7 9 8 6 4 6 9 9 6 0 9 1 8 0 5 0 3 9 7 5 2 3 1 9 7 8 7 4 4 6 5 4 1 1 3 1 3 2 9 4 8 9 5 4 2 2 9 1 5 3 0 0 6 7 1 5 7 0 5 6 0 0 0 8 7 4 9 2 5 3 1 9 8 8 8 7 8 5 0 9 9 7 4 0 5 7 9 9 7 4 3 2 6 2 0 2 7 8 3 7 7 8 6,157470370f385db882e8015952f35c83939cff751548b698a0860b8582e83faa
supplement,1,13002,18,0.9136490250696379,5 4 0 1 6 9 9 2 0 6 4 3 1 1 7 0 8 9 5 8 0 9 1 6 5 5 3 4 1 9 8 9 8 3 4 3 3 6 1 6 5 4 4 5 4 9 8 9 9 1 8 7 3 0 4 7 8 9 0 5 1 7 6 2 1 4 3 1 1 3 2 7 9 6 1 7 5 5 6 2 7 1 2 2 2 3 4 0 2 7 8 4 7 2 2 6 3 1 1 9 2 8 0 7 1 6 1 4 7 5 1 2 1 4 5 4 5 3 6 3 5 2 3 0 0 2 7 3 9 6 9 7 5 0 9 2 6 3 4 3 6 6 7 1 6 5 6 7 8 0 0 7 2 5 3 9 0 3 7 8 8 8 6 8 6 3 3 1 7 5 0 0 7 3 1 6 3 5 8 4 3 2 2 5 5 1 6 4 6 7 5 3 6 9 6 7 1 1 1 7 5 6 0 9 4 3 2 1 1 0 0 9 2 5 4 0 3 1 5 4 9 0 9 4 6 0 4 0 3 8 2 6 7 0 1 4 8 7 2 2 7 6 5 5 9 2 0 4 4 8 7 4 7 8 4 2 7 9 8 6 4 6 9 9 6 0 9 1 8 0 5 0 3 9 7 5 2 2 1 9 7 8 7 4 4 6 5 4 1 1 3 1 3 2 9 4 8 5 5 4 2 2 9 1 5 3 0 0 6 7 1 5 7 0 5 6 0 0 0 8 7 4 9 2 5 3 1 9 8 8 8 7 8 5 0 9 9 7 4 0 5 7 9 9 7 4 3 2 6 2 0 2 7 8 3 7 7 3 6,20575b30e8b6badaf33691cf03e0461eb3463763d486e51d7955569fec34ac92
supplement,1,13002,19,0.9136490250696379,5 4 0 1 6 9 9 2 0 6 4 3 1 1 7 0 8 9 5 8 0 9 1 6 5 5 3 4 1 9 8 9 8 3 4 3 3 6 1 6 5 4 4 5 4 9 8 9 9 1 8 7 3 0 4 7 8 9 0 5 1 7 6 2 1 4 3 1 1 3 2 7 9 6 1 7 5 8 6 2 7 1 2 2 2 3 4 0 2 7 8 4 7 2 2 6 3 1 1 9 2 8 0 7 1 6 1 4 7 5 1 2 1 4 5 4 5 3 6 3 5 2 3 0 0 2 7 3 9 6 9 7 5 0 9 2 6 9 4 3 6 6 7 1 6 5 6 7 8 0 0 7 2 5 3 9 0 3 7 8 1 8 6 8 6 3 3 1 7 5 0 0 7 3 1 6 3 5 8 4 3 2 2 5 5 8 6 4 6 7 5 3 6 5 6 7 1 1 1 7 8 6 0 9 4 3 2 1 1 0 0 9 2 5 4 0 3 1 5 4 9 0 9 4 6 0 4 0 3 8 2 6 7 0 1 4 8 7 2 2 7 6 5 5 9 2 0 4 4 8 7 4 7 8 4 2 7 9 8 6 4 6 9 9 6 0 9 1 8 0 5 0 3 9 7 5 2 2 1 9 7 8 7 4 4 6 5 4 1 1 3 1 3 2 9 4 8 9 5 4 2 2 3 1 5 3 0 0 6 7 1 5 7 0 5 6 0 0 0 8 5 4 9 2 5 3 1 9 8 8 8 7 8 5 0 9 9 7 4 0 5 7 9 9 7 4 3 2 6 2 0 2 7 8 3 7 7 8 6,023ae7abc10bd67f7ca8bc78fb31766570b52dce41165094fea26a80f5658cef
supplement,1,13002,20,0.9052924791086351,5 4 0 1 6 9 9 2 6 6 6 3 1 1 7 0 8 9 5 8 0 9 1 6 5 5 3 4 1 9 8 9 8 3 4 3 3 6 1 6 5 4 4 5 4 9 8 9 9 1 8 7 9 0 4 7 8 9 0 5 1 7 6 2 1 4 3 1 1 3 2 7 9 6 1 7 5 8 6 2 7 1 2 2 2 3 4 0 2 7 8 4 7 2 2 6 3 1 1 9 2 8 0 7 1 6 1 4 7 5 1 2 1 4 5 4 5 3 6 3 5 2 3 0 0 2 7 8 9 6 9 7 5 0 9 2 6 3 4 3 6 6 7 1 6 5 6 7 8 0 0 7 2 5 3 9 0 3 7 8 8 8 6 8 6 3 3 1 7 5 0 0 7 3 1 6 3 5 8 4 3 2 2 5 8 1 6 4 6 7 5 3 6 9 6 7 1 1 1 7 8 6 0 9 4 3 2 1 1 0 0 9 2 5 4 0 3 1 5 4 9 0 9 4 6 0 4 0 3 8 2 6 7 0 1 4 8 7 2 2 7 6 5 5 9 2 0 4 4 8 7 4 7 3 4 2 7 9 8 6 4 6 9 9 6 0 9 1 8 0 5 0 3 9 7 5 2 9 1 9 7 8 7 4 4 6 5 4 1 1 3 1 3 2 9 4 8 9 5 4 2 2 9 1 5 3 0 0 6 7 1 5 7 0 5 6 0 0 0 8 7 4 9 2 5 3 1 9 8 8 8 7 8 5 0 9 9 7 4 0 5 7 9 9 7 4 3 2 6 2 0 2 7 8 3 7 7 8 6,9d6c3a6fa477bb5e2df62e51b74841d28ff1f3f0dc14b1b8aa24f41590a1c7ad
supplement,1,13003,1,0.4735376044568245,5 4 0 1 1 9 0 0 6 8 4 3 1 1 7 0 2 9 0 9 0 9 1 6 0 1 7 0 1 0 1 9 9 3 1 3 3 6 1 0 9 4 0 8 4 9 6 3 9 3 1 7 3 1 0 7 7 3 0 9 7 7 6 1 5 9 3 1 1 3 3 7 3 0 7 7 9 9 6 4 3 8 1 1 1 3 1 6 3 1 1 0 7 1 1 6 3 4 9 9 3 6 9 4 9 6 7 6 7 9 1 1 9 4 9 9 3 3 6 3 9 1 3 0 0 3 7 8 9 6 9 7 9 0 9 3 6 0 4 3 1 6 7 1 6 5 6 7 9 0 0 7 4 5 3 6 8 3 7 7 1 1 6 7 4 3 3 9 7 5 0 0 7 3 5 6 3 0 3 4 3 3 3 5 9 1 6 6 6 7 9 6 6 0 6 2 6 1 9 1 7 6 0 9 1 3 1 1 1 0 9 3 3 7 1 0 3 1 9 6 9 0 9 6 6 0 4 0 3 4 3 6 7 6 9 1 3 9 1 1 7 6 7 0 9 1 0 1 6 3 7 6 7 2 4 3 7 9 2 6 0 6 1 3 6 0 9 7 4 0 0 0 3 3 7 5 3 9 8 3 7 3 9 1 6 6 1 1 1 9 3 9 3 3 9 0 3 9 9 1 1 4 1 1 0 3 0 0 6 7 1 9 7 9 0 1 0 1 9 1 7 1 7 9 9 3 1 9 6 2 3 7 9 7 0 0 5 7 4 0 9 7 9 9 7 7 3 3 6 1 8 4 7 3 3 6 7 5 0,8a1f4e2429b2c34257e78dda6f33c033b4fad6c52bd3a4d244374695044b56d6
supplement,1,13003,2,0.7743732590529248,5 4 0 1 6 9 3 3 0 1 4 3 1 1 7 0 8 9 0 8 0 9 1 6 5 5 7 4 1 9 8 9 1 3 4 3 3 6 1 6 5 4 4 8 4 9 8 9 9 8 1 7 3 0 4 7 7 9 0 1 1 7 6 1 1 1 3 1 1 3 2 7 9 0 1 7 5 9 6 2 7 8 2 1 2 3 4 0 3 7 1 4 7 2 1 6 3 4 9 9 3 1 0 7 1 6 1 4 7 5 1 1 9 4 5 4 5 3 0 3 5 1 3 0 0 2 7 8 9 6 9 7 5 0 9 2 6 3 4 3 6 6 4 1 6 5 6 7 8 0 0 7 1 5 3 9 0 3 7 7 7 8 6 7 4 3 3 9 7 5 0 0 7 3 1 6 3 5 3 4 3 2 3 5 1 1 6 4 6 7 5 0 6 9 6 7 1 1 1 1 7 6 0 9 4 3 1 1 1 0 0 9 3 5 1 0 3 1 5 4 9 0 9 4 6 0 4 0 3 7 2 6 7 0 9 4 3 7 2 1 7 6 5 5 9 1 0 4 4 3 7 4 4 3 4 3 7 9 2 6 4 6 9 9 6 0 9 1 8 0 5 0 3 9 7 5 2 9 1 9 7 2 4 4 4 6 5 4 1 9 3 9 3 2 9 4 3 9 5 4 2 2 9 1 5 3 0 0 6 7 1 5 7 0 5 6 0 0 0 1 7 4 7 9 5 3 1 9 2 0 5 7 1 5 0 9 9 4 4 0 5 7 9 9 7 4 3 2 6 2 0 2 7 3 3 7 7 1 0,6c1a8ee2cbbe85fd0004681e8311994350847c32acf340eaafa6d6170b913462
supplement,1,13003,3,0.8635097493036211,5 4 0 1 6 9 9 2 0 6 1 3 1 1 7 0 8 9 5 8 0 9 1 6 5 5 3 4 1 9 8 9 8 3 4 3 3 6 1 6 5 4 4 5 4 9 1 9 9 8 1 7 3 0 4 7 8 9 0 5 1 7 6 2 1 4 3 1 1 3 2 7 9 6 1 7 5 9 6 2 7 1 2 2 2 3 4 0 3 7 1 4 7 2 2 6 3 8 9 9 2 8 0 7 1 6 1 4 7 5 1 2 9 4 5 4 5 3 6 3 5 2 3 0 0 2 7 3 9 6 9 7 5 0 9 2 6 3 4 3 6 6 7 1 6 5 6 7 8 0 0 7 2 5 3 9 0 3 7 8 1 8 6 7 6 3 3 9 7 5 0 0 7 3 1 6 3 5 3 4 3 2 2 5 5 1 6 4 6 7 5 0 6 9 6 7 1 1 1 7 5 6 0 9 4 3 1 1 1 0 0 9 2 5 1 0 3 1 5 4 9 0 9 4 6 0 4 0 3 8 2 6 7 0 1 4 3 7 2 2 7 6 5 5 9 2 0 4 4 3 7 4 7 3 4 2 7 9 2 6 4 6 9 9 6 0 9 1 8 0 5 0 3 9 7 5 2 2 1 9 7 2 7 4 4 6 5 4 1 9 3 9 3 3 9 4 3 9 5 1 2 2 9 1 5 3 0 0 6 7 1 5 7 0 5 6 0 0 0 1 7 4 7 9 5 3 1 9 8 8 3 7 8 5 0 9 9 7 4 0 5 7 9 9 7 4 3 2 6 2 0 2 7 3 3 7 7 3 6,b6ac55eb737e75acb816cf474330301b6c9dd5c591f6fe531d33f1d8b6df8bb9
supplement,1,13003,4,0.8802228412256268,5 4 0 1 6 9 9 2 0 6 1 3 1 1 7 0 8 9 5 8 0 9 1 6 5 5 3 4 1 9 8 9 8 3 4 3 3 6 1 6 5 4 4 5 4 9 1 9 9 8 1 7 3 0 4 7 8 9 0 5 1 7 6 2 1 4 3 1 1 3 2 7 9 6 1 7 5 9 6 2 7 8 2 2 2 3 4 0 2 7 1 4 7 2 2 6 3 8 1 9 2 8 0 7 1 6 1 4 7 5 1 2 9 4 5 4 5 3 6 3 5 2 3 0 0 2 7 3 9 6 9 7 5 0 9 2 6 9 4 3 6 6 4 1 6 5 6 7 8 0 0 7 2 5 3 9 0 3 7 8 1 8 6 8 6 3 3 9 7 5 0 0 8 3 1 6 3 5 3 4 3 2 2 5 1 1 6 4 6 7 5 3 6 9 6 7 1 1 1 7 5 6 0 9 4 3 1 1 1 0 0 9 2 5 4 0 3 1 5 4 9 0 9 4 6 0 4 0 3 8 2 6 7 0 1 4 8 7 2 2 7 6 5 5 9 2 0 4 4 3 7 4 7 3 4 2 7 9 2 6 4 6 9 9 6 0 9 1 8 0 5 0 3 9 7 5 2 9 1 9 7 8 7 4 4 6 5 4 1 1 3 9 3 2 9 4 3 9 5 4 2 2 9 1 5 3 0 0 6 7 1 5 7 0 5 6 0 0 0 1 7 4 7 2 5 3 1 9 8 8 3 7 8 5 0 9 9 7 4 0 5 7 9 9 7 4 3 2 6 2 0 2 7 3 3 7 7 3 6,5e84c73608a009b50a4e63c7b493ab35c4a176ad198f3799e2129300a54403d4
supplement,1,13003,5,0.8885793871866295,5 4 0 1 6 9 9 2 6 6 1 3 1 1 7 0 8 9 5 8 0 9 1 6 5 5 3 4 1 9 8 9 8 3 4 3 3 6 1 6 5 4 4 5 4 9 1 9 9 8 1 7 3 0 4 7 8 9 0 5 1 7 6 2 1 4 3 1 1 3 2 7 9 6 1 7 5 5 6 2 7 1 2 2 2 3 4 0 2 7 8 4 7 2 2 6 3 8 1 9 2 8 0 7 1 6 1 4 7 5 1 2 9 4 5 4 5 3 6 3 5 2 3 0 0 2 7 3 9 6 9 7 5 0 9 2 6 3 4 3 6 6 7 1 6 5 6 7 8 0 0 7 2 5 3 9 0 3 7 8 1 8 6 8 6 3 3 9 7 5 0 0 8 3 1 6 3 5 3 4 3 2 2 5 5 8 6 4 6 7 5 3 6 9 6 7 1 1 1 7 5 6 0 9 4 3 1 1 1 0 0 9 2 5 4 0 3 1 5 4 9 0 9 4 6 0 4 0 3 8 2 6 7 0 1 4 8 7 2 2 7 6 5 5 9 2 0 4 4 8 7 4 4 3 4 2 7 9 8 6 4 6 9 9 6 0 9 7 8 0 5 0 3 9 7 5 2 2 1 9 7 8 7 4 4 6 5 4 1 9 3 1 3 2 9 4 5 5 5 4 2 2 9 1 5 3 0 0 6 7 1 5 7 0 5 6 0 0 0 1 5 4 7 2 5 3 1 9 8 8 8 7 8 5 0 9 9 7 4 0 5 7 9 9 7 4 3 2 6 2 0 2 7 3 3 7 7 3 6,edff68c45841c618102c0135a93fab03a7fcb0a564fe9b66aa6fbbd24e6837e2
supplement,1,13003,6,0.8997214484679665,5 4 0 1 6 9 9 2 0 6 1 3 1 1 7 0 8 9 5 8 0 9 1 6 5 5 3 4 1 9 8 9 8 3 4 3 3 6 1 6 5 4 4 5 4 9 1 9 9 8 1 7 3 0 4 7 8 9 0 5 1 7 6 2 1 4 3 1 1 3 2 7 9 6 1 7 5 9 6 2 7 1 2 2 2 3 4 0 2 7 1 4 7 2 2 6 3 8 1 9 2 8 0 7 1 6 1 4 7 5 1 2 9 4 5 4 5 3 6 3 5 2 3 0 0 2 7 3 9 6 9 7 5 0 9 2 6 3 4 3 6 6 7 1 6 5 6 7 8 0 0 7 2 5 3 9 0 3 7 8 1 6 6 8 6 3 3 1 7 5 0 0 8 3 1 6 3 5 3 4 3 2 2 5 5 1 6 4 6 7 5 0 6 9 6 7 1 1 1 7 5 6 0 9 4 3 1 1 1 0 0 9 2 5 4 0 3 1 5 4 9 0 9 4 6 0 4 0 3 8 2 6 7 0 1 4 8 7 2 2 7 6 5 5 9 2 0 4 4 8 7 4 7 3 4 2 7 9 8 6 4 6 9 9 6 0 9 7 8 0 5 0 3 9 7 5 2 9 1 9 7 8 7 4 4 6 5 4 1 9 3 1 3 2 9 4 5 5 5 4 2 2 9 1 5 3 0 0 6 7 1 5 7 0 5 6 0 0 0 8 7 4 9 2 5 3 1 9 8 8 8 7 8 5 0 9 9 7 4 0 5 7 9 9 7 4 3 2 6 2 0 2 7 8 3 7 7 3 6,37adbdb31aa3c9ac9e4f02a78dd0781e820efd523072d5c043ba8b2ab8669614
supplement,1,13003,7,0.9052924791086351,5 4 0 1 6 9 9 2 0 6 6 3 1 1 7 0 8 9 5 8 0 9 1 6 5 5 3 4 1 9 8 9 8 3 4 3 3 6 1 6 5 4 4 5 4 9 1 9 9 8 1 7 3 0 4 7 8 9 0 5 1 7 6 2 1 4 3 1 1 3 2 7 9 6 1 7 5 5 6 2 7 1 2 2 2 3 4 0 2 7 8 4 7 2 2 6 3 8 1 9 2 8 0 7 1 6 1 4 7 5 1 2 9 4 5 4 5 3 6 3 5 2 3 0 0 2 7 3 9 6 9 7 5 0 9 2 6 3 4 3 6 6 7 1 6 5 6 7 8 0 0 7 2 5 3 9 0 3 7 8 1 8 6 8 6 3 3 9 7 5 0 0 8 3 1 6 3 5 3 4 3 2 2 5 5 1 6 4 6 7 5 3 6 5 6 7 1 1 1 7 5 6 0 9 4 3 1 1 1 0 0 9 2 5 4 0 3 1 5 4 9 0 9 4 6 0 4 0 3 8 2 6 7 0 1 4 8 7 2 2 7 6 5 5 9 2 0 4 4 8 7 4 7 3 4 2 7 9 8 6 4 6 9 9 6 0 9 7 8 0 5 0 3 9 7 5 2 2 1 9 7 8 7 4 4 6 5 4 1 9 3 1 3 2 9 4 3 5 5 4 2 2 9 1 5 3 0 0 6 7 1 5 7 0 5 6 0 0 0 8 5 4 9 2 5 3 1 9 8 8 8 7 8 5 0 9 9 7 4 0 5 7 9 9 7 4 3 2 6 2 0 2 7 8 3 7 7 3 6,50ba613c336b48fd133d71a156e5ca72c1e8b67bb7398a2da487c68981817019
supplement,1,13003,8,0.9192200557103064,5 4 0 1 6 9 9 2 0 6 1 3 1 1 7 0 8 8 5 8 0 9 1 6 9 5 3 4 1 9 8 9 8 3 4 3 3 6 1 6 5 4 4 5 4 9 1 9 9 8 1 7 3 0 4 7 8 9 0 5 1 7 6 2 1 4 3 1 1 3 2 7 9 6 1 7 5 5 6 2 7 1 2 2 2 3 4 0 2 7 8 4 7 2 2 6 3 8 1 9 2 8 0 8 1 6 1 4 7 5 1 2 9 4 5 4 5 3 6 3 5 2 3 0 0 2 7 8 9 6 9 7 5 0 9 2 6 3 4 3 6 6 7 1 6 5 6 7 8 0 0 7 2 5 3 9 0 3 7 8 1 8 6 8 6 3 3 1 7 5 0 0 8 3 1 6 3 5 8 4 3 2 2 5 5 1 6 4 6 7 5 0 6 9 6 7 1 1 1 7 8 6 0 9 4 3 1 1 1 0 0 9 2 5 4 0 3 1 5 4 9 0 9 4 6 0 4 0 3 8 2 6 7 0 1 4 8 7 2 2 7 6 5 5 9 2 0 4 4 8 7 4 7 3 4 2 7 9 8 6 4 6 9 9 6 0 9 1 8 0 5 0 3 9 7 5 2 2 1 9 7 8 7 4 4 6 5 4 1 1 3 1 3 2 9 4 8 5 5 4 2 2 9 1 5 3 0 0 6 7 1 5 7 0 5 6 0 0 0 8 5 4 9 2 5 3 1 9 8 8 8 7 8 5 0 9 9 7 4 0 5 7 9 9 7 4 3 2 6 2 0 2 7 8 3 7 7 3 6,c216ed270af60adf409157ef25bcfeff97d113b4748db44dce2a090ee37f8e3a
supplement,1,13003,9,0.9136490250696379,5 4 0 1 6 9 9 2 0 6 6 3 1 1 7 0 8 9 5 8 0 9 1 6 5 5 3 4 1 9 8 9 8 3 4 3 3 6 1 6 5 4 4 5 4 9 8 9 9 8 1 7 3 0 4 7 8 9 0 5 1 7 6 2 1 4 3 1 1 3 2 7 9 6 1 7 5 8 6 2 7 1 2 2 2 3 4 0 2 7 8 4 7 2 2 6 3 8 1 9 2 8 0 8 1 6 1 4 7 5 1 2 9 4 5 4 5 3 6 3 5 2 3 0 0 2 7 3 9 6 9 7 5 0 9 2 6 9 4 3 6 6 7 1 6 5 6 7 8 0 0 7 2 5 3 9 0 3 7 8 1 8 6 8 6 3 3 9 7 5 0 0 8 3 1 6 3 5 3 4 3 2 2 5 5 1 6 4 6 7 5 3 6 9 6 7 1 1 1 7 8 6 0 9 4 3 1 1 1 0 0 9 2 5 4 0 3 1 5 4 9 0 9 4 6 0 4 0 3 8 2 6 7 0 1 4 8 7 2 2 7 6 5 5 9 2 0 4 4 8 7 4 7 3 4 2 7 9 8 6 4 6 9 9 6 0 9 1 8 0 5 0 3 9 7 5 2 2 1 9 7 8 7 4 4 6 5 4 1 9 3 1 3 2 9 4 8 5 5 4 2 2 9 1 5 3 0 0 6 7 1 5 7 0 5 6 0 0 0 8 5 4 9 2 5 3 1 9 8 8 8 7 8 5 0 9 9 7 4 0 5 7 9 9 7 4 3 2 6 2 0 2 7 8 3 7 7 3 6,5ca0dfafc9c1d3db03d7ba35fc948eca35243ff530f02ee6fc1282c7b031fb1c
supplement,1,13003,10,0.9220055710306406,5 4 0 1 6 9 9 2 0 6 6 3 1 1 7 0 8 8 5 8 0 9 1 6 5 5 3 4 1 9 8 9 8 3 4 3 3 6 1 6 5 4 4 5 4 9 8 9 9 8 1 7 9 0 4 7 8 9 0 5 1 7 6 2 1 4 3 1 1 3 2 7 9 6 1 7 5 5 6 2 7 1 2 2 2 3 4 0 2 7 8 4 7 2 2 6 3 8 1 9 2 8 0 7 1 6 1 4 7 5 1 2 9 4 5 4 5 3 6 3 5 2 3 0 0 2 7 8 9 6 9 7 5 0 9 2 6 3 4 3 6 6 7 1 6 5 6 7 8 0 0 7 2 5 3 9 0 3 7 8 1 8 6 8 6 3 3 1 7 5 0 0 8 3 1 6 3 5 8 4 3 2 2 5 5 1 6 4 6 7 5 3 6 9 6 7 1 1 1 7 5 6 0 9 4 3 1 1 1 0 0 9 2 5 4 0 3 1 5 4 9 0 9 4 6 0 4 0 3 8 2 6 7 0 1 4 8 7 2 2 7 6 5 5 9 2 0 4 4 8 7 4 7 8 4 2 7 9 8 6 4 6 9 9 6 0 9 1 8 0 5 0 3 9 7 5 2 2 1 9 7 8 7 4 4 6 5 4 1 1 3 1 3 2 9 4 8 5 5 4 2 2 9 1 5 3 0 0 6 7 1 5 7 0 5 6 0 0 0 1 7 4 9 2 5 3 1 9 8 8 8 7 8 5 0 9 9 7 4 0 5 7 9 9 7 4 3 2 6 2 0 2 7 8 3 7 7 3 6,e3685fc33904551bf8fffa1cfa772c88e47355180370726ed3ca881c3976fc87
supplement,1,13003,11,0.935933147632312,5 4 0 1 6 9 9 2 0 6 6 3 1 1 7 0 8 8 5 8 0 9 1 6 5 5 3 4 1 9 8 9 8 3 4 3 3 6 1 6 5 4 4 5 4 9 8 9 9 8 1 7 3 0 4 7 8 9 0 5 1 7 6 2 1 4 3 1 1 3 2 7 9 6 1 7 5 8 6 2 7 1 2 2 2 3 4 0 2 7 8 4 7 2 2 6 3 8 1 9 2 8 0 8 1 6 1 4 7 5 1 2 9 4 5 4 5 3 6 3 5 2 3 0 0 2 7 8 9 6 9 7 5 0 9 2 6 3 4 3 6 6 7 1 6 5 6 7 8 0 0 7 2 5 3 9 0 3 7 8 1 8 6 7 6 3 3 1 7 5 0 0 7 3 1 6 3 5 8 4 3 2 2 5 8 1 6 4 6 7 5 3 6 9 6 7 1 1 1 7 8 6 0 9 4 3 1 1 1 0 0 9 2 5 4 0 3 1 5 4 9 0 9 4 6 0 4 0 3 8 2 6 7 0 1 4 8 7 2 2 7 6 5 5 9 2 0 4 4 8 7 4 7 8 4 2 7 9 8 6 4 6 9 9 6 0 9 1 8 0 5 0 3 9 7 5 2 2 1 9 7 8 7 4 4 6 5 4 1 1 3 1 3 2 9 4 8 5 5 4 2 2 9 1 5 3 0 0 6 7 1 5 7 0 5 6 0 0 0 8 8 4 9 2 5 3 1 9 8 8 8 7 8 5 0 9 9 7 4 0 5 7 9 9 7 4 3 2 6 2 0 2 7 8 3 7 7 8 6,cdcdfba4520da474f1cb4a375857f26f29451784acd93157e6d8f021bfe9e415
supplement,1,13003,12,0.9220055710306406,5 4 0 1 6 9 9 2 0 6 6 3 1 1 7 0 8 8 5 8 0 9 1 6 5 5 3 4 1 9 8 9 8 3 4 3 3 6 1 6 5 4 4 5 4 9 8 9 9 8 1 7 3 0 4 7 8 9 0 5 1 7 6 2 1 4 3 1 1 3 2 7 9 6 1 7 5 5 6 2 7 1 2 2 2 3 4 0 2 7 8 4 7 2 2 6 3 1 1 9 2 8 0 7 1 6 1 4 7 5 1 2 9 4 5 4 5 3 6 3 5 2 3 0 0 2 7 3 9 6 9 7 5 0 9 2 6 3 4 3 6 6 7 1 6 5 6 7 8 0 0 7 2 5 3 9 0 3 7 8 1 8 6 8 6 3 3 1 7 5 0 0 7 3 1 6 3 5 3 4 3 2 2 5 5 1 6 4 6 7 5 0 6 9 6 7 1 1 1 7 8 6 0 9 4 3 1 1 1 0 0 9 2 5 4 0 3 1 5 4 9 0 9 4 6 0 4 0 3 8 2 6 7 0 1 4 8 7 2 2 7 6 5 5 9 2 0 4 4 8 7 4 7 3 4 2 7 9 8 6 4 6 9 9 6 0 9 1 8 0 5 0 3 9 7 5 2 2 1 9 7 8 7 4 4 6 5 4 1 1 3 1 3 2 9 4 8 5 5 4 2 2 9 1 5 3 0 0 6 7 1 5 7 0 5 6 0 0 0 8 8 4 9 2 5 3 1 9 8 8 8 7 8 5 0 9 9 7 4 0 5 7 9 9 7 4 3 2 6 2 0 2 7 8 3 7 7 3 6,7bb2450c7624e24731874823a7575e0d3b1fc41b9206a9c78fb4a3f95961e7e4
supplement,1,13003,13,0.935933147632312,5 4 0 1 6 9 9 2 0 6 6 3 1 1 7 0 8 8 5 8 0 9 1 6 5 5 3 4 1 9 8 9 8 3 4 3 3 6 1 6 5 4 4 5 4 9 8 9 9 8 8 7 3 0 4 7 8 9 0 5 1 7 6 2 1 4 3 1 1 3 2 7 9 6 1 7 5 8 6 2 7 1 2 2 2 3 4 0 2 7 8 4 7 2 2 6 3 8 1 9 2 8 0 8 1 6 1 4 7 5 1 2 9 4 5 4 5 3 6 3 5 2 3 0 0 2 7 8 9 6 9 7 5 0 9 2 6 3 4 3 6 6 7 1 6 5 6 7 8 0 0 7 2 5 3 9 0 3 7 8 1 8 6 8 6 3 3 1 7 5 0 0 8 3 1 6 3 5 8 4 3 2 2 5 5 1 6 4 6 7 5 3 6 5 6 7 1 1 1 7 8 6 0 9 4 3 1 1 1 0 0 9 2 5 4 0 3 1 5 4 9 0 9 4 6 0 4 0 3 8 2 6 7 0 1 4 8 7 2 2 7 6 5 5 9 2 0 4 4 8 7 4 7 8 4 2 7 9 8 6 4 6 9 9 6 0 9 1 8 0 5 0 3 9 7 5 2 2 1 9 7 8 7 4 4 6 5 4 1 1 3 1 3 2 9 4 8 9 5 4 2 2 9 1 5 3 0 0 6 7 1 5 7 0 5 6 0 0 0 8 8 4 9 2 5 3 1 9 8 8 8 7 8 5 0 9 9 7 4 0 5 7 9 9 7 4 3 2 6 2 0 2 7 8 3 7 7 8 6,6f3aa3bf8aa95ef2aaa312d526a8b17746ff2f1129c402e39282fa4a6c77db2b
supplement,1,13003,14,0.9220055710306406,5 4 0 1 6 9 9 2 6 6 6 3 1 1 7 0 8 8 5 8 0 9 1 6 5 5 3 4 1 9 8 9 8 3 4 3 3 6 1 6 5 4 4 5 4 9 8 9 9 8 1 7 3 0 4 7 8 9 0 5 8 7 6 2 1 4 3 1 1 3 2 7 9 6 1 7 5 5 6 2 7 1 2 2 2 3 4 0 2 7 8 4 7 2 2 6 3 1 1 9 2 8 0 7 1 6 1 4 7 5 1 2 9 4 5 4 5 3 6 3 5 2 3 0 0 2 7 8 9 6 9 7 5 0 9 2 6 3 4 3 6 6 7 1 6 5 6 7 8 0 0 7 2 5 3 9 0 3 7 8 1 8 6 8 6 3 3 1 7 5 0 0 7 3 1 6 3 5 8 4 3 2 2 5 5 1 6 4 6 7 5 0 6 5 6 7 1 1 1 7 8 6 0 9 4 3 1 1 1 0 0 9 2 5 4 0 3 1 5 4 9 0 9 4 6 0 4 0 3 8 2 6 7 0 1 4 8 7 2 2 7 6 5 5 9 2 0 4 4 8 7 4 7 8 4 2 7 9 8 6 4 6 9 9 6 0 9 7 8 0 5 0 3 9 7 5 2 2 1 9 7 8 7 4 4 6 5 4 1 1 3 1 3 2 9 4 8 5 5 4 2 2 9 1 5 3 0 0 6 7 1 5 7 0 5 6 0 0 0 8 8 4 9 2 5 3 1 9 8 8 8 7 8 5 0 9 9 7 4 0 5 7 9 9 7 4 3 2 6 2 0 2 7 8 3 7 7 8 6,989834a12440462175b2f36399efacbf9690d7c9259afdd9f4dc7c711fa3738a
supplement,1,13003,15,0.924791086350975,5 4 0 1 6 9 9 2 0 6 6 3 1 1 7 0 8 8 5 8 0 9 1 6 5 5 3 4 1 9 8 9 8 3 4 3 3 6 1 6 5 4 4 5 4 9 8 9 9 8 8 7 3 0 4 7 8 9 0 5 1 7 6 2 1 4 3 1 1 3 2 7 9 6 1 7 5 8 6 2 7 1 2 2 2 3 4 0 2 7 8 4 7 2 2 6 3 8 1 9 2 8 0 7 1 6 1 4 7 5 1 2 9 4 5 4 5 3 6 3 5 2 3 0 0 2 7 3 9 6 9 7 5 0 9 2 6 3 4 3 6 6 7 1 6 5 6 7 8 0 0 7 2 5 3 9 0 3 7 8 1 8 6 8 6 3 3 1 7 5 0 0 7 3 1 6 3 5 3 4 3 2 2 5 5 1 6 4 6 7 5 3 6 9 6 7 1 1 1 7 8 6 0 9 4 3 1 1 1 0 0 9 2 5 4 0 3 1 5 4 9 0 9 4 6 0 4 0 3 8 2 6 7 0 1 4 8 7 2 2 7 6 5 5 9 2 0 4 4 8 7 4 7 3 4 2 7 9 8 6 4 6 9 9 6 0 9 7 8 0 5 0 3 9 7 5 2 2 1 9 7 8 7 4 4 6 5 4 1 1 3 1 3 2 9 4 8 5 5 4 2 2 9 1 5 3 0 0 6 7 1 5 7 0 5 6 0 0 0 8 8 4 9 2 5 3 1 9 8 8 8 7 8 5 0 9 9 7 4 0 5 7 9 9 7 4 3 2 6 2 0 2 7 8 3 7 7 3 6,8f151efce2807112b43527be4ddd15a6262c98720cc3d26945180aa4f64d2425
supplement,1,13003,16,0.924791086350975,5 4 0 1 6 9 9 2 0 6 6 3 1 1 7 0 8 9 5 8 0 9 1 6 5 5 3 4 1 9 8 9 8 3 4 3 3 6 1 6 5 4 4 5 4 9 8 9 9 8 1 7 9 0 4 7 8 9 0 5 1 7 6 2 1 4 3 1 1 3 2 7 9 6 1 7 5 9 6 2 7 1 2 2 2 3 4 0 2 7 8 4 7 2 2 6 3 1 1 9 2 8 0 7 1 6 1 4 7 5 1 2 9 4 5 4 5 3 6 3 5 2 3 0 0 2 7 3 9 6 9 7 5 0 9 2 6 9 4 3 6 6 7 1 6 5 6 7 8 0 0 7 2 5 3 9 0 3 7 8 1 8 6 7 6 3 3 1 7 5 0 0 8 3 1 6 3 5 8 4 3 2 2 5 5 1 6 4 6 7 5 3 6 9 6 7 1 1 1 7 8 6 0 9 4 3 1 1 1 0 0 9 2 5 4 0 3 1 5 4 9 0 9 4 6 0 4 0 3 8 2 6 7 0 1 4 8 7 2 2 7 6 5 5 9 2 0 4 4 8 7 4 7 8 4 2 7 9 8 6 4 6 9 9 6 0 9 1 8 0 5 0 3 9 7 5 2 2 1 9 7 8 7 4 4 6 5 4 1 1 3 1 3 2 9 4 8 9 5 4 2 2 9 1 5 3 0 0 6 7 1 5 7 0 5 6 0 0 0 8 8 4 9 2 5 3 1 9 8 8 8 7 8 5 0 9 9 7 4 0 5 7 9 9 7 4 3 2 6 2 0 2 7 8 3 7 7 3 6,1da088777ed08bbc45c81eb855995f7b80c9b4fab2d47390e3850076e560a1c8
supplement,1,13003,17,0.9303621169916435,5 4 0 1 6 9 9 2 0 6 6 3 1 1 7 0 8 9 5 8 0 9 1 6 5 5 3 4 1 9 8 9 8 3 4 3 3 6 1 6 5 4 4 5 4 9 8 9 9 8 8 7 3 0 4 7 8 9 0 5 1 7 6 2 1 4 3 1 1 3 2 7 9 6 1 7 5 8 6 2 7 1 2 2 2 3 4 0 2 7 8 4 7 2 2 6 3 8 1 9 2 8 0 7 1 6 1 4 7 5 1 2 9 4 5 4 5 3 6 3 5 2 3 0 0 2 7 3 9 6 9 7 5 0 9 2 6 3 4 3 6 6 7 1 6 5 6 7 8 0 0 7 2 5 3 9 0 3 7 8 1 8 6 8 6 3 3 1 7 5 0 0 8 3 1 6 3 5 3 4 3 2 2 5 5 8 6 4 6 7 5 3 6 5 6 7 1 1 1 7 8 6 0 9 4 3 1 1 1 0 0 9 2 5 4 0 3 1 5 4 9 0 9 4 6 0 4 0 3 8 2 6 7 0 1 4 8 7 2 2 7 6 5 5 9 2 0 4 4 8 7 4 7 8 4 2 7 9 8 6 4 6 9 9 6 0 9 7 8 0 5 0 3 9 7 5 2 2 1 9 7 8 7 4 4 6 5 4 1 1 3 1 3 2 9 4 8 5 5 4 2 2 9 1 5 3 0 0 6 7 1 5 7 0 5 6 0 0 0 8 8 4 9 2 5 3 1 9 8 8 8 7 8 5 0 9 9 7 4 0 5 7 9 9 7 4 3 2 6 2 0 2 7 8 3 7 7 3 6,9870eb54c729d75228650f51cf4ca6ad8bc204e358dd68b8a15a338c037c2276
supplement,1,13003,18,0.9275766016713092,5 4 0 1 6 9 9 2 0 6 1 3 1 1 7 0 8 8 5 8 0 9 1 6 5 5 3 4 1 9 8 9 8 3 4 3 3 6 1 6 5 4 4 5 4 9 8 9 9 8 1 7 9 0 4 7 8 9 0 5 1 7 6 2 1 4 3 1 1 3 2 7 9 6 1 7 5 9 6 2 7 1 2 2 2 3 4 0 2 7 8 4 7 2 2 6 3 1 1 9 2 8 0 7 1 6 1 4 7 5 1 2 9 4 5 4 5 3 6 3 5 2 3 0 0 2 7 8 9 6 9 7 5 0 9 2 6 3 4 3 6 6 7 1 6 5 6 7 8 0 0 7 2 5 3 9 0 3 7 8 1 8 6 8 6 3 3 1 7 5 0 0 7 3 1 6 3 5 3 4 3 2 2 5 5 1 6 4 6 7 5 3 6 5 6 7 1 1 1 7 8 6 0 9 4 3 1 1 1 0 0 9 2 5 4 0 3 1 5 4 9 0 9 4 6 0 4 0 3 8 2 6 7 0 1 4 8 7 2 2 7 6 5 5 9 2 0 4 4 8 7 4 7 8 4 2 7 9 8 6 4 6 9 9 6 0 9 1 8 0 5 0 3 9 7 5 2 2 1 9 7 8 7 4 4 6 5 4 1 1 3 1 3 2 9 4 8 5 5 4 2 2 9 1 5 3 0 0 6 7 1 5 7 0 5 6 0 0 0 1 8 4 9 2 5 3 1 9 8 8 8 7 8 5 0 9 9 7 4 0 5 7 9 9 7 4 3 2 6 2 0 2 7 8 3 7 7 3 6,cab81909e7053658a7777b415878cdb6bd0f03bf67e4c28c00c1842961ad2427
supplement,1,13003,19,0.924791086350975,5 4 0 1 6 9 9 2 0 6 6 3 1 1 7 0 8 8 5 8 0 9 1 6 5 5 3 4 1 9 8 9 8 3 4 3 3 6 1 6 5 4 4 5 4 9 8 9 9 8 8 7 3 0 4 7 8 9 0 5 1 7 6 2 1 4 3 1 1 3 2 7 9 6 1 7 5 5 6 2 7 1 2 2 2 3 4 0 2 7 8 4 7 2 2 6 3 8 1 9 2 8 0 7 1 6 1 4 7 5 1 2 9 4 5 4 5 3 6 3 5 2 3 0 0 2 7 8 9 6 9 7 5 0 9 2 6 3 4 3 6 6 7 1 6 5 6 7 8 0 0 7 2 5 3 9 0 3 7 8 1 8 6 8 6 3 3 1 7 5 0 0 7 3 1 6 3 5 3 4 3 2 2 5 8 8 6 4 6 7 5 3 6 9 6 7 1 1 1 7 8 6 0 9 4 3 1 1 1 0 0 9 2 5 4 0 3 1 5 4 9 0 9 4 6 0 4 0 3 8 2 6 7 0 1 4 8 7 2 2 7 6 5 5 9 2 0 4 4 8 7 4 7 3 4 2 7 9 8 6 4 6 9 9 6 0 9 7 8 0 5 0 3 9 7 5 2 2 1 9 7 8 7 4 4 6 5 4 1 1 3 1 3 2 9 4 8 9 5 4 2 2 9 1 5 3 0 0 6 7 1 5 7 0 5 6 0 0 0 8 7 4 9 2 5 3 1 9 8 8 8 7 8 5 0 9 9 7 4 0 5 7 9 9 7 4 3 2 6 2 0 2 7 8 3 7 7 3 6,f2f7ae50acd07a22325f11749c994fee0a1fb9dec3cd2eb3e6293dcd90326561
supplement,1,13003,20,0.924791086350975,5 4 0 1 6 9 9 2 0 6 6 3 1 1 7 0 8 9 5 8 0 9 1 6 5 5 3 4 1 9 8 9 8 3 4 3 3 6 1 6 5 4 4 5 4 9 8 9 9 8 8 7 3 0 4 7 8 9 0 5 1 7 6 2 1 4 3 1 1 3 2 7 9 6 1 7 5 9 6 2 7 1 2 2 2 3 4 0 2 7 8 4 7 2 2 6 3 8 1 9 2 8 0 7 1 6 1 4 7 5 1 2 9 4 5 4 5 3 6 3 5 2 3 0 0 2 7 8 9 6 9 7 5 0 9 2 6 3 4 3 6 6 7 1 6 5 6 7 8 0 0 7 2 5 3 9 0 3 7 8 8 8 6 8 6 3 3 9 7 5 0 0 7 3 1 6 3 5 3 4 3 2 2 5 8 1 6 4 6 7 5 3 6 9 6 7 1 1 1 7 8 6 0 9 4 3 1 1 1 0 0 9 2 5 4 0 3 1 5 4 9 0 9 4 6 0 4 0 3 8 2 6 7 0 1 4 8 7 2 2 7 6 5 5 9 2 0 4 4 8 7 4 7 3 4 2 7 9 8 6 4 6 9 9 6 0 9 1 8 0 5 0 3 9 7 5 2 2 1 9 7 8 7 4 4 6 5 4 1 1 3 1 3 2 9 4 8 5 5 4 2 2 9 1 5 3 0 0 6 7 1 5 7 0 5 6 0 0 0 8 8 4 9 2 5 3 1 9 8 8 8 7 8 5 0 9 9 7 4 0 5 7 9 9 7 4 3 2 6 2 0 2 7 8 3 7 7 3 6,400a003c12a9e2f4ce74845f2dbdf9c582b6eb61a0c19cb59064db122c1bb935
supplement,1,13004,1,0.5431754874651811,5 4 2 1 6 9 8 1 0 1 2 9 1 1 1 0 8 8 9 8 0 9 1 6 8 4 5 4 1 2 8 9 8 3 4 3 3 6 1 0 5 4 6 1 4 9 1 9 9 1 1 1 8 0 6 7 8 2 0 1 1 1 3 1 1 4 2 1 1 3 2 4 2 4 1 6 1 8 1 9 7 1 8 2 2 3 4 0 2 1 1 4 7 2 2 6 3 1 3 3 2 8 4 8 1 6 1 4 8 5 1 1 9 4 9 4 2 9 2 3 7 9 5 0 0 1 4 8 9 6 3 0 5 4 9 2 6 2 4 1 6 7 4 1 8 9 2 7 8 0 0 8 8 4 3 9 0 5 7 1 1 4 6 7 6 9 3 8 9 0 0 0 9 3 1 2 2 4 1 4 2 2 2 5 1 1 0 4 4 9 5 2 1 5 6 7 1 1 5 1 7 9 4 9 4 1 1 1 1 2 4 9 2 0 1 4 2 8 9 6 5 9 3 6 2 9 4 0 3 9 8 4 7 2 4 4 8 6 2 1 4 0 6 8 9 2 2 4 4 1 4 6 7 2 4 2 7 9 8 8 4 6 9 9 6 0 9 1 9 0 5 2 2 9 7 4 1 2 1 9 7 6 4 3 4 1 6 4 1 3 2 3 3 6 9 4 8 9 7 1 2 9 9 1 0 3 0 0 1 7 1 9 8 0 5 6 2 2 4 8 9 4 9 2 5 8 1 9 8 8 1 7 4 9 0 5 9 7 4 0 5 7 8 9 6 4 9 2 6 2 2 2 1 6 5 6 8 1 2,d3eee012235647e81073b34781dd2a010b72e904121a4746d44087ebd4cff2f4
supplement,1,13004,2,0.807799442896936,5 4 0 1 6 9 8 2 4 1 1 7 1 1 7 0 8 8 9 8 0 9 1 6 5 5 7 4 1 9 8 9 8 3 4 3 3 6 1 6 5 4 4 1 4 9 1 9 9 8 1 7 8 0 4 7 8 9 0 1 1 7 6 2 1 4 8 1 1 3 2 7 3 0 1 7 5 8 6 2 7 8 2 2 2 3 4 0 2 7 1 4 7 2 2 6 3 8 9 9 2 8 0 8 1 6 1 4 7 5 1 1 9 4 5 4 5 3 6 3 5 2 3 0 0 2 7 3 9 6 3 7 5 0 9 2 6 3 4 3 6 6 4 1 6 9 0 7 7 0 0 7 2 5 3 9 0 3 7 7 1 8 6 7 6 9 3 4 7 5 0 0 7 3 1 6 3 5 3 4 3 2 2 5 1 1 6 4 4 7 5 9 6 5 6 7 1 1 1 4 7 1 0 9 4 3 1 1 1 0 0 9 2 5 4 0 3 1 9 4 5 0 8 4 6 0 4 0 3 7 2 6 7 0 1 4 8 7 2 1 7 6 7 8 9 2 0 4 4 7 7 4 7 3 4 8 7 9 8 6 4 6 9 9 6 0 9 7 7 0 5 0 3 9 7 5 2 8 1 9 7 8 7 4 4 6 5 4 1 9 3 3 3 2 9 4 8 9 5 4 2 2 9 1 5 3 0 0 6 7 1 5 7 0 5 6 0 0 4 8 7 4 9 9 5 8 1 9 8 8 1 7 1 5 0 5 3 7 4 0 5 7 9 9 7 4 3 2 6 2 0 2 7 8 3 7 7 1 6,f33228b4cf75f87526c5f3de9e2f4e149bfd2efa4821dbfadaa17540a5eb51d0
supplement,1,13004,3,0.8857938718662952,5 4 0 1 6 9 8 2 0 6 1 3 1 1 7 0 8 8 9 8 0 3 1 6 5 5 1 4 1 3 8 9 8 3 4 3 3 6 1 6 5 4 4 1 4 9 1 9 9 8 1 7 3 0 4 7 8 3 0 1 1 7 6 2 1 4 3 1 1 3 2 7 3 6 1 7 5 8 6 2 7 8 2 2 2 3 4 0 2 7 1 4 7 2 2 6 3 4 1 3 2 8 0 8 1 6 1 4 7 5 1 2 9 4 5 4 5 3 6 3 5 2 3 0 0 2 7 3 9 6 9 7 5 0 9 2 6 3 4 3 6 6 7 1 6 5 6 7 8 0 0 7 2 5 3 9 0 3 7 7 1 8 6 7 6 3 3 4 7 5 0 0 8 3 1 6 3 5 3 4 3 2 2 5 5 8 6 4 6 7 5 3 6 5 6 7 1 1 1 4 7 6 0 9 4 3 1 1 1 0 0 9 2 5 4 0 3 1 5 4 9 0 3 4 6 0 4 0 3 8 2 6 7 0 1 4 8 7 2 2 7 6 5 5 9 2 0 4 4 8 7 4 7 3 4 2 7 9 8 6 4 6 9 9 6 0 9 7 1 0 5 0 3 9 7 5 2 3 1 9 7 8 7 4 4 6 5 4 1 9 3 1 3 2 9 4 8 9 5 4 2 2 9 1 5 3 0 0 6 7 1 5 7 0 5 6 0 0 0 8 8 4 9 2 5 8 1 9 8 8 8 7 8 5 0 5 3 7 4 0 5 7 9 9 7 4 3 2 6 2 0 2 7 8 3 7 7 1 6,c8932089e56f5f974eb5841a14ae3b81e69b5f1bf43cb06f33042dffb9953176
supplement,1,13004,4,0.8857938718662952,5 4 0 1 6 9 8 2 0 6 1 3 1 1 7 0 8 8 9 8 0 3 1 6 5 5 7 4 1 3 8 9 8 3 4 3 3 6 1 6 5 4 4 1 4 9 8 9 9 8 2 7 3 0 4 7 8 3 0 5 1 7 6 2 1 4 3 1 1 3 2 7 3 6 1 7 5 8 6 2 7 1 2 2 2 3 4 0 2 7 1 4 7 2 2 6 3 7 1 9 2 8 0 7 1 6 1 4 7 5 1 2 9 4 5 4 5 3 6 3 5 2 3 0 0 2 7 3 9 6 9 7 5 0 9 2 6 3 4 3 6 6 7 1 6 5 6 7 8 0 0 7 2 5 3 9 0 3 7 7 1 8 6 7 6 3 3 1 7 5 0 0 7 3 1 6 3 5 3 4 3 2 2 5 5 8 6 4 6 7 5 0 6 5 6 7 1 1 1 7 7 6 0 9 4 3 2 1 1 0 0 9 2 5 4 0 3 1 5 4 3 0 8 4 6 0 4 0 3 7 2 6 7 0 1 4 8 7 2 2 7 6 5 5 9 2 0 4 4 7 7 4 7 8 4 2 7 9 8 6 4 6 9 9 6 0 9 7 8 0 5 0 3 9 7 5 2 3 1 9 7 8 7 4 4 6 5 4 1 1 3 1 3 2 9 4 8 9 5 4 2 2 9 1 5 3 0 0 6 7 1 5 7 0 5 6 0 0 0 8 7 4 7 2 5 3 1 9 8 8 8 7 8 5 0 5 3 7 4 0 5 7 9 9 7 4 3 2 6 2 0 2 7 8 3 7 7 1 6,cb3f74b57dcad77df2f7b39a353c71a43567902da7730349fa01b71089492e76
supplement,1,13004,5,0.8997214484679665,5 4 0 1 6 9 8 2 0 6 1 3 1 1 7 0 8 8 5 8 0 3 1 6 5 5 7 4 1 3 8 9 8 3 4 3 3 6 1 6 5 4 4 1 4 9 8 9 9 2 2 7 3 0 4 7 8 9 0 5 1 7 6 2 1 4 3 1 1 3 2 7 3 6 1 7 5 7 6 2 7 1 2 2 2 3 4 0 2 7 1 4 7 2 2 6 3 1 1 9 2 8 0 7 1 6 1 4 7 5 1 2 9 4 5 4 5 3 6 3 5 2 3 0 0 2 7 3 9 6 9 7 5 0 9 2 6 3 4 3 6 6 7 1 6 5 6 7 8 0 0 7 2 5 3 9 0 3 7 7 1 8 6 7 6 3 3 1 7 5 0 0 7 3 1 6 3 5 3 4 3 2 2 5 5 8 6 4 6 7 5 3 6 5 6 7 1 1 1 7 7 6 0 9 4 3 1 1 1 0 0 9 2 5 4 0 3 1 5 4 3 0 9 4 6 0 4 0 3 7 2 6 7 0 1 4 8 7 2 2 7 6 5 5 9 2 0 4 4 7 7 4 7 3 4 2 7 9 8 6 4 6 9 9 6 0 9 7 8 0 5 0 3 9 7 5 2 3 1 9 7 8 7 4 4 6 5 4 1 1 3 1 3 2 9 4 8 9 5 4 2 2 3 1 5 3 0 0 6 7 1 5 7 0 5 6 0 0 0 8 7 4 9 2 5 3 1 9 8 8 5 7 8 5 0 5 3 7 4 0 5 7 9 9 7 4 3 2 6 2 0 2 7 8 3 7 7 3 6,571b9a32c9cf52a580ee33c05041bfc3b113a65ca0303efba6de2cd90e973b2d
supplement,1,13004,6,0.8997214484679665,5 4 0 1 6 9 9 2 0 6 1 3 1 1 7 0 8 8 5 8 0 3 1 6 5 5 3 4 1 3 8 9 8 3 4 3 3 6 1 6 5 4 4 8 4 9 8 9 9 2 2 7 3 0 4 7 8 3 0 5 1 7 6 2 1 4 3 1 1 3 2 7 3 6 1 7 5 8 6 2 7 1 2 2 2 3 4 0 2 7 1 4 7 2 2 6 3 1 1 9 2 8 0 7 1 6 1 4 7 5 1 2 9 4 5 4 5 3 6 3 5 2 3 0 0 2 7 3 9 6 9 7 5 0 9 2 6 3 4 3 6 6 7 1 6 5 6 7 8 0 0 7 2 5 3 9 0 3 7 8 1 8 6 7 6 3 3 1 7 5 0 0 7 3 1 6 3 5 3 4 3 2 2 5 5 2 6 4 6 7 5 3 6 5 6 7 1 1 1 7 7 6 0 9 4 3 2 1 1 0 0 9 2 5 4 0 3 1 5 4 3 0 9 4 6 0 4 0 3 7 2 6 7 0 1 4 8 7 2 2 7 6 5 5 9 2 0 4 4 8 7 4 7 3 4 2 7 9 8 6 4 6 9 9 6 0 9 1 1 0 5 0 3 9 7 5 2 2 1 9 7 8 7 4 4 6 5 4 1 1 3 1 3 2 9 4 8 5 5 4 2 2 3 1 5 3 0 0 6 7 1 5 7 0 5 6 0 0 0 1 2 4 9 2 5 3 1 9 8 8 5 7 8 5 0 5 3 7 4 0 5 7 0 9 7 4 3 2 6 2 0 2 7 8 3 7 7 3 6,3942f8b99d48e8fb241c4f910d5ddd57afad6e1292a7457b6472ea1e37c9c393
supplement,1,13004,7,0.9108635097493036,5 4 0 1 6 9 9 2 0 6 1 3 1 1 7 0 8 8 5 8 0 3 1 6 5 5 3 4 1 3 8 9 8 3 4 3 3 6 1 6 5 4 4 8 4 9 8 9 9 8 2 7 3 0 4 7 8 9 0 5 1 7 6 2 1 4 3 1 1 3 2 7 3 6 1 7 5 8 6 2 7 1 2 2 2 3 4 0 2 7 1 4 7 2 2 6 3 1 1 9 2 8 0 7 1 6 1 4 7 5 1 2 9 4 5 4 5 3 6 3 5 2 3 0 0 2 7 3 9 6 9 7 5 0 9 2 6 3 4 3 6 6 7 1 6 5 6 7 8 0 0 7 2 5 3 9 0 3 7 8 1 8 6 7 6 3 3 1 7 5 0 0 7 3 1 6 3 5 3 4 3 2 2 5 5 1 6 4 6 7 5 0 6 5 6 7 1 1 1 7 5 6 0 9 4 3 2 1 1 0 0 9 2 5 4 0 3 1 5 4 9 0 9 4 6 0 4 0 3 8 2 6 7 0 1 4 8 7 2 2 7 6 5 5 9 2 0 4 4 8 7 4 7 8 4 2 7 9 8 6 4 6 9 9 6 0 9 1 8 0 5 0 3 9 7 5 2 3 1 9 7 8 7 4 4 6 5 4 1 1 3 1 3 2 9 4 8 5 5 4 2 2 3 1 5 3 0 0 6 7 1 5 7 0 5 6 0 0 0 8 7 4 9 2 5 3 1 9 8 8 5 7 8 5 0 5 8 7 4 0 5 7 9 9 7 4 3 2 6 2 0 2 7 8 3 7 7 1 6,e1b10672f7973017bcd87d327e8adbf8af52a7e6b544776cfcd6d24fe1060a63
supplement,1,13004,8,0.9136490250696379,5 4 0 1 6 9 9 2 0 6 1 3 1 1 7 0 8 8 5 8 0 3 1 6 5 5 2 4 1 3 8 9 8 3 4 3 3 6 1 6 5 4 4 8 4 9 8 9 9 1 2 7 3 0 4 7 8 9 0 5 1 7 6 2 1 4 3 1 1 3 2 7 9 6 1 7 5 5 6 2 7 2 2 2 2 3 4 0 2 7 8 4 7 2 2 6 3 2 1 9 2 8 0 7 1 6 1 4 7 5 1 2 9 4 5 4 5 3 6 3 5 2 3 0 0 2 7 3 9 6 9 7 5 0 9 2 6 3 4 3 6 6 4 1 6 5 6 7 8 0 0 7 2 5 3 9 0 3 7 8 1 8 6 7 6 3 3 1 7 5 0 0 7 3 1 6 3 5 3 4 3 2 2 5 5 8 6 4 6 7 5 0 6 5 6 7 1 1 1 4 5 6 0 9 4 3 1 1 1 0 0 9 2 5 4 0 3 1 5 4 9 0 9 4 6 0 4 0 3 8 2 6 7 0 1 4 8 7 2 2 7 6 5 5 9 2 0 4 4 8 7 4 7 8 4 2 7 9 8 6 4 6 9 9 6 0 9 1 8 0 5 0 3 9 7 5 2 2 1 9 7 8 7 4 4 6 5 4 1 1 3 1 3 2 9 4 8 9 5 4 2 2 3 1 5 3 0 0 6 7 1 5 7 0 5 6 0 0 0 1 7 4 9 2 5 3 1 9 8 8 8 7 8 5 0 9 8 7 4 0 5 7 9 9 7 4 3 2 6 2 0 2 7 8 3 7 7 3 6,d568152d53b2ce6ece9384aab330ffc787a7bd06136af3d90035b738c3fe42e4
supplement,1,13004,9,0.9108635097493036,5 4 0 1 6 9 9 2 0 6 1 3 1 1 7 0 8 8 5 8 0 3 1 6 5 5 3 4 1 3 8 9 8 3 4 3 3 6 1 6 5 4 4 8 4 9 8 9 9 2 2 7 3 0 4 7 8 9 0 5 1 7 6 2 1 4 3 1 1 3 2 7 9 6 1 7 5 8 6 2 7 1 2 2 2 3 4 0 2 7 8 4 7 2 2 6 3 1 1 9 2 8 0 7 1 6 1 4 7 5 1 2 9 4 5 4 5 3 6 3 5 2 3 0 0 2 7 8 9 6 9 7 5 0 9 2 6 3 4 3 6 6 4 1 6 5 6 7 8 0 0 7 2 5 3 9 0 3 7 8 1 8 6 7 6 3 3 1 7 5 0 0 7 3 1 6 3 5 3 4 3 2 2 5 5 8 6 4 6 7 5 0 6 5 6 7 1 1 1 7 5 6 0 9 4 3 2 1 1 0 0 9 2 5 4 0 3 1 5 4 9 0 9 4 6 0 4 0 3 8 2 6 7 0 1 4 8 7 2 2 7 6 5 5 9 2 0 4 4 8 7 4 7 8 4 2 7 9 8 6 4 6 9 9 6 0 9 1 8 0 5 0 3 9 7 5 2 3 1 9 7 8 7 4 4 6 5 4 1 1 3 1 3 2 9 4 8 9 5 4 2 2 3 1 5 3 0 0 6 7 1 5 7 0 5 6 0 0 0 1 7 4 9 2 5 3 1 9 8 8 8 7 8 5 0 9 3 7 4 0 5 7 9 9 7 4 3 2 6 2 0 2 7 8 3 7 7 3 6,dd307e9e269cd51a43ed2a7e85062fad404db4effe0ca44d8b7ff251b23010fd
supplement,1,13004,10,0.9080779944289693,5 4 0 1 6 9 9 2 0 6 1 3 1 1 7 0 8 8 5 8 0 3 1 6 5 5 2 4 1 3 8 9 8 3 4 3 3 6 1 6 5 4 4 8 4 9 1 9 9 2 2 7 3 0 4 7 8 9 0 5 1 7 6 2 1 4 3 1 1 3 2 7 9 6 1 7 5 5 6 2 7 2 2 2 2 3 4 0 2 7 1 4 7 2 2 6 3 1 1 9 2 8 0 7 1 6 1 4 7 5 1 2 1 4 5 4 5 3 6 3 5 2 3 0 0 2 7 3 9 6 9 7 5 0 9 2 6 3 4 3 6 6 7 1 6 5 6 7 8 0 0 7 2 5 3 9 0 3 7 8 1 8 6 7 6 3 3 1 7 5 0 0 7 3 1 6 3 5 3 4 3 2 2 5 5 2 6 4 6 7 5 3 6 5 6 7 1 1 1 7 5 6 0 9 4 3 2 1 1 0 0 9 2 5 4 0 3 1 5 4 9 0 9 4 6 0 4 0 3 8 2 6 7 0 1 4 8 7 2 2 7 6 5 5 9 2 0 4 4 8 7 4 7 3 4 2 7 9 8 6 4 6 9 9 6 0 9 1 8 0 5 0 3 9 7 5 2 2 1 9 7 8 7 4 4 6 5 4 1 1 3 1 3 2 9 4 8 9 5 4 2 2 3 1 5 3 0 0 6 7 1 5 7 0 5 6 0 0 0 1 7 4 9 2 5 3 1 9 8 8 8 7 8 5 0 9 3 7 4 0 5 7 9 9 7 4 3 2 6 2 0 2 7 8 3 7 7 3 6,5b9ce020a8baade0a20411f998df391d2071e7706f6a91d6ad7baf87fa86e179
supplement,1,13004,11,0.924791086350975,5 4 0 1 6 9 9 2 0 6 1 3 1 1 7 0 8 9 5 8 0 9 1 6 5 5 3 4 1 9 8 9 8 3 4 3 3 6 1 6 5 4 4 8 4 9 8 9 9 2 2 7 3 0 4 7 8 9 0 5 1 7 6 2 1 4 3 1 1 3 2 7 9 6 1 7 5 9 6 2 7 2 2 2 2 3 4 0 2 7 8 4 7 2 2 6 3 2 1 9 2 8 0 7 1 6 1 4 7 5 1 2 9 4 5 4 5 3 6 3 5 2 3 0 0 2 7 3 9 6 9 7 5 0 9 2 6 3 4 3 6 6 4 1 6 5 6 7 8 0 0 7 2 5 3 9 0 3 7 8 1 8 6 7 6 3 3 1 7 5 0 0 7 3 1 6 3 5 3 4 3 2 2 5 5 1 6 4 6 7 5 3 6 5 6 7 1 1 1 7 5 6 0 9 4 3 1 1 1 0 0 9 2 5 4 0 3 1 5 4 9 0 9 4 6 0 4 0 3 8 2 6 7 0 1 4 8 7 2 2 7 6 5 5 9 2 0 4 4 8 7 4 4 8 4 2 7 9 8 6 4 6 9 9 6 0 9 1 8 0 5 0 3 9 7 5 2 2 1 9 7 8 7 4 4 6 5 4 1 1 3 1 3 2 9 4 8 9 5 4 2 2 3 1 5 3 0 0 6 7 1 5 7 0 5 6 0 0 0 8 8 4 9 2 5 3 1 9 8 8 8 7 8 5 0 9 9 7 4 0 5 7 9 9 7 4 3 2 6 2 0 2 7 8 3 7 7 3 6,316c90f74b480772247638c1a27467f8403055dd9d30dab41593a98e87245719
supplement,1,13004,12,0.9192200557103064,5 4 0 1 6 9 9 2 0 6 1 3 1 1 7 0 8 8 5 8 0 3 1 6 5 5 3 4 1 3 8 9 8 3 4 3 3 6 1 6 5 4 4 8 4 9 1 9 9 8 2 7 3 0 4 7 8 9 0 5 1 7 6 2 1 4 3 1 1 3 2 7 9 6 1 7 5 5 6 2 7 2 2 2 2 3 4 0 2 7 1 4 7 2 2 6 3 1 1 9 2 8 0 7 1 6 1 4 7 5 1 2 1 4 5 4 5 3 6 3 5 2 3 0 0 2 7 3 9 6 9 7 5 0 9 2 6 3 4 3 6 6 4 1 6 5 6 7 8 0 0 7 2 5 3 9 0 3 7 8 1 8 6 7 6 3 3 1 7 5 0 0 7 3 1 6 3 5 3 4 3 2 2 5 5 1 6 4 6 7 5 3 6 5 6 7 1 1 1 7 8 6 0 9 4 3 2 1 1 0 0 9 2 5 4 0 3 1 5 4 9 0 9 4 6 0 4 0 3 8 2 6 7 0 1 4 8 7 2 2 7 6 5 5 9 2 0 4 4 8 7 4 7 8 4 2 7 9 8 6 4 6 9 9 6 0 9 1 8 0 5 0 3 9 7 5 2 2 1 9 7 8 7 4 4 6 5 4 1 1 3 1 3 2 9 4 8 5 5 4 2 2 9 1 5 3 0 0 6 7 1 5 7 0 5 6 0 0 0 8 7 4 9 2 5 3 1 9 8 8 8 7 8 5 0 9 9 7 4 0 5 7 9 9 7 4 3 2 6 2 0 2 7 8 3 7 7 3 6,6b05a0c6f8cce6b4f0fcbde2b17570b7f68f164c3b7ad8cba3c63774e5cedbad
supplement,1,13004,13,0.9108635097493036,5 4 0 1 6 9 9 2 0 6 1 3 1 1 7 0 8 8 5 8 0 3 1 6 5 5 3 4 1 3 8 9 8 3 4 3 3 6 1 6 5 4 4 8 4 9 8 9 9 8 2 7 3 0 4 7 8 9 0 5 1 7 6 2 1 4 3 1 1 3 2 7 9 6 1 7 5 8 6 2 7 1 2 2 2 3 4 0 2 7 8 4 7 2 2 6 3 2 1 9 2 8 0 7 1 6 1 4 7 5 1 2 9 4 5 4 5 3 6 3 5 2 3 0 0 2 7 3 9 6 9 7 5 0 9 2 6 3 4 3 6 6 7 1 6 5 6 7 8 0 0 7 2 5 3 9 0 3 7 8 8 8 6 7 6 3 3 1 7 5 0 0 7 3 1 6 3 5 3 4 3 2 2 5 5 1 6 4 6 7 5 3 6 5 6 7 1 1 1 7 5 6 0 9 4 3 2 1 1 0 0 9 2 5 4 0 3 1 5 4 9 0 9 4 6 0 4 0 3 8 2 6 7 0 1 4 8 7 2 2 7 6 5 5 9 2 0 4 4 8 7 4 7 3 4 2 7 9 8 6 4 6 9 9 6 0 9 1 8 0 5 0 3 9 7 5 2 2 1 9 7 8 7 4 4 6 5 4 1 1 3 1 3 2 9 4 8 5 5 4 2 2 3 1 5 3 0 0 6 7 1 5 7 0 5 6 0 0 0 8 7 4 9 2 5 3 1 9 8 8 8 7 8 5 0 9 3 7 4 0 5 7 9 9 7 4 3 2 6 2 0 2 7 8 3 7 7 8 6,43058ce9e0b4378f54543c31686c606ad533c6e9307c80f2ebdaf5a0aef67db7
supplement,1,13004,14,0.9220055710306406,5 4 0 1 6 9 9 2 0 6 1 3 1 1 7 0 8 9 5 8 0 9 1 6 5 5 3 4 1 3 8 9 8 3 4 3 3 6 1 6 5 4 4 8 4 9 8 9 9 2 2 7 3 0 4 7 8 9 0 5 1 7 6 2 1 4 3 1 1 3 2 7 9 6 1 7 5 9 6 2 7 2 2 2 2 3 4 0 2 7 8 4 7 2 2 6 3 2 1 9 2 8 0 7 1 6 1 4 7 5 1 2 1 4 5 4 5 3 6 3 5 2 3 0 0 2 7 3 9 6 9 7 5 0 9 2 6 3 4 3 6 6 4 1 6 5 6 7 8 0 0 7 2 5 3 9 0 3 7 8 1 8 6 7 6 3 3 1 7 5 0 0 7 3 1 6 3 5 3 4 3 2 2 5 5 1 6 4 6 7 5 3 6 5 6 7 1 1 1 7 5 6 0 9 4 3 1 1 1 0 0 9 2 5 4 0 3 1 5 4 9 0 9 4 6 0 4 0 3 8 2 6 7 0 1 4 8 7 2 2 7 6 5 5 9 2 0 4 4 8 7 4 7 3 4 2 7 9 8 6 4 6 9 9 6 0 9 1 8 0 5 0 3 9 7 5 2 2 1 9 7 8 7 4 4 6 5 4 1 1 3 1 3 2 9 4 8 5 5 4 2 2 3 1 5 3 0 0 6 7 1 5 7 0 5 6 0 0 0 8 7 4 9 2 5 3 1 9 8 8 8 7 8 5 0 9 9 7 4 0 5 7 9 9 7 4 3 2 6 2 0 2 7 8 3 7 7 3 6,d4fc404482f52cc67777df4e9e0b24de6d7e530726e4115d782ea2696abd35df
supplement,1,13004,15,0.9275766016713092,5 4 0 1 6 9 9 2 0 6 1 3 1 1 7 0 8 9 5 8 0 3 1 6 5 5 3 4 1 3 8 9 8 3 4 3 3 6 1 6 5 4 4 8 4 9 8 9 9 8 8 7 3 0 4 7 8 9 0 5 1 7 6 2 1 4 3 1 1 3 2 7 9 6 1 7 5 9 6 2 7 2 2 2 2 3 4 0 2 7 8 4 7 2 2 6 3 2 1 9 2 8 0 8 1 6 1 4 7 5 1 2 9 4 5 4 5 3 6 3 5 2 3 0 0 2 7 8 9 6 9 7 5 0 9 2 6 3 4 3 6 6 7 1 6 5 6 7 8 0 0 7 2 5 3 9 0 3 7 8 1 8 6 7 6 3 3 1 7 5 0 0 7 3 1 6 3 5 3 4 3 2 2 5 5 8 6 4 6 7 5 3 6 5 6 7 1 1 1 7 5 6 0 9 4 3 2 1 1 0 0 9 2 5 4 0 3 1 5 4 9 0 9 4 6 0 4 0 3 8 2 6 7 0 1 4 8 7 2 2 7 6 5 5 9 2 0 4 4 8 7 4 7 3 4 2 7 9 8 6 4 6 9 9 6 0 9 1 8 0 5 0 3 9 7 5 2 2 1 9 7 8 7 4 4 6 5 4 1 1 3 1 3 2 9 4 8 5 5 4 2 2 3 1 5 3 0 0 6 7 1 5 7 0 5 6 0 0 0 8 7 4 9 2 5 3 1 9 8 8 8 7 8 5 0 9 3 7 4 0 5 7 9 9 7 4 3 2 6 2 0 2 7 8 3 7 7 8 6,5792b26819d4849995592e781e198c9a0461dcb158a978fb30e132add727cecb
supplement,1,13004,16,0.9220055710306406,5 4 0 1 6 9 9 2 0 6 1 3 1 1 7 0 8 8 5 8 0 3 1 6 5 5 3 4 1 3 8 9 8 3 4 3 3 6 1 6 5 4 4 8 4 9 8 9 9 8 8 7 3 0 4 7 8 9 0 5 1 7 6 2 1 4 3 1 1 3 2 7 3 6 1 7 5 9 6 2 7 2 2 2 2 3 4 0 2 7 8 4 7 2 2 6 3 2 1 9 2 8 0 4 1 6 1 4 7 5 1 2 1 4 5 4 5 3 6 3 5 2 3 0 0 2 7 3 9 6 9 7 5 0 9 2 6 3 4 3 6 6 7 1 6 5 6 7 8 0 0 7 2 5 3 9 0 3 7 8 1 8 6 7 6 3 3 1 7 5 0 0 7 3 1 6 3 5 3 4 3 2 2 5 5 8 6 4 6 7 5 0 6 9 6 7 1 8 1 7 5 6 0 9 4 3 2 1 1 0 0 9 2 5 4 0 3 1 5 4 9 0 9 4 6 0 4 0 3 8 2 6 7 0 1 4 8 7 2 2 7 6 5 5 9 2 0 4 4 8 7 4 7 8 4 2 7 9 8 6 4 6 9 9 6 0 9 1 8 0 5 0 3 9 7 5 2 2 1 9 7 8 7 4 4 6 5 4 1 1 3 1 3 2 9 4 8 5 5 4 2 2 3 1 5 3 0 0 6 7 1 5 7 0 5 6 0 0 0 8 7 4 9 2 5 3 1 9 8 8 8 7 8 5 0 9 9 7 4 0 5 7 9 9 7 4 3 2 6 2 0 2 7 8 3 7 7 3 6,bfc07cc7b2e69e11af1cbbcdaab8843e27aac3a2ee2715f6847ec1a973f7e098
supplement,1,13004,17,0.9331476323119777,5 4 0 1 6 9 9 2 0 6 1 3 1 1 7 0 8 8 5 8 0 9 1 6 5 5 3 4 1 9 8 9 8 3 4 3 3 6 1 6 5 4 4 8 4 9 8 9 9 2 1 7 3 0 4 7 8 9 0 5 1 7 6 2 1 4 3 1 1 3 2 7 9 6 1 7 5 9 6 2 7 2 2 2 2 3 4 0 2 7 8 4 7 2 2 6 3 2 1 9 2 8 0 9 1 6 1 4 7 5 1 2 1 4 5 4 5 3 6 3 5 2 3 0 0 2 7 8 9 6 9 7 5 0 9 2 6 3 4 3 6 6 7 1 6 5 6 7 8 0 0 7 2 5 3 9 0 3 7 8 1 8 6 7 6 3 3 1 7 5 0 0 7 3 1 6 3 5 3 4 3 2 2 5 5 8 6 4 6 7 5 3 6 5 6 7 1 8 1 7 5 6 0 9 4 3 1 1 1 0 0 9 2 5 4 0 3 1 5 4 9 0 9 4 6 0 4 0 3 8 2 6 7 0 1 4 8 7 2 2 7 6 5 5 9 2 0 4 4 8 7 4 4 8 4 2 7 9 8 6 4 6 9 9 6 0 9 1 8 0 5 0 3 9 7 5 2 2 1 9 7 8 7 4 4 6 5 4 1 1 3 1 3 2 9 4 8 9 5 4 2 2 9 1 5 3 0 0 6 7 1 5 7 0 5 6 0 0 0 8 7 4 9 2 5 3 1 9 8 8 8 7 8 5 0 9 3 7 4 0 5 7 0 9 7 4 3 2 6 2 0 2 7 8 3 7 7 3 6,3dcc7b66d647c0dfba1ed64bc07e1fe72464657514c1cf68af28e205b64a46ac
supplement,1,13004,18,0.9275766016713092,5 4 0 1 6 9 9 2 0 6 6 3 1 1 7 0 8 9 5 8 0 9 1 6 5 5 3 4 1 9 8 9 8 3 4 3 3 6 1 6 5 4 4 8 4 9 8 9 9 8 8 7 3 0 4 7 8 9 0 5 1 7 6 2 1 4 3 1 1 3 2 7 9 6 1 7 5 9 6 2 7 2 2 2 2 3 4 0 2 7 8 4 7 2 2 6 3 2 1 9 2 8 0 9 1 6 1 4 7 5 1 2 1 4 5 4 5 3 6 3 5 2 3 0 0 2 7 3 9 6 9 7 5 0 9 2 6 3 4 3 6 6 7 1 6 5 6 7 8 0 0 7 2 5 3 9 0 3 7 8 1 6 6 7 6 3 3 1 7 5 0 0 7 3 1 6 3 5 3 4 3 2 2 5 5 1 6 4 6 7 5 3 6 5 6 7 1 1 1 7 8 6 0 9 4 3 2 1 1 0 0 9 2 5 4 0 3 1 5 4 9 0 9 4 6 0 4 0 3 8 2 6 7 0 1 4 8 7 2 2 7 6 5 5 9 2 0 4 4 8 7 4 7 8 4 2 7 9 8 6 4 6 9 9 6 0 9 1 8 0 5 0 3 9 7 5 2 2 1 9 7 8 7 4 4 6 5 4 1 1 3 1 3 2 9 4 8 9 5 4 2 2 9 1 5 3 0 0 6 7 1 5 7 0 5 6 0 0 0 8 5 4 9 2 5 3 1 9 8 8 8 7 8 5 0 9 9 7 4 0 5 7 9 9 7 4 3 2 6 2 0 2 7 8 3 7 7 3 6,6eb027211dfd007d21b1351fe2e475e923dbb4676a58e5fa7580916b8edbe25a
supplement,1,13004,19,0.9192200557103064,5 4 0 1 6 9 9 2 0 6 1 3 1 1 7 0 8 9 5 8 0 9 1 6 5 5 3 4 1 3 8 9 8 3 4 3 3 6 1 6 5 4 4 8 4 9 8 9 9 8 1 7 3 0 4 7 8 9 0 5 1 7 6 2 1 4 3 1 1 3 2 7 9 6 1 7 5 8 6 2 7 1 2 2 2 3 4 0 2 7 8 4 7 2 2 6 3 2 1 9 2 8 0 8 1 6 1 4 7 5 1 2 1 4 5 4 5 3 6 3 5 2 3 0 0 2 7 3 9 6 9 7 5 0 9 2 6 3 4 3 6 6 7 1 6 5 6 7 8 0 0 7 2 5 3 9 0 3 7 8 1 8 6 7 6 3 3 1 7 5 0 0 7 3 1 6 3 5 3 4 3 2 2 5 5 1 6 4 6 7 5 0 6 5 6 7 1 1 1 7 5 6 0 9 4 3 1 1 1 0 0 9 2 5 4 0 3 1 5 4 9 0 9 4 6 0 4 0 3 8 2 6 7 0 1 4 8 7 2 2 7 6 5 5 9 2 0 4 4 8 7 4 7 8 4 2 7 9 8 6 4 6 9 9 6 0 9 1 8 0 5 0 3 9 7 5 2 2 1 9 7 8 7 4 4 6 5 4 1 1 3 1 3 2 9 4 8 5 5 4 2 2 9 1 5 3 0 0 6 7 1 5 7 0 5 6 0 0 0 1 7 4 9 2 5 3 1 9 8 8 8 7 8 5 0 9 9 7 4 0 5 7 9 9 7 4 3 2 6 2 0 2 7 8 3 7 7 3 6,50711ea9c41604d4c456de319e87be564d4d1777e52a1d729d2bf4419a58f18f
supplement,1,13004,20,0.9303621169916435,5 4 0 1 6 9 9 2 0 6 1 3 1 1 7 0 8 9 5 8 0 9 1 6 5 5 3 4 1 3 8 9 8 3 4 3 3 6 1 6 5 4 4 8 4 9 8 9 9 2 2 7 3 0 4 7 8 9 0 5 1 7 6 2 1 4 3 1 1 3 2 7 9 6 1 7 5 9 6 2 7 1 2 2 2 3 4 0 2 7 8 4 7 2 2 6 3 2 1 9 2 8 0 7 1 6 1 4 7 5 1 2 1 4 5 4 5 3 6 3 5 2 3 0 0 2 7 3 9 6 9 7 5 0 9 2 6 3 4 3 6 6 7 1 6 5 6 7 8 0 0 7 2 5 3 9 0 3 7 8 1 8 6 7 6 3 3 1 7 5 0 0 7 3 1 6 3 5 8 4 3 2 2 5 5 8 6 4 6 7 5 3 6 5 6 7 1 8 1 7 5 6 0 9 4 3 2 1 1 0 0 9 2 5 4 0 3 1 5 4 9 0 9 4 6 0 4 0 3 8 2 6 7 0 1 4 8 7 2 2 7 6 5 5 9 2 0 4 4 8 7 4 7 8 4 2 7 9 8 6 4 6 9 9 6 0 9 1 8 0 5 0 3 9 7 5 2 2 1 9 7 8 7 4 4 6 5 4 1 1 3 1 3 2 9 4 8 9 5 4 2 2 9 1 5 3 0 0 6 7 1 5 7 0 5 6 0 0 0 8 5 4 9 2 5 3 1 9 8 8 8 7 8 5 0 9 9 7 4 0 5 7 9 9 7 4 3 2 6 2 0 2 7 8 3 7 7 3 6,98a7e79b4863b9f0cdd78b3e0e168a682ae5970b58ed63a96a17a53fa03a2be5
supplement,1,13005,1,0.6740947075208914,5 4 0 1 6 9 9 2 6 8 6 3 1 1 2 0 1 8 8 8 0 0 1 8 9 5 1 1 2 8 1 0 8 3 1 3 3 6 2 6 1 4 4 6 4 9 8 9 9 9 1 7 3 0 6 7 8 2 0 1 1 7 6 2 1 1 3 1 1 3 2 7 0 6 2 7 5 3 6 2 7 2 2 2 2 3 4 0 3 2 1 4 7 2 2 6 3 6 1 8 2 8 0 4 1 6 1 4 7 5 1 8 9 4 9 3 5 3 8 3 5 2 3 0 0 2 7 9 8 6 8 7 5 0 8 2 6 5 4 3 6 6 7 2 6 8 8 7 4 0 0 7 2 5 3 8 0 3 7 1 1 8 6 3 6 3 3 3 7 5 0 0 1 3 2 8 3 9 8 4 3 2 2 5 1 8 0 4 6 9 5 3 6 9 6 7 1 1 1 7 1 8 0 8 1 9 2 2 1 0 0 9 2 6 4 0 9 1 9 4 8 6 8 4 6 8 4 0 2 4 2 6 7 0 1 4 8 5 2 2 7 6 6 5 8 2 0 7 4 1 7 7 7 8 4 7 7 9 8 6 6 6 8 8 6 0 8 4 1 0 5 0 3 8 7 6 2 1 1 9 7 8 7 4 4 6 5 7 2 1 9 1 3 0 8 0 8 9 9 4 2 2 5 1 5 3 0 6 6 9 1 5 7 6 9 6 0 0 0 1 7 4 7 1 5 3 1 8 8 8 1 7 1 6 6 5 8 7 4 0 5 7 0 8 7 6 3 2 6 6 0 2 7 8 3 1 7 1 6,77dd1fa3f19c70ecbc969ef9b7e612c97a30ab93808c85f4a4a383d7f0b22bbc
supplement,1,13005,2,0.8328690807799443,5 4 0 1 6 9 9 2 6 6 4 3 1 1 8 0 8 9 5 5 0 3 1 6 9 5 1 4 1 9 1 9 8 3 4 2 3 6 1 6 5 4 4 5 4 9 1 9 9 8 1 7 3 0 4 7 8 3 0 5 1 7 6 2 1 1 3 1 1 3 2 7 3 6 1 7 5 2 6 2 7 1 2 2 2 3 4 0 8 7 1 4 7 2 2 6 3 1 1 9 2 8 0 8 1 6 1 4 7 5 1 2 9 4 5 4 5 3 6 3 5 2 3 0 0 2 7 9 9 6 9 7 5 0 9 2 6 9 4 3 6 6 7 5 6 5 6 7 8 0 0 7 2 5 3 9 0 3 7 1 8 1 6 2 6 3 3 1 7 5 0 0 1 3 2 6 3 5 3 4 3 2 2 5 1 8 6 4 6 7 5 3 6 5 6 7 1 1 1 7 1 6 0 9 1 3 2 1 1 0 0 9 2 5 4 0 3 1 5 4 9 0 9 4 6 5 1 0 3 8 2 6 7 0 1 4 8 5 2 2 7 6 5 5 9 2 0 7 4 8 7 4 7 9 4 2 7 9 8 5 4 6 9 9 6 0 9 7 1 0 5 0 3 3 7 5 2 1 1 9 7 8 7 4 4 6 5 4 1 1 3 1 3 2 9 4 8 5 5 4 2 2 9 1 5 3 0 6 6 9 1 5 7 0 5 6 0 0 0 1 5 4 7 1 5 3 1 9 8 8 5 7 8 5 0 9 8 7 4 0 5 7 0 9 7 4 3 2 6 2 0 2 7 8 3 1 7 1 6,aa99527b09e19003f92cde6ed1ebf5526f52a1a26cfb7cabe00364d4ea9fb5e8
supplement,1,13005,3,0.8690807799442897,5 4 0 1 6 9 9 2 0 2 6 3 1 1 8 0 8 9 5 8 0 9 1 6 5 5 1 4 1 9 1 9 8 3 4 2 3 6 1 6 5 4 4 5 4 9 8 9 9 1 2 7 3 0 4 7 8 3 0 5 1 7 6 2 2 4 3 1 1 3 2 7 3 6 1 7 5 5 6 2 7 1 2 2 2 3 4 0 2 7 8 4 7 2 2 6 3 1 1 9 2 8 0 8 1 6 1 4 7 5 1 2 9 4 5 4 5 3 6 3 5 2 3 0 0 2 7 9 9 6 9 7 5 0 9 2 6 9 4 3 6 6 7 2 6 5 6 7 8 0 0 7 2 5 3 9 0 3 7 5 1 8 6 2 6 3 3 9 7 5 0 0 8 3 2 6 3 5 8 4 3 2 2 5 5 8 6 4 6 9 5 3 6 5 6 7 1 1 1 7 5 6 0 9 1 3 2 1 1 0 0 9 2 5 4 0 3 1 5 4 9 0 9 4 6 0 4 0 3 7 2 6 7 0 1 4 8 5 2 2 7 6 5 5 9 2 0 4 4 8 7 4 7 9 4 2 7 9 8 5 4 6 9 3 6 0 9 7 8 0 5 0 3 9 7 5 2 2 1 9 7 8 4 4 4 6 5 4 1 9 3 1 3 2 9 4 5 5 5 4 2 2 9 1 5 3 0 0 6 7 1 5 7 0 5 6 0 0 0 1 5 4 9 2 5 3 1 9 8 8 5 7 8 5 0 9 9 7 4 0 5 7 0 9 7 4 3 2 6 2 0 2 7 8 3 7 7 1 6,360c2f8a33515160fc6595b9b56be11d63863ec432dbfe57ec83b68491b085dd
supplement,1,13005,4,0.8969359331476323,5 4 0 1 6 9 9 2 0 6 6 3 1 1 8 0 8 9 5 8 0 3 1 6 5 5 1 4 1 9 8 9 8 3 4 3 3 6 1 6 5 4 4 5 4 9 8 9 9 1 2 7 3 0 4 7 8 9 0 5 1 7 6 2 1 4 3 1 1 3 2 7 3 6 1 7 5 9 6 2 7 1 2 2 2 3 4 0 2 7 8 4 7 2 2 6 3 1 1 9 2 8 0 8 1 6 1 4 7 5 1 2 9 4 5 4 5 3 6 3 5 2 3 0 0 2 7 9 9 6 9 7 5 0 9 2 6 3 4 3 6 6 7 2 6 5 6 7 8 0 0 7 2 5 3 9 0 3 7 7 8 8 6 2 6 3 3 9 7 5 0 0 8 3 1 6 3 5 3 4 3 2 2 5 5 8 6 4 6 5 5 3 6 5 6 7 1 1 1 7 8 6 0 9 4 3 2 1 1 0 0 9 2 5 4 0 3 1 5 4 9 0 9 4 6 0 4 0 3 8 2 6 7 0 1 4 8 7 2 2 7 6 5 5 9 2 0 4 4 8 7 4 7 8 4 2 7 9 8 6 4 6 9 9 6 0 9 1 8 0 5 0 3 9 7 5 2 2 1 9 7 8 7 4 4 6 5 4 1 9 3 1 3 2 9 4 8 5 5 4 2 2 9 1 5 3 0 0 6 7 1 5 7 0 5 6 0 0 0 8 5 4 9 2 5 9 1 9 8 8 8 7 8 5 0 9 9 7 4 0 5 7 0 9 7 4 3 2 6 2 0 2 7 8 3 7 7 1 6,1f1a9001d0097b3d68b0b0b3c0f408272e664f64640f57ddb37ce9f74fcb1caa
supplement,1,13005,5,0.8997214484679665,5 4 0 1 6 9 9 2 6 6 6 3 1 1 7 0 8 9 5 8 0 9 1 6 5 5 1 4 1 9 8 9 8 3 4 3 3 6 1 6 5 4 4 5 4 9 8 9 9 1 2 7 5 0 4 7 8 9 0 5 1 7 6 2 2 4 3 1 1 3 2 7 9 6 1 7 5 5 6 2 7 1 2 2 2 3 4 0 2 7 8 4 7 2 2 6 3 1 1 9 2 8 0 8 1 6 1 4 7 5 1 2 9 4 5 4 5 3 6 3 5 2 3 0 0 2 7 8 9 6 9 7 5 0 9 2 6 9 4 3 6 6 7 1 6 5 6 7 8 0 0 7 2 5 3 9 0 3 7 7 1 8 6 8 6 3 3 9 7 5 0 0 7 3 1 6 3 5 8 4 3 2 2 5 5 8 6 4 6 7 5 0 6 5 6 7 1 1 1 7 8 6 0 9 4 3 2 1 1 0 0 9 2 5 4 0 3 1 5 4 9 0 9 4 6 0 4 0 3 8 2 6 7 0 1 4 8 7 2 2 7 6 5 5 9 2 0 4 4 8 7 4 7 8 4 2 7 9 8 5 4 6 9 9 6 0 9 7 8 0 5 0 3 9 7 5 2 2 1 9 7 8 7 4 4 6 5 4 1 9 3 1 3 2 9 4 8 5 5 4 2 2 9 1 5 3 0 0 6 7 1 5 7 0 5 6 0 0 0 8 5 4 9 2 5 3 1 9 8 8 5 7 8 5 0 9 9 7 4 0 5 7 0 9 7 4 3 2 6 2 0 2 7 8 3 7 7 1 6,505293db1dd6ef15b936b6e47da7b7687b10c968842d786a6606869c92ded517
supplement,1,13005,6,0.9136490250696379,5 4 0 1 6 9 9 2 6 6 6 3 1 1 7 0 8 8 5 8 0 9 1 6 5 5 1 4 1 9 8 9 8 3 4 3 3 6 1 6 5 4 4 5 4 9 8 9 9 1 1 7 3 0 4 7 8 9 0 5 1 7 6 2 1 4 3 1 1 3 2 7 9 6 1 7 5 8 6 2 7 1 2 2 2 3 4 0 2 7 8 4 7 2 2 6 3 1 1 9 2 8 0 8 1 6 1 4 7 5 1 2 9 4 5 4 5 3 6 3 5 2 3 0 0 2 7 8 9 6 9 7 5 0 9 2 6 9 4 3 6 6 7 1 6 5 6 7 8 0 0 7 2 5 3 9 0 3 7 8 1 6 6 8 6 3 3 9 7 5 0 0 8 3 1 6 3 5 8 4 3 2 2 5 5 1 6 4 6 5 5 3 6 5 6 7 1 8 1 4 8 6 0 9 4 3 1 1 1 0 0 9 2 5 4 0 3 1 5 4 9 0 9 4 6 0 4 0 3 8 2 6 7 0 1 4 8 7 2 2 7 6 5 5 9 2 0 4 4 8 7 4 7 8 4 2 7 9 8 6 4 6 9 9 6 0 9 1 8 0 5 0 3 9 7 5 2 2 1 9 7 8 7 4 4 6 5 4 1 9 3 1 3 2 9 4 8 5 5 4 2 2 9 1 5 3 0 0 6 7 1 5 7 0 5 6 0 0 0 8 5 4 9 2 5 3 1 9 8 8 8 7 8 5 0 9 9 7 4 0 5 7 0 9 7 4 3 2 6 2 0 2 7 8 3 7 7 1 6,b923da69d1e28ac7cc980aead04033e8f5566dc4f036070a5212c35f3aa7f8a1
supplement,1,13005,7,0.9025069637883009,5 4 0 1 6 9 9 2 6 6 6 3 1 1 7 0 8 9 5 8 0 9 1 6 5 5 3 4 1 9 8 9 8 3 4 3 3 6 1 6 5 4 4 5 4 9 8 9 9 1 2 7 9 0 4 7 8 9 0 5 1 7 6 2 1 4 3 1 1 3 2 7 9 6 1 7 5 5 6 2 7 1 2 2 2 3 4 0 2 7 8 4 7 2 2 6 3 1 1 9 2 8 0 8 1 6 1 4 7 5 1 2 9 4 5 4 5 3 6 3 5 2 3 0 0 2 7 9 9 6 9 7 5 0 9 2 6 9 4 3 6 6 7 1 6 5 6 7 8 0 0 7 2 5 3 9 0 3 7 8 1 8 6 8 6 3 3 9 7 5 0 0 8 3 1 6 3 5 3 4 3 2 2 5 5 1 6 4 6 5 5 3 6 5 6 7 1 1 1 7 8 6 0 9 4 3 1 1 1 0 0 9 2 5 4 0 3 1 5 4 9 0 9 4 6 0 4 0 3 8 2 6 7 0 1 4 8 7 2 2 7 6 5 5 9 2 0 4 4 8 7 4 7 8 4 2 7 9 8 6 4 6 9 9 6 0 9 7 8 0 5 0 3 9 7 5 2 2 1 9 7 8 7 4 4 6 5 4 1 9 3 1 3 2 9 4 8 9 5 4 2 2 9 1 5 3 0 0 6 7 1 5 7 0 5 6 0 0 0 8 5 4 9 2 5 3 1 9 8 8 8 7 8 5 0 9 9 7 4 0 5 7 0 9 7 4 3 2 6 2 0 2 7 8 3 7 7 1 6,c76cbb22220e8bec7582debf3cf8c1432d794924303c6c4d51c6621d973f5228
supplement,1,13005,8,0.9108635097493036,5 4 0 1 6 9 9 2 6 6 6 3 1 1 7 0 8 8 5 8 0 9 1 6 5 5 3 4 1 9 8 9 8 3 4 3 3 6 1 6 5 4 4 5 4 9 8 9 9 1 1 7 3 0 4 7 8 9 0 5 1 7 6 2 2 4 3 1 1 3 2 7 9 6 1 7 5 5 6 2 7 1 2 2 2 3 4 0 2 7 8 4 7 2 2 6 3 1 1 9 2 8 0 8 1 6 1 4 7 5 1 2 9 4 5 4 5 3 6 3 5 2 3 0 0 2 7 8 9 6 9 7 5 0 9 2 6 3 4 3 6 6 7 1 6 5 6 7 8 0 0 7 2 5 3 9 0 3 7 8 8 8 6 8 6 3 3 9 7 5 0 0 8 3 1 6 3 5 3 4 3 2 2 5 5 1 6 4 6 5 5 3 6 5 6 7 1 1 1 7 8 6 0 9 4 3 1 1 1 0 0 9 2 5 4 0 3 1 5 4 9 0 9 4 6 0 4 0 3 8 2 6 7 0 1 4 8 7 2 2 7 6 5 5 9 2 0 4 4 8 7 4 7 8 4 2 7 9 8 6 4 6 9 9 6 0 9 7 8 0 5 0 3 9 7 5 2 2 1 9 7 8 7 4 4 6 5 4 1 9 3 1 3 2 9 4 8 5 5 4 2 2 9 1 5 3 0 0 6 7 1 5 7 0 5 6 0 0 0 8 5 4 9 2 5 3 1 9 8 8 8 7 8 5 0 9 9 7 4 0 5 7 0 9 7 4 3 2 6 2 0 2 7 8 3 7 7 1 6,291736193f110e7a2b2b25066f8abdf1d77608eb5a167de2a2da2217dcba66bf
supplement,1,13005,9,0.9080779944289693,5 4 0 1 6 9 9 2 6 6 6 3 1 1 7 0 8 9 5 8 0 9 1 6 5 5 3 4 1 9 8 9 8 3 4 3 3 6 1 6 5 4 4 5 4 9 8 9 9 1 8 7 9 0 4 7 8 9 0 5 1 7 6 2 1 4 3 1 1 3 2 7 9 6 1 7 5 5 6 2 7 1 2 2 2 3 4 0 2 7 8 4 7 2 2 6 3 1 1 9 2 8 0 8 1 6 1 4 7 5 1 2 9 4 5 4 5 3 6 3 5 2 3 0 0 2 7 9 9 6 9 7 5 0 9 2 6 3 4 3 6 6 7 1 6 5 6 7 8 0 0 7 2 5 3 9 0 3 7 8 1 8 6 8 6 3 3 9 7 5 0 0 8 3 1 6 3 5 8 4 3 2 2 5 5 1 6 4 6 7 5 0 6 5 6 7 1 1 1 4 8 6 0 9 4 3 1 1 1 0 0 9 2 5 4 0 3 1 5 4 9 0 9 4 6 0 4 0 3 8 2 6 7 0 1 4 8 7 2 2 7 6 5 5 9 2 0 4 4 8 7 4 7 8 4 2 7 9 8 6 4 6 9 9 6 0 9 1 8 0 5 0 3 9 7 5 2 2 1 9 7 8 7 4 4 6 5 4 1 9 3 1 3 2 9 4 8 5 5 4 2 2 9 1 5 3 0 0 6 7 1 5 7 0 5 6 0 0 0 1 5 4 9 2 5 9 1 9 8 8 8 7 8 5 0 9 9 7 4 0 5 7 9 9 7 4 3 2 6 2 0 2 7 8 3 7 7 8 6,8ad9b1fcc7adb46e8f0faa9f81b8578887fdaab4485f806572e685d66b6d4e93
supplement,1,13005,10,0.9080779944289693,5 4 0 1 6 9 9 2 0 6 6 3 1 1 7 0 8 9 5 8 0 9 1 6 5 5 3 4 1 9 8 9 8 3 4 3 3 6 1 6 5 4 4 5 4 9 8 9 9 1 2 7 9 0 4 7 8 9 0 5 8 7 6 2 1 4 3 1 1 3 2 7 9 6 1 7 5 5 6 2 7 1 2 2 2 3 4 0 2 7 8 4 7 2 2 6 3 1 1 9 2 8 0 8 1 6 1 4 7 5 1 2 9 4 5 4 5 3 6 3 5 2 3 0 0 2 7 8 9 6 9 7 5 0 9 2 6 3 4 3 6 6 7 1 6 5 6 7 8 0 0 7 2 5 3 9 0 3 7 8 8 8 6 8 6 3 3 9 7 5 0 0 8 3 1 6 3 5 8 4 3 2 2 5 5 1 6 4 6 7 5 0 6 5 6 7 1 1 1 7 8 6 0 9 4 3 1 1 1 0 0 9 2 5 4 0 3 1 5 4 9 0 9 4 6 0 4 0 3 8 2 6 7 0 1 4 8 7 2 2 7 6 5 5 9 2 0 4 4 8 7 4 7 8 4 2 7 9 8 6 4 6 9 9 6 0 9 7 8 0 5 0 3 9 7 5 2 2 1 9 7 8 7 4 4 6 5 4 1 9 3 1 3 2 9 4 8 5 5 4 2 2 9 1 5 3 0 0 6 7 1 5 7 0 5 6 0 0 0 1 5 4 9 2 5 3 1 9 8 8 8 7 8 5 0 9 9 7 4 0 5 7 9 9 7 4 3 2 6 2 0 2 7 8 3 7 7 8 6,d9630a0c0f8047c0b7417d94c7886b91e33df02da0334f2125cf0efed4ae0ee8
supplement,1,13005,11,0.9164345403899722,5 4 0 1 6 9 9 2 6 6 6 3 1 1 7 0 8 9 5 8 0 9 1 6 5 5 3 4 1 9 8 9 8 3 4 3 3 6 1 6 5 4 4 5 4 9 8 9 9 1 2 7 3 0 4 7 8 9 0 5 1 7 6 2 1 4 3 1 1 3 2 7 9 6 1 7 5 5 6 2 7 1 2 2 2 3 4 0 2 7 8 4 7 2 2 6 3 1 1 9 2 8 0 8 1 6 1 4 7 5 1 2 9 4 5 4 5 3 6 3 5 2 3 0 0 2 7 8 9 6 9 7 5 0 9 2 6 3 4 3 6 6 7 1 6 5 6 7 8 0 0 7 2 5 3 9 0 3 7 8 8 8 6 8 6 3 3 9 7 5 0 0 8 3 1 6 3 5 3 4 3 2 2 5 5 2 6 4 6 7 5 3 6 5 6 7 1 1 1 7 8 6 0 9 4 3 1 1 1 0 0 9 2 5 4 0 3 1 5 4 9 0 9 4 6 0 4 0 3 8 2 6 7 0 1 4 8 7 2 2 7 6 5 5 9 2 0 4 4 8 7 4 7 8 4 2 7 9 8 6 4 6 9 9 6 0 9 1 8 0 5 0 3 9 7 5 2 2 1 9 7 8 7 4 4 6 5 4 1 1 3 1 3 2 9 4 8 5 5 4 2 2 9 1 5 3 0 0 6 7 1 5 7 0 5 6 0 0 0 8 5 4 9 2 5 3 1 9 8 8 8 7 8 5 0 9 9 7 4 0 5 7 0 9 7 4 3 2 6 2 0 2 7 8 3 7 7 8 6,5787a61b82aa9d1d4e6514c2bf15f0c968451822bcfadd997d8b91ac2519c923
supplement,1,13005,12,0.924791086350975,5 4 0 1 6 9 9 2 0 6 6 3 1 1 7 0 8 8 5 8 0 9 1 6 5 5 3 4 1 9 8 9 8 3 4 3 3 6 1 6 5 4 4 5 4 9 8 9 9 1 8 7 3 0 4 7 8 9 0 5 1 7 6 2 1 4 3 1 1 3 2 7 9 6 1 7 5 5 6 2 7 1 2 2 2 3 4 0 2 7 8 4 7 2 2 6 3 1 1 9 2 8 0 8 1 6 1 4 7 5 1 2 9 4 5 4 5 3 6 3 5 2 3 0 0 2 7 8 9 6 9 7 5 0 9 2 6 9 4 3 6 6 7 1 6 5 6 7 8 0 0 7 2 5 3 9 0 3 7 8 8 8 6 8 6 3 3 1 7 5 0 0 8 3 1 6 3 5 8 4 3 2 2 5 5 1 6 4 6 7 5 3 6 5 6 7 1 8 1 7 8 6 0 9 4 3 2 1 1 0 0 9 2 5 4 0 3 1 5 4 9 0 9 4 6 0 4 0 3 8 2 6 7 0 1 4 8 7 2 2 7 6 5 5 9 2 0 4 4 8 7 4 7 8 4 2 7 9 8 6 4 6 9 9 6 0 9 7 8 0 5 0 3 9 7 5 2 2 1 9 7 8 7 4 4 6 5 4 1 9 3 1 3 2 9 4 8 5 5 4 2 2 9 1 5 3 0 0 6 7 1 5 7 0 5 6 0 0 0 8 8 4 9 2 5 3 1 9 8 8 8 7 8 5 0 9 9 7 4 0 5 7 0 9 7 4 3 2 6 2 0 2 7 8 3 7 7 8 6,674453fe591b303f7c15a7e44a6c59e3e2e49a675c96c81af4d9717b9d6e98fb
supplement,1,13005,13,0.9164345403899722,5 4 0 1 6 9 9 2 0 6 6 3 1 1 7 0 8 9 5 8 0 9 1 6 5 5 3 4 1 9 8 9 8 3 4 3 3 6 1 6 5 4 4 5 4 9 8 9 9 8 8 7 9 0 4 7 8 9 0 5 8 7 6 2 1 4 3 1 1 3 2 7 9 6 1 7 5 9 6 2 7 1 2 2 2 3 4 0 2 7 8 4 7 2 2 6 3 1 1 9 2 8 0 8 1 6 1 4 7 5 1 2 9 4 5 4 5 3 6 3 5 2 3 0 0 2 7 8 9 6 9 7 5 0 9 2 6 9 4 3 6 6 7 1 6 5 6 7 8 0 0 7 2 5 3 9 0 3 7 8 8 8 6 8 6 3 3 1 7 5 0 0 8 3 1 6 3 5 8 4 3 2 2 5 5 1 6 4 6 7 5 3 6 5 6 7 1 8 1 7 5 6 0 9 4 3 1 1 1 0 0 9 2 5 4 0 3 1 5 4 9 0 9 4 6 0 4 0 3 8 2 6 7 0 1 4 8 7 2 2 7 6 5 5 9 2 0 4 4 8 7 4 7 8 4 2 7 9 8 6 4 6 9 9 6 0 9 7 8 0 5 0 3 9 7 5 2 2 1 9 7 8 7 4 4 6 5 4 1 9 3 1 3 2 9 4 8 5 5 4 2 2 9 1 5 3 0 0 6 7 1 5 7 0 5 6 0 0 0 8 5 4 9 2 5 9 1 9 8 8 8 7 8 5 0 9 9 7 4 0 5 7 9 9 7 4 3 2 6 2 0 2 7 8 3 7 7 8 6,89adca0ce5fbc589be81ec4e0b535e0cddf9cf66d76273c4ad39e1e5948f7f2f
supplement,1,13005,14,0.924791086350975,5 4 0 1 6 9 9 2 0 6 1 3 1 1 7 0 8 9 5 8 0 9 1 6 5 5 3 4 1 9 8 9 8 3 4 3 3 6 1 6 5 4 4 5 4 9 8 9 9 2 1 7 3 0 4 7 8 9 0 5 8 7 6 2 1 4 3 1 1 3 2 7 9 6 1 7 5 9 6 2 7 2 2 2 2 3 4 0 2 7 8 4 7 2 2 6 3 2 1 9 2 8 0 8 1 6 1 4 7 5 1 2 9 4 5 4 5 3 6 3 5 2 3 0 0 2 7 8 9 6 9 7 5 0 9 2 6 3 4 3 6 6 7 1 6 5 6 7 8 0 0 7 2 5 3 9 0 3 7 8 8 8 6 8 6 3 3 9 7 5 0 0 8 3 1 6 3 5 8 4 3 2 2 5 5 8 6 4 6 7 5 0 6 5 6 7 1 1 1 7 5 6 0 9 4 3 1 1 1 0 0 9 2 5 4 0 3 1 5 4 9 0 9 4 6 0 4 0 3 8 2 6 7 0 1 4 8 7 2 2 7 6 5 5 9 2 0 4 4 8 7 4 7 8 4 2 7 9 8 6 4 6 9 9 6 0 9 7 8 0 5 0 3 9 7 5 2 2 1 9 7 8 7 4 4 6 5 4 1 9 3 1 3 2 9 4 8 5 5 4 2 2 9 1 5 3 0 0 6 9 1 5 7 0 5 6 0 0 0 8 8 4 9 2 5 3 1 9 8 8 8 7 8 5 0 9 9 7 4 0 5 7 0 9 7 4 3 2 6 2 0 2 7 8 3 7 7 8 6,8ebf31aeafc997b75aaef476ae0a25faf42af2ce7b130cb581dc5598f17f8807
supplement,1,13005,15,0.9192200557103064,5 4 0 1 6 9 9 2 0 6 1 3 1 1 7 0 8 9 5 8 0 9 1 6 5 5 3 4 1 9 8 9 8 3 4 3 3 6 1 6 5 4 4 5 4 9 8 9 9 2 2 7 9 0 4 7 8 9 0 5 1 7 6 2 1 4 3 1 1 3 2 7 9 6 1 7 5 5 6 2 7 2 2 2 2 3 4 0 2 7 8 4 7 2 2 6 3 1 1 9 2 8 0 7 1 6 1 4 7 5 1 2 9 4 5 4 5 3 6 3 5 2 3 0 0 2 7 9 9 6 9 7 5 0 9 2 6 3 4 3 6 6 7 1 6 5 6 7 8 0 0 7 2 5 3 9 0 3 7 8 8 8 6 8 6 3 3 9 7 5 0 0 8 3 1 6 3 5 8 4 3 2 2 5 5 1 6 4 6 7 5 3 6 5 6 7 1 8 1 7 8 6 0 9 4 3 1 1 1 0 0 9 2 5 4 0 3 1 5 4 9 0 9 4 6 0 4 0 3 8 2 6 7 0 1 4 8 7 2 2 7 6 5 5 9 2 0 4 4 8 7 4 7 8 4 2 7 9 8 6 4 6 9 9 6 0 9 1 8 0 5 0 3 9 7 5 2 2 1 9 7 8 7 4 4 6 5 4 1 9 3 1 3 2 9 4 8 5 5 4 2 2 9 1 5 3 0 0 6 7 1 5 7 0 5 6 0 0 0 8 8 4 9 2 5 3 1 9 8 8 8 7 8 5 0 9 9 7 4 0 5 7 0 9 7 4 3 2 6 2 0 2 7 8 3 7 7 8 6,8480ed88746d2b131f26e3eefe13fd673bc7dd41cfa228434e17930f4294c50d
supplement,1,13005,16,0.9303621169916435,5 4 0 1 6 9 9 2 0 6 6 3 1 1 7 0 8 8 5 8 0 9 1 6 5 5 3 4 1 9 8 9 8 3 4 3 3 6 1 6 5 4 4 5 4 9 8 9 9 2 2 7 3 0 4 7 8 9 0 5 1 7 6 2 1 4 3 1 1 3 2 7 9 6 1 7 5 5 6 2 7 1 2 2 2 3 4 0 2 7 8 4 7 2 2 6 3 1 1 9 2 8 0 8 1 6 1 4 7 5 1 2 9 4 5 4 5 3 6 3 5 2 3 0 0 2 7 8 9 6 9 7 5 0 9 2 6 3 4 3 6 6 7 1 6 5 6 7 8 0 0 7 2 5 3 9 0 3 7 8 1 8 6 8 6 3 3 9 7 5 0 0 8 3 1 6 3 5 8 4 3 2 2 5 5 2 6 4 6 7 5 0 6 5 6 7 1 1 1 7 8 6 0 9 4 3 1 1 1 0 0 9 2 5 4 0 3 1 5 4 9 0 9 4 6 0 4 0 3 8 2 6 7 0 1 4 8 7 2 2 7 6 5 5 9 2 0 4 4 8 7 4 7 8 4 2 7 9 8 6 4 6 9 9 6 0 9 7 8 0 5 0 3 9 7 5 2 2 1 9 7 8 7 4 4 6 5 4 1 1 3 1 3 2 9 4 8 5 5 4 2 2 9 1 5 3 0 0 6 7 1 5 7 0 5 6 0 0 0 8 8 4 9 2 5 3 1 9 8 8 8 7 8 5 0 9 9 7 4 0 5 7 9 9 7 4 3 2 6 2 0 2 7 8 3 7 7 8 6,7674b8b9387b5d8a722ca4432d304d222921715f85b1f4dd64fffa11a07fba4a
supplement,1,13005,17,0.9275766016713092,5 4 0 1 6 9 9 2 0 6 6 3 1 1 7 0 8 8 5 8 0 9 1 6 5 5 3 4 1 9 8 9 8 3 4 3 3 6 1 6 5 4 4 5 4 9 8 9 9 8 1 7 3 0 4 7 8 9 0 5 8 7 6 2 2 4 3 1 1 3 2 7 9 6 1 7 5 9 6 2 7 1 2 2 2 3 4 0 2 7 8 4 7 2 2 6 3 1 1 9 2 8 0 8 1 6 1 4 7 5 1 2 9 4 5 4 5 3 6 3 5 2 3 0 0 2 7 8 9 6 9 7 5 0 9 2 6 3 4 3 6 6 7 1 6 5 6 7 8 0 0 7 2 5 3 9 0 3 7 8 8 8 6 7 6 3 3 1 7 5 0 0 8 3 1 6 3 5 8 4 3 2 2 5 5 1 6 4 6 7 5 0 6 5 6 7 1 8 1 7 8 6 0 9 4 3 1 1 1 0 0 9 2 5 4 0 3 1 5 4 9 0 9 4 6 0 4 0 3 8 2 6 7 0 1 4 8 7 2 2 7 6 5 5 9 2 0 4 4 8 7 4 7 8 4 2 7 9 8 6 4 6 9 9 6 0 9 7 8 0 5 0 3 9 7 5 2 2 1 9 7 8 7 4 4 6 5 4 1 1 3 1 3 2 9 4 8 5 5 4 2 2 9 1 5 3 0 0 6 7 1 5 7 0 5 6 0 0 0 8 8 4 9 2 5 3 1 9 8 8 8 7 8 5 0 9 9 7 4 0 5 7 0 9 7 4 3 2 6 2 0 2 7 8 3 7 7 8 6,0e79ec916df4cbf7ba0531c8f17eedd8512dfdd6427cc04657a7d1924c0443b1
supplement,1,13005,18,0.9192200557103064,5 4 0 1 6 9 9 2 0 6 6 3 1 1 7 0 8 9 5 8 0 9 1 6 5 5 3 4 1 9 8 9 8 3 4 3 3 6 1 6 5 4 4 5 4 9 8 9 9 1 2 7 9 0 4 7 8 9 0 5 1 7 6 2 1 4 3 1 1 3 2 7 9 6 1 7 5 8 6 2 7 1 2 2 2 3 4 0 2 7 8 4 7 2 2 6 3 2 1 9 2 8 0 8 1 6 1 4 7 5 1 2 9 4 5 4 5 3 6 3 5 2 3 0 0 2 7 8 9 6 9 7 5 0 9 2 6 3 4 3 6 6 7 1 6 5 6 7 8 0 0 7 2 5 3 9 0 3 7 8 8 8 6 8 6 3 3 9 7 5 0 0 8 3 1 6 3 5 8 4 3 2 2 5 5 2 6 4 6 7 5 3 6 5 6 7 1 1 1 7 8 6 0 9 4 3 2 1 1 0 0 9 2 5 4 0 3 1 5 4 9 0 9 4 6 0 4 0 3 8 2 6 7 0 1 4 8 7 2 2 7 6 5 5 9 2 0 4 4 8 7 4 7 8 4 2 7 9 8 6 4 6 9 9 6 0 9 1 8 0 5 0 3 9 7 5 2 2 1 9 7 8 7 4 4 6 5 4 1 1 3 1 3 2 9 4 8 5 5 4 2 2 9 1 5 3 0 0 6 7 1 5 7 0 5 6 0 0 0 8 5 4 9 2 5 3 1 9 8 8 8 7 8 5 0 9 9 7 4 0 5 7 0 9 7 4 3 2 6 2 0 2 7 8 3 7 7 8 6,1272776e83bbef1c6ca436ee7ed45ba873076a0f29ebcfa5d58e165b3f667af1
supplement,1,13005,19,0.9136490250696379,5 4 0 1 6 9 9 2 6 6 1 3 1 1 7 0 8 8 5 8 0 9 1 6 5 5 3 4 1 9 8 9 8 3 4 3 3 6 1 6 5 4 4 5 4 9 1 9 9 1 1 7 9 0 4 7 8 9 0 5 1 7 6 2 1 4 3 1 1 3 2 7 9 6 1 7 5 5 6 2 7 1 2 2 2 3 4 0 2 7 8 4 7 2 2 6 3 2 1 9 2 8 0 8 1 6 1 4 7 5 1 2 9 4 5 4 5 3 6 3 5 2 3 0 0 2 7 9 9 6 9 7 5 0 9 2 6 3 4 3 6 6 7 1 6 5 6 7 8 0 0 7 2 5 3 9 0 3 7 8 8 8 6 8 6 3 3 9 7 5 0 0 8 3 1 6 3 5 8 4 3 2 2 5 5 8 6 4 6 7 5 0 6 5 6 7 1 1 1 7 5 6 0 9 4 3 1 1 1 0 0 9 2 5 4 0 3 1 5 4 9 0 9 4 6 0 4 0 3 8 2 6 7 0 1 4 8 7 2 2 7 6 5 5 9 2 0 4 4 8 7 4 7 3 4 2 7 9 8 6 4 6 9 9 6 0 9 1 8 0 5 0 3 9 7 5 2 2 1 9 7 8 7 4 4 6 5 4 1 1 3 1 3 2 9 4 8 5 5 4 2 2 9 1 5 3 0 0 6 9 1 5 7 0 5 6 0 0 0 8 5 4 9 2 5 3 1 9 8 8 8 7 8 5 0 9 9 7 4 0 5 7 9 9 7 4 3 2 6 2 0 2 7 8 3 7 7 8 6,de32b737ed1afce31083c882d96ba0363152c70c883c2d52479e6c81b27d8cf4
supplement,1,13005,20,0.9303621169916435,5 4 0 1 6 9 9 2 0 6 6 3 1 1 7 0 8 9 5 8 0 9 1 6 5 5 3 4 1 9 8 9 8 3 4 3 3 6 1 6 5 4 4 5 4 9 8 9 9 2 1 7 9 0 4 7 8 9 0 5 8 7 6 2 1 4 3 1 1 3 2 7 9 6 1 7 5 9 6 2 7 1 2 2 2 3 4 0 2 7 8 4 7 2 2 6 3 1 1 9 2 8 0 8 1 6 1 4 7 5 1 2 9 4 5 4 5 3 6 3 5 2 3 0 0 2 7 9 9 6 9 7 5 0 9 2 6 3 4 3 6 6 7 1 6 5 6 7 8 0 0 7 2 5 3 9 0 3 7 8 8 8 6 8 6 3 3 1 7 5 0 0 8 3 1 6 3 5 8 4 3 2 2 5 5 1 6 4 6 7 5 3 6 5 6 7 1 8 1 7 8 6 0 9 4 3 1 1 1 0 0 9 2 5 4 0 3 1 5 4 9 0 9 4 6 0 4 0 3 8 2 6 7 0 1 4 8 7 2 2 7 6 5 5 9 2 0 4 4 8 7 4 7 8 4 2 7 9 8 5 4 6 9 9 6 0 9 1 8 0 5 0 3 9 7 5 2 2 1 9 7 8 7 4 4 6 5 4 1 1 3 1 3 2 9 4 8 9 5 4 2 2 9 1 5 3 0 0 6 7 1 5 7 0 5 6 0 0 0 8 8 4 9 2 5 3 1 9 8 8 8 7 8 5 0 9 9 7 4 0 5 7 9 9 7 4 3 2 6 2 0 2 7 8 3 7 7 8 6,e5c08d8e8204073e0db2c90aac6c2ae86af29b8f1dabeeef7051373ef649eb02
supplement,1,13006,1,0.5292479108635098,7 4 0 1 0 9 9 1 0 0 0 3 1 1 4 0 1 7 5 4 0 0 1 0 9 4 3 4 1 5 0 3 0 3 4 2 3 0 1 0 5 4 4 6 4 0 1 2 3 1 1 3 0 4 4 1 7 3 0 8 1 2 6 1 1 4 1 1 4 3 2 3 2 0 1 2 5 9 0 6 1 1 2 1 2 3 4 0 2 4 1 6 3 2 2 0 3 1 1 3 8 0 4 3 1 0 1 4 2 5 1 0 9 4 5 5 8 3 0 3 3 2 3 0 0 1 9 3 3 0 9 2 5 4 9 2 0 0 4 0 0 0 4 2 0 5 6 1 1 0 0 3 5 5 3 9 0 3 3 1 1 7 0 2 0 2 3 1 4 5 0 0 3 3 1 0 3 4 1 4 8 2 2 9 8 1 6 4 0 9 7 0 6 5 6 1 1 1 9 4 9 0 0 9 1 3 1 1 1 0 5 9 2 5 4 0 2 1 9 6 9 0 2 4 0 6 4 0 7 7 2 0 3 0 1 4 7 3 2 2 1 6 5 4 9 1 0 4 4 3 1 4 7 7 4 1 1 2 2 0 4 6 7 0 6 4 9 4 1 0 5 0 3 2 2 5 2 3 1 2 4 8 4 4 4 0 5 4 1 1 8 1 3 2 9 4 8 9 5 4 2 2 9 1 5 0 0 0 6 9 1 9 1 0 3 0 0 0 4 1 2 4 9 3 9 9 1 9 8 8 8 1 4 5 0 5 9 7 4 0 8 1 8 9 3 4 3 2 0 2 0 2 4 4 3 1 9 8 0,5acdd8bb6120db0a1ba318f03f6d7fd147100503a2c874029905b7e640ed5a5f
supplement,1,13006,2,0.8022284122562674,5 4 0 1 6 9 9 2 4 6 1 2 1 1 4 0 8 9 4 8 0 3 1 6 5 5 3 4 1 5 8 9 8 3 4 3 3 6 1 6 5 4 4 6 4 9 1 9 3 1 1 2 3 0 4 7 3 3 0 8 1 4 6 2 1 4 3 1 1 3 2 7 3 6 1 7 5 9 6 2 7 1 2 1 2 3 4 0 2 4 4 4 7 2 2 6 3 1 1 9 2 1 0 4 1 6 1 4 2 5 1 2 9 4 5 4 5 3 6 3 5 2 3 0 0 2 4 2 9 6 3 7 5 0 5 2 6 3 4 3 6 6 4 1 6 5 6 7 1 0 0 3 2 5 3 9 0 3 7 8 4 7 6 2 6 3 3 1 2 5 0 0 8 3 1 6 3 5 3 4 3 2 2 5 8 1 6 4 6 5 5 0 6 5 6 7 1 1 1 4 5 6 0 9 4 3 1 1 1 0 0 9 2 5 4 0 3 1 5 4 9 0 9 4 6 4 4 0 3 7 2 6 4 0 1 4 8 7 2 2 4 6 5 5 9 2 0 4 4 1 7 4 4 3 4 2 7 9 2 6 4 6 9 3 6 0 9 1 1 0 5 0 3 9 2 5 2 3 1 0 4 8 4 4 4 6 5 4 1 1 3 1 3 2 9 4 8 9 5 4 2 2 9 1 5 3 0 0 6 7 4 5 7 0 5 6 0 0 0 1 8 4 9 3 5 3 1 9 8 8 8 7 8 5 0 9 9 4 4 0 5 7 0 9 7 4 3 2 6 2 0 2 7 8 3 7 7 3 6,f47a08be387e2f56ce7afb664cf298dc0470da5689528bbb77d6fcec055d3651
supplement,1,13006,3,0.871866295264624,5 4 0 1 6 9 9 2 4 6 1 2 1 1 7 0 1 9 5 8 0 3 1 6 5 5 3 4 1 5 8 9 8 3 4 3 3 6 1 6 5 4 4 5 4 9 1 9 9 1 1 7 3 0 4 7 8 3 0 3 1 7 6 2 1 4 3 1 1 3 2 7 9 6 1 7 5 9 6 2 7 1 2 2 2 3 4 0 2 4 8 4 7 2 2 6 3 1 1 9 2 8 0 7 1 6 1 4 7 5 1 2 9 4 5 4 5 3 6 3 5 2 3 0 0 2 7 3 9 6 9 7 5 0 9 2 6 3 4 3 6 6 4 1 6 5 6 7 8 0 0 7 2 5 3 9 0 3 7 8 4 8 6 8 6 3 3 1 7 5 0 0 8 3 1 6 3 5 3 4 3 2 2 5 8 1 6 4 6 7 5 0 6 9 6 7 1 1 1 7 5 6 0 9 4 3 1 1 1 0 0 9 2 5 4 0 3 1 5 4 9 0 9 4 6 0 4 0 3 7 2 6 4 0 1 4 8 7 2 2 7 6 5 5 9 2 0 4 4 2 7 4 7 8 4 2 7 9 8 6 4 6 9 9 6 0 9 1 1 0 5 0 3 9 2 5 2 3 1 9 2 8 7 4 4 6 5 4 1 1 3 1 3 2 9 4 8 9 5 4 2 2 9 1 5 3 0 0 6 9 1 5 7 0 5 6 0 0 0 1 7 4 9 2 5 3 1 9 8 8 8 7 8 5 0 9 9 7 4 0 5 7 0 9 7 4 3 2 6 2 0 2 7 8 3 7 7 3 6,3d3c56fdb757e7283169500fd6557fe4c8ff8481efb4368a69f6556f12a4415b
supplement,1,13006,4,0.8857938718662952,5 4 0 1 6 9 9 2 0 6 1 3 1 1 7 0 8 8 5 8 0 3 1 6 5 5 3 4 1 9 8 9 8 3 4 3 3 6 1 6 5 4 4 5 4 9 1 9 9 8 1 7 3 0 4 7 8 3 0 5 1 7 6 2 1 4 3 1 1 3 2 7 9 6 1 7 5 9 6 2 7 1 2 2 2 3 4 0 2 4 8 4 7 2 2 6 3 1 1 9 2 8 0 7 1 6 1 4 7 5 1 2 9 4 5 4 5 3 6 3 5 2 3 0 0 2 7 3 9 6 9 7 5 0 9 2 6 3 4 3 6 6 7 1 6 5 6 7 8 0 0 7 2 5 3 9 0 3 7 8 8 8 6 8 6 3 3 1 7 5 0 0 8 3 1 6 3 5 3 4 3 2 2 5 5 1 6 4 6 7 5 3 6 9 6 7 1 8 1 7 8 6 0 9 4 3 1 1 1 0 0 9 2 5 4 0 3 1 5 4 9 0 9 4 6 0 4 0 3 7 2 6 7 0 1 4 8 7 2 2 7 6 5 5 9 2 0 4 4 8 7 4 7 8 4 2 7 9 8 6 4 6 9 3 6 0 9 1 1 0 5 0 3 9 2 5 2 3 1 9 2 8 7 4 4 6 5 4 1 1 3 1 3 2 9 4 8 9 5 4 2 2 3 1 5 3 0 0 6 7 1 5 7 0 5 6 0 0 0 8 7 4 7 2 5 3 1 9 8 8 8 7 8 5 0 9 9 7 4 0 5 7 9 9 7 4 3 2 6 2 0 2 7 8 3 7 7 8 6,35ce418d4297a65db5feccc105bb3a2001706a51e84ff03911cba3d239576826
supplement,1,13006,5,0.9220055710306406,5 4 0 1 6 9 9 2 0 6 6 3 1 1 7 0 8 8 5 8 0 3 1 6 5 5 3 4 1 9 8 9 8 3 4 3 3 6 1 6 5 4 4 5 4 9 8 9 9 1 1 7 3 0 4 7 8 9 0 5 8 7 6 2 1 4 3 1 1 3 2 7 9 6 1 7 5 9 6 2 7 1 2 2 2 3 4 0 2 7 8 4 7 2 2 6 3 1 1 9 2 8 0 7 1 6 1 4 7 5 1 2 9 4 5 4 5 3 6 3 5 2 3 0 0 2 7 3 9 6 9 7 5 0 9 2 6 3 4 3 6 6 7 1 6 5 6 7 8 0 0 7 2 5 3 9 0 3 7 8 1 8 6 8 6 3 3 1 7 5 0 0 7 3 1 6 3 5 8 4 3 2 2 5 8 1 6 4 6 7 5 3 6 5 6 7 1 1 1 7 8 6 0 9 4 3 1 1 1 0 0 9 2 5 4 0 3 1 5 4 9 0 9 4 6 0 4 0 3 8 2 6 7 0 1 4 8 7 2 2 7 6 5 5 9 2 0 4 4 8 7 4 7 8 4 2 7 9 8 6 4 6 9 9 6 0 9 1 8 0 5 0 3 9 7 5 2 3 1 9 7 8 7 4 4 6 5 4 1 1 3 1 3 2 9 4 8 5 5 4 2 2 9 1 5 3 0 0 6 7 1 5 7 0 5 6 0 0 0 8 7 4 9 2 5 3 1 9 8 8 8 7 8 5 0 9 9 7 4 0 5 7 9 9 7 4 3 2 6 2 0 2 7 8 3 7 7 8 6,fcec8e985134058dabceca912da49910fb972c9caa6ae38ef334de676e7e3a20
supplement,1,13006,6,0.8969359331476323,5 4 0 1 6 9 9 2 0 6 6 3 1 1 7 0 8 9 5 8 0 3 1 6 5 5 3 4 1 9 8 9 8 3 4 3 3 6 1 6 5 4 4 5 4 9 1 9 9 1 1 7 3 0 4 7 8 9 0 5 1 7 6 2 1 4 3 1 1 3 2 7 9 6 1 7 5 9 6 2 7 1 2 2 2 3 4 0 2 7 8 4 7 2 2 6 3 1 1 9 2 8 0 7 1 6 1 4 7 5 1 2 9 4 5 4 5 3 6 3 5 2 3 0 0 2 7 3 9 6 9 7 5 0 9 2 6 3 4 3 6 6 7 1 6 5 6 7 8 0 0 7 2 5 3 9 0 3 7 8 8 8 6 8 6 3 3 9 7 5 0 0 7 3 1 6 3 5 3 4 3 2 2 5 8 1 6 4 6 7 5 3 6 9 6 7 1 1 1 7 5 6 0 9 4 3 1 1 1 0 0 9 2 5 4 0 3 1 5 4 9 0 9 4 6 0 4 0 3 7 2 6 7 0 1 4 8 7 2 2 7 6 5 5 9 2 0 4 4 8 7 4 7 8 4 7 7 9 8 6 4 6 9 9 6 0 9 1 8 0 5 0 3 9 7 5 2 9 1 9 7 8 7 4 4 6 5 4 1 1 3 1 3 2 9 4 8 5 5 4 2 2 9 1 5 3 0 0 6 7 1 5 7 0 5 6 0 0 0 8 7 4 7 2 5 3 1 9 8 8 8 7 8 5 0 9 9 7 4 0 5 7 9 9 7 4 3 2 6 2 0 2 7 8 3 7 7 8 6,7b4186493bc373261f43186b3bd7bb4f6f1f3079a8fd65432c2d12c963307fb7
supplement,1,13006,7,0.8941504178272981,5 4 0 1 6 9 9 2 6 6 6 3 1 1 7 0 8 9 5 8 0 3 1 6 5 5 3 4 1 9 8 9 8 3 4 3 3 6 1 6 5 4 4 5 4 9 1 9 9 1 1 7 9 0 4 7 8 9 0 5 1 7 6 2 1 4 3 1 1 3 2 7 3 6 1 7 5 9 6 2 7 1 2 2 2 3 4 0 2 7 8 4 7 2 2 6 3 1 1 9 2 8 0 7 1 6 1 4 7 5 1 2 9 4 5 5 5 3 6 3 5 2 3 0 0 2 7 3 9 6 9 7 5 0 9 2 6 9 4 3 6 6 7 1 6 5 6 7 8 0 0 7 2 5 3 9 0 3 7 8 1 8 6 8 6 3 3 1 7 5 0 0 7 3 1 6 3 5 3 4 3 2 2 5 8 1 6 4 6 7 5 3 6 5 6 7 1 1 1 7 8 6 0 9 4 3 1 1 1 0 0 9 2 5 4 0 3 1 5 4 9 0 9 4 6 0 4 0 3 7 2 6 7 0 1 4 8 7 2 2 7 6 5 5 9 2 0 4 4 8 7 4 7 8 4 7 7 9 8 6 4 6 9 9 6 0 9 1 8 0 5 0 3 9 7 5 2 3 1 9 7 8 7 4 4 6 5 4 1 1 3 1 3 2 9 4 8 5 5 4 2 2 9 1 5 3 0 0 6 7 1 5 7 0 5 6 0 0 0 1 7 4 9 2 5 3 1 9 8 8 8 7 8 5 0 9 9 7 4 0 5 7 9 9 7 4 3 2 6 2 0 2 7 8 3 7 7 8 6,16b142856ca707147f3a570fd7e67541d0d4aa517f082ee1ad3971fe0c673484
supplement,1,13006,8,0.924791086350975,5 4 0 1 6 9 9 2 0 6 6 3 1 1 7 0 8 8 5 8 0 3 1 6 5 5 3 4 1 9 8 9 8 3 4 3 3 6 1 6 5 4 4 5 4 9 8 9 9 8 8 7 3 0 4 7 8 9 0 5 1 7 6 2 1 4 3 1 1 3 2 7 9 6 1 7 5 9 6 2 7 1 2 2 2 3 4 0 2 7 8 4 7 2 2 6 3 1 1 9 2 8 0 7 1 6 1 4 7 5 1 2 9 4 5 4 5 3 6 3 5 2 3 0 0 2 7 3 9 6 9 7 5 0 9 2 6 3 4 3 6 6 7 1 6 5 6 7 8 0 0 7 2 5 3 9 0 3 7 8 8 8 6 8 6 3 3 1 7 5 0 0 7 3 1 6 3 5 8 4 3 2 2 5 8 1 6 4 6 7 5 3 6 9 6 7 1 1 1 7 8 6 0 9 4 3 1 1 1 0 0 9 2 5 4 0 3 1 5 4 9 0 9 4 6 0 4 0 3 8 2 6 7 0 1 4 8 7 2 2 7 6 5 5 9 2 0 4 4 8 7 4 7 8 4 2 7 9 8 6 4 6 9 9 6 0 9 1 8 0 5 0 3 9 7 5 2 2 1 9 7 8 7 4 4 6 5 4 1 1 3 1 3 2 9 4 8 5 5 4 2 2 9 1 5 3 0 0 6 7 1 5 7 0 5 6 0 0 0 8 7 4 9 2 5 3 1 9 8 8 8 7 8 5 0 9 9 7 4 0 5 7 9 9 7 4 3 2 6 2 0 2 7 8 3 7 7 8 6,824c5fb963d68974edc2ff87ce89a702b9ba2f7946ef3ffeabd9ea67452d54eb
supplement,1,13006,9,0.9136490250696379,5 4 0 1 6 9 9 2 6 6 6 3 1 1 7 0 8 8 5 8 0 9 1 6 5 5 3 4 1 9 8 9 8 3 4 3 3 6 1 6 5 4 4 5 4 9 8 9 9 1 1 7 3 0 4 7 8 9 0 5 1 7 6 2 1 4 3 1 1 3 2 7 9 6 1 7 5 9 6 2 7 1 2 2 2 3 4 0 2 7 8 4 7 2 2 6 3 1 1 9 2 8 0 4 1 6 1 4 7 5 1 2 9 4 5 4 5 3 6 3 5 2 3 0 0 2 7 9 9 6 9 7 5 0 9 2 6 9 4 3 6 6 7 1 6 5 6 7 8 0 0 7 2 5 3 9 0 3 7 8 1 8 6 8 6 3 3 9 7 5 0 0 8 3 1 6 3 5 8 4 3 2 2 5 8 1 6 4 6 7 5 3 6 9 6 7 1 8 1 7 5 6 0 9 4 3 1 1 1 0 0 9 2 5 4 0 3 1 5 4 9 0 9 4 6 0 4 0 3 8 2 6 7 0 1 4 8 7 2 2 7 6 5 5 9 2 0 4 4 8 7 4 7 8 4 2 7 9 8 6 4 6 9 9 6 0 9 1 8 0 5 0 3 9 7 5 2 2 1 9 7 8 7 4 4 6 5 4 1 9 3 1 3 2 9 4 8 9 5 4 2 2 9 1 5 3 0 0 6 5 1 5 7 0 5 6 0 0 0 8 7 4 9 2 5 3 1 9 8 8 8 7 8 5 0 9 9 7 4 0 5 7 9 9 7 4 3 2 6 2 0 2 7 8 3 7 7 8 6,785aee138f9dea48deaf2a4e77f4056e0dbc3b88772ebeed499523096349718c
supplement,1,13006,10,0.9108635097493036,5 4 0 1 6 9 9 2 0 6 6 3 1 1 7 0 8 9 5 8 0 3 1 6 5 5 3 4 1 9 8 9 8 3 4 3 3 6 1 6 5 4 4 5 4 9 8 9 9 1 1 7 3 0 4 7 8 9 0 5 1 7 6 2 1 4 3 1 1 3 2 7 9 6 1 7 5 9 6 2 7 1 2 2 2 3 4 0 2 7 8 4 7 2 2 6 3 1 1 9 2 8 0 7 1 6 1 4 7 5 1 2 9 4 5 4 5 3 6 3 5 2 3 0 0 2 7 8 9 6 9 7 5 0 9 2 6 3 4 3 6 6 7 1 6 5 6 7 8 0 0 7 2 5 3 9 0 3 7 8 8 8 6 8 6 3 3 1 7 5 0 0 7 3 1 6 3 5 8 4 3 2 2 5 5 1 6 4 6 7 5 3 6 9 6 7 1 8 1 7 5 6 0 9 4 3 1 1 1 0 0 9 2 5 4 0 3 1 5 4 9 0 9 4 6 0 4 0 3 8 2 6 7 0 1 4 8 7 2 2 7 6 5 5 9 2 0 4 4 8 7 4 7 8 4 2 7 9 8 6 4 6 9 9 6 0 9 1 8 0 5 0 3 9 7 5 2 3 1 9 7 8 7 4 4 6 5 4 1 1 3 1 3 2 9 4 8 9 5 4 2 2 9 1 5 3 0 0 6 7 1 5 7 0 5 6 0 0 0 1 7 4 9 2 5 3 1 9 8 8 8 7 8 5 0 9 9 7 4 0 5 7 0 9 7 4 3 2 6 2 0 2 7 8 3 7 7 8 6,85496831dcbc0c2884750dcadb185cd1c3a6123b7d36a03684c73b3adea3ea31
supplement,1,13006,11,0.924791086350975,5 4 0 1 6 9 9 2 0 6 6 3 1 1 7 0 8 8 5 8 0 3 1 6 5 5 3 4 1 9 8 9 8 3 4 3 3 6 1 6 5 4 4 5 4 9 8 9 9 8 8 7 3 0 4 7 8 9 0 5 8 7 6 2 1 4 3 1 1 3 2 7 9 6 1 7 5 9 6 2 7 1 2 2 2 3 4 0 2 7 8 4 7 2 2 6 3 1 1 9 2 8 0 7 1 6 1 4 7 5 1 2 9 4 5 4 5 3 6 3 5 2 3 0 0 2 7 3 9 6 9 7 5 0 9 2 6 3 4 3 6 6 7 1 6 5 6 7 8 0 0 7 2 5 3 9 0 3 7 8 8 8 6 8 6 3 3 1 7 5 0 0 8 3 1 6 3 5 8 4 3 2 2 5 8 8 6 4 6 7 5 3 6 9 6 7 1 1 1 7 8 6 0 9 4 3 1 1 1 0 0 9 2 5 4 0 3 1 5 4 9 0 9 4 6 0 4 0 3 8 2 6 7 0 1 4 8 7 2 2 7 6 5 5 9 2 0 4 4 8 7 4 7 8 4 2 7 9 8 6 4 6 9 9 6 0 9 1 8 0 5 0 3 9 7 5 2 2 1 9 7 8 7 4 4 6 5 4 1 1 3 1 3 2 9 4 8 9 5 4 2 2 9 1 5 3 0 0 6 7 1 5 7 0 5 6 0 0 0 8 7 4 9 2 5 3 1 9 8 8 8 7 8 5 0 9 8 7 4 0 5 7 9 9 7 4 3 2 6 2 0 2 7 8 3 7 7 8 6,3b575063ff66e8b2b9ef815c4d9b8b88f0b9426369a841bb4333348b15990790
supplement,1,13006,12,0.9220055710306406,5 4 0 1 6 9 9 2 0 6 1 3 1 1 7 0 8 8 5 8 0 9 1 6 5 5 3 4 1 9 8 9 8 3 4 3 3 6 1 6 5 4 4 5 4 9 8 9 9 8 8 7 9 0 4 7 8 9 0 5 1 7 6 2 1 4 3 1 1 3 2 7 9 6 1 7 5 9 6 2 7 1 2 2 2 3 4 0 2 7 8 4 7 2 2 6 3 1 1 9 2 8 0 9 1 6 1 4 7 5 1 2 9 4 5 4 5 3 6 3 5 2 3 0 0 2 7 8 9 6 9 7 5 0 9 2 6 3 4 3 6 6 7 1 6 5 6 7 8 0 0 7 2 5 3 9 0 3 7 8 8 8 6 8 6 3 3 1 7 5 0 0 7 3 1 6 3 5 8 4 3 2 2 5 8 8 6 4 6 7 5 0 6 9 6 7 1 1 1 7 8 6 0 9 4 3 1 1 1 0 0 9 2 5 4 0 3 1 5 4 9 0 9 4 6 0 4 0 3 8 2 6 7 0 1 4 8 7 2 2 7 6 5 5 9 2 0 4 4 8 7 4 7 8 4 2 7 9 8 6 4 6 9 9 6 0 9 1 8 0 5 0 3 9 7 5 2 2 1 9 7 8 7 4 4 6 5 4 1 1 3 1 3 2 9 4 8 5 5 4 2 2 9 1 5 3 0 0 6 7 1 5 7 0 5 6 0 0 0 1 7 4 9 2 5 3 1 9 8 8 8 7 8 5 0 9 9 7 4 0 5 7 9 9 7 4 3 2 6 2 0 2 7 8 3 7 7 8 6,ddd258c7106fca89956d09748fda374067afe3784b6081298054b1c20e246fbf
supplement,1,13006,13,0.9164345403899722,5 4 0 1 6 9 9 2 6 6 6 3 1 1 7 0 8 9 5 8 0 9 1 6 5 5 3 4 1 9 8 9 8 3 4 3 3 6 1 6 5 4 4 5 4 9 8 9 9 8 8 7 9 0 4 7 8 9 0 5 1 7 6 2 1 4 3 1 1 3 2 7 9 6 1 7 5 9 6 2 7 1 2 2 2 3 4 0 2 7 8 4 7 2 2 6 3 1 1 9 2 8 0 7 1 6 1 4 7 5 1 2 9 4 5 4 5 3 6 3 5 2 3 0 0 2 7 9 9 6 9 7 5 0 9 2 6 9 4 3 6 6 7 1 6 5 6 7 8 0 0 7 2 5 3 9 0 3 7 8 1 8 6 8 6 3 3 1 7 5 0 0 8 3 1 6 3 5 3 4 3 2 2 5 8 8 6 4 6 7 5 0 6 9 6 7 1 1 1 7 8 6 0 9 4 3 1 1 1 0 0 9 2 5 4 0 3 1 5 4 9 0 9 4 6 0 4 0 3 8 2 6 7 0 1 4 8 7 2 2 7 6 5 5 9 2 0 4 4 8 7 4 7 8 4 2 7 9 8 6 4 6 9 9 6 0 9 1 8 0 5 0 3 9 7 5 2 2 1 9 7 8 7 4 4 6 5 4 1 1 3 1 3 2 9 4 8 5 5 4 2 2 9 1 5 3 0 0 6 7 1 5 7 0 5 6 0 0 0 8 7 4 9 2 5 3 1 9 8 8 8 7 8 5 0 9 9 7 4 0 5 7 9 9 7 4 3 2 6 2 0 2 7 8 3 7 7 8 6,853f30ef8335d77e8a7bcf3522e81a3b6a4893ab00f8651796c071721cf9d84b
supplement,1,13006,14,0.9108635097493036,5 4 0 1 6 9 9 2 0 6 6 3 1 1 7 0 8 9 5 8 0 9 1 6 5 5 3 4 1 9 8 9 8 3 4 3 3 6 1 6 5 4 4 5 4 9 1 9 9 8 1 7 9 0 4 7 8 9 0 5 1 7 6 2 1 4 3 1 1 3 2 7 9 6 1 7 5 9 6 2 7 1 2 2 2 3 4 0 2 7 8 4 7 2 2 6 3 1 1 9 2 8 0 7 1 6 1 4 7 5 1 2 9 4 5 4 5 3 6 3 5 2 3 0 0 2 7 9 9 6 9 7 5 0 9 2 6 9 4 3 6 6 7 1 6 5 6 7 8 0 0 7 2 5 3 9 0 3 7 8 1 8 6 8 6 3 3 1 7 5 0 0 7 3 1 6 3 5 8 4 3 2 2 5 8 1 6 4 6 7 5 3 6 9 6 7 1 1 1 7 5 6 0 9 4 3 1 1 1 0 0 9 2 5 4 0 3 1 5 4 9 0 9 4 6 0 4 0 3 8 2 6 7 0 1 4 8 7 2 2 7 6 5 5 9 2 0 4 4 8 7 4 7 8 4 2 7 9 8 6 4 6 9 9 6 0 9 1 8 0 5 0 3 9 7 5 2 9 1 9 7 8 7 4 4 6 5 4 1 1 3 1 3 2 9 4 8 5 5 4 2 2 9 1 5 3 0 0 6 7 1 5 7 0 5 6 0 0 0 8 7 4 9 2 5 3 1 9 8 8 8 7 8 5 0 9 9 7 4 0 5 7 9 9 7 4 3 2 6 2 0 2 7 8 3 7 7 8 6,0cf6601f94be6d61e39b0ab501f521a5f84225470e4bc0515703b8e2975c71e8
supplement,1,13006,15,0.924791086350975,5 4 0 1 6 9 9 2 0 6 6 3 1 1 7 0 8 8 5 8 0 9 1 6 5 5 3 4 1 9 8 9 8 3 4 3 3 6 1 6 5 4 4 5 4 9 8 9 9 8 1 7 9 0 4 7 8 9 0 5 1 7 6 2 1 4 3 1 1 3 2 7 9 6 1 7 5 9 6 2 7 1 2 2 2 3 4 0 2 7 8 4 7 2 2 6 3 1 1 9 2 8 0 7 1 6 1 4 7 5 1 2 9 4 5 4 5 3 6 3 5 2 3 0 0 2 7 9 9 6 9 7 5 0 9 2 6 3 4 3 6 6 7 1 6 5 6 7 8 0 0 7 2 5 3 9 0 3 7 8 1 8 6 8 6 3 3 1 7 5 0 0 8 3 1 6 3 5 8 4 3 2 2 5 8 8 6 4 6 7 5 3 6 9 6 7 1 8 1 7 5 6 0 9 4 3 1 1 1 0 0 9 2 5 4 0 3 1 5 4 9 0 9 4 6 0 4 0 3 8 2 6 7 0 1 4 8 7 2 2 7 6 5 5 9 2 0 4 4 8 7 4 7 8 4 2 7 9 8 6 4 6 9 9 6 0 9 1 8 0 5 0 3 9 7 5 2 9 1 9 7 8 7 4 4 6 5 4 1 1 3 1 3 2 9 4 8 5 5 4 2 2 9 1 5 3 0 0 6 7 1 5 7 0 5 6 0 0 0 8 7 4 9 2 5 3 1 9 8 8 8 7 8 5 0 9 9 7 4 0 5 7 9 9 7 4 3 2 6 2 0 2 7 8 3 7 7 8 6,fab9b67b901841d450c323aa8df2fe4ebb23d63401ced6fc0c329442d5f00db9
supplement,1,13006,16,0.924791086350975,5 4 0 1 6 9 9 2 6 6 6 3 1 1 7 0 8 9 5 8 0 9 1 6 5 5 3 4 1 9 8 9 8 3 4 3 3 6 1 6 5 4 4 5 4 9 8 9 9 1 1 7 3 0 4 7 8 9 0 5 1 7 6 2 1 4 3 1 1 3 2 7 9 6 1 7 5 9 6 2 7 1 2 2 2 3 4 0 2 7 8 4 7 2 2 6 3 1 1 9 2 8 0 4 1 6 1 4 7 5 1 2 9 4 5 4 5 3 6 3 5 2 3 0 0 2 7 9 9 6 9 7 5 0 9 2 6 3 4 3 6 6 7 1 6 5 6 7 8 0 0 7 2 5 3 9 0 3 7 8 1 8 6 2 6 3 3 1 7 5 0 0 7 3 1 6 3 5 8 4 3 2 2 5 5 1 6 4 6 7 5 3 6 5 6 7 1 1 1 7 8 6 0 9 4 3 1 1 1 0 0 9 2 5 4 0 3 1 5 4 9 0 9 4 6 0 4 0 3 8 2 6 7 0 1 4 8 7 2 2 7 6 5 5 9 2 0 4 4 8 7 4 7 8 4 2 7 9 8 6 4 6 9 9 6 0 9 1 8 0 5 0 3 9 7 5 2 2 1 9 7 8 7 4 4 6 5 4 1 1 3 1 3 2 9 4 8 5 5 4 2 2 9 1 5 3 0 0 6 7 1 5 7 0 5 6 0 0 0 8 5 4 9 2 5 3 1 9 8 8 8 7 8 5 0 9 9 7 4 0 5 7 9 9 7 4 3 2 6 2 0 2 7 8 3 7 7 8 6,b0a5dd2f9277f744137d38ea9a9ca28dc43e20df489d420db9d8f4564aac776f
supplement,1,13006,17,0.9220055710306406,5 4 0 1 6 9 9 2 0 6 6 3 1 1 7 0 8 8 5 8 0 9 1 6 5 5 3 4 1 9 8 9 8 3 4 3 3 6 1 6 5 4 4 5 4 9 8 9 9 8 1 7 9 0 4 7 8 9 0 5 1 7 6 2 1 4 3 1 1 3 2 7 9 6 1 7 5 9 6 2 7 1 2 2 2 3 4 0 2 7 8 4 7 2 2 6 3 1 1 9 2 8 0 8 1 6 1 4 7 5 1 2 9 4 5 4 5 3 6 3 5 2 3 0 0 2 7 9 9 6 9 7 5 0 9 2 6 3 4 3 6 6 7 1 6 5 6 7 8 0 0 7 2 5 3 9 0 3 7 8 1 8 6 2 6 3 3 9 7 5 0 0 8 3 1 6 3 5 8 4 3 2 2 5 8 1 6 4 6 7 5 3 6 9 6 7 1 1 1 7 8 6 0 9 4 3 1 1 1 0 0 9 2 5 4 0 3 1 5 4 9 0 9 4 6 0 4 0 3 8 2 6 7 0 1 4 8 7 2 2 7 6 5 5 9 2 0 4 4 8 7 4 7 8 4 2 7 9 8 6 4 6 9 9 6 0 9 1 8 0 5 0 3 9 7 5 2 2 1 9 7 8 7 4 4 6 5 4 1 1 3 1 3 2 9 4 8 5 5 4 2 2 9 1 5 3 0 0 6 7 1 5 7 0 5 6 0 0 0 8 7 4 9 2 5 9 1 9 8 8 8 7 8 5 0 9 9 7 4 0 5 7 9 9 7 4 3 2 6 2 0 2 7 8 3 7 7 8 6,6815c75386bfc9d2e499f58d2e900b771586b59f49cf9ea4186609366c4fa79c
supplement,1,13006,18,0.9192200557103064,5 4 0 1 6 9 9 2 6 6 6 3 1 1 7 0 8 9 5 8 0 9 1 6 5 5 3 4 1 9 8 9 8 3 4 3 3 6 1 6 5 4 4 5 4 9 8 9 9 8 1 7 9 0 4 7 8 9 0 5 1 7 6 2 1 4 3 1 1 3 2 7 9 6 1 7 5 9 6 2 7 1 2 2 2 3 4 0 2 7 8 4 7 2 2 6 3 1 1 9 2 8 0 9 1 6 1 4 7 5 1 2 9 4 5 4 5 3 6 3 5 2 3 0 0 2 7 9 9 6 9 7 5 0 9 2 6 3 4 3 6 6 7 1 6 5 6 7 8 0 0 7 2 5 3 9 0 3 7 8 1 8 6 8 6 3 3 9 7 5 0 0 8 3 1 6 3 5 8 4 3 2 2 5 5 8 6 4 6 7 5 3 6 9 6 7 1 1 1 7 8 6 0 9 4 3 1 1 1 0 0 9 2 5 4 0 3 1 5 4 9 0 9 4 6 0 4 0 3 8 2 6 7 0 1 4 8 7 2 2 7 6 5 5 9 2 0 4 4 8 7 4 7 8 4 2 7 9 8 6 4 6 9 9 6 0 9 1 8 0 5 0 3 9 7 5 2 9 1 9 7 8 7 4 4 6 5 4 1 1 3 1 3 2 9 4 8 5 5 4 2 2 9 1 5 3 0 0 6 7 1 5 7 0 5 6 0 0 0 8 7 4 9 2 5 3 1 9 8 8 8 7 8 5 0 9 9 7 4 0 5 7 9 9 7 4 3 2 6 2 0 2 7 8 3 7 7 3 6,3bdac07fa91fa04db79c38c0c4d4b785ba2b9a6e40786dd8efb8049c434738ee
supplement,1,13006,19,0.9108635097493036,5 4 0 1 6 9 9 2 6 6 6 3 1 1 7 0 8 9 5 8 0 9 1 6 5 5 3 4 1 9 8 9 8 3 4 3 3 6 1 6 5 4 4 5 4 9 8 9 9 8 1 7 9 0 4 7 8 9 0 5 1 7 6 2 1 4 3 1 1 3 2 7 9 6 1 7 5 9 6 2 7 1 2 2 2 3 4 0 2 7 8 4 7 2 2 6 3 1 1 9 2 8 0 7 1 6 1 4 7 5 1 2 9 4 5 4 5 3 6 3 5 2 3 0 0 2 7 9 9 6 9 7 5 0 9 2 6 9 4 3 6 6 4 1 6 5 6 7 8 0 0 7 2 5 3 9 0 3 7 8 1 8 6 2 6 3 3 1 7 5 0 0 8 3 1 6 3 5 8 4 3 2 2 5 8 8 6 4 6 7 5 3 6 9 6 7 1 1 1 7 8 6 0 9 4 3 1 1 1 0 0 9 2 5 4 0 3 1 5 4 9 0 9 4 6 0 4 0 3 7 2 6 7 0 1 4 8 7 2 2 7 6 5 5 9 2 0 4 4 8 7 4 7 8 4 2 7 9 8 6 4 6 9 9 6 0 9 1 8 0 5 0 3 9 7 5 2 9 1 9 7 8 7 4 4 6 5 4 1 1 3 1 3 2 9 4 8 5 5 4 2 2 9 1 5 3 0 0 6 7 1 5 7 0 5 6 0 0 0 8 5 4 9 2 5 3 1 9 8 8 8 7 8 5 0 9 9 7 4 0 5 7 9 9 7 4 3 2 6 2 0 2 7 8 3 7 7 8 6,6add3cc216a99557b5d15ac20748e2ba769cbb78f43ef54da77dd3b3f73a1020
supplement,1,13006,20,0.9192200557103064,5 4 0 1 6 9 9 2 6 6 6 3 1 1 7 0 8 9 5 8 0 3 1 6 5 5 3 4 1 9 8 9 8 3 4 3 3 6 1 6 5 4 4 5 4 9 8 9 9 8 1 7 9 0 4 7 8 9 0 5 1 7 6 2 1 4 3 1 1 3 2 7 9 6 1 7 5 9 6 2 7 2 2 2 2 3 4 0 2 7 8 4 7 2 2 6 3 1 1 9 2 8 0 9 1 6 1 4 7 5 1 2 9 4 5 4 5 3 6 3 5 2 3 0 0 2 7 9 9 6 9 7 5 0 9 2 6 3 4 3 6 6 7 1 6 5 6 7 8 0 0 7 2 5 3 9 0 3 7 8 1 8 6 8 6 3 3 1 7 5 0 0 7 3 1 6 3 5 8 4 3 2 2 5 5 1 6 4 6 7 5 3 6 5 6 7 1 1 1 7 5 6 0 9 4 3 1 1 1 0 0 9 2 5 4 0 3 1 5 4 9 0 9 4 6 0 4 0 3 8 2 6 7 0 1 4 8 7 2 2 7 6 5 5 9 2 0 4 4 8 7 4 7 8 4 2 7 9 8 6 4 6 9 9 6 0 9 1 8 0 5 0 3 9 7 5 2 9 1 9 7 8 7 4 4 6 5 4 1 1 3 1 3 2 9 4 8 5 5 4 2 2 9 1 5 3 0 0 6 9 1 5 7 0 5 6 0 0 0 8 7 4 9 2 5 9 1 9 8 8 8 7 8 5 0 9 9 7 4 0 5 7 9 9 7 4 3 2 6 2 0 2 7 8 3 7 7 3 6,c14e635d807c3efb2cdeb019767ee01c199abdc2bc2b1dbbdef7c6cfa5e20533
supplement,1,13007,1,0.6211699164345403,5 1 0 8 6 9 0 2 4 6 4 3 8 1 7 0 8 4 5 8 0 0 4 6 9 5 7 4 8 9 1 9 1 7 4 2 5 6 4 6 5 4 4 4 4 0 4 8 3 0 2 7 1 0 4 7 7 2 0 5 1 3 6 2 1 4 5 1 1 5 2 7 2 6 2 7 5 4 6 2 7 1 2 2 2 2 0 0 2 4 8 4 1 2 2 6 9 1 4 5 2 1 0 4 8 6 1 4 7 5 8 2 9 4 5 5 5 2 6 3 2 2 9 0 0 3 7 0 9 6 0 7 5 0 5 2 6 9 4 0 6 6 5 6 6 9 6 7 1 0 0 7 1 5 2 9 0 1 7 2 8 2 6 8 6 9 9 0 7 5 0 0 8 1 2 6 3 5 3 4 0 2 2 5 2 8 6 4 6 8 5 0 6 9 6 7 1 8 1 5 5 6 0 9 4 2 1 4 4 0 0 9 2 5 4 0 2 1 5 4 0 0 0 4 6 6 4 0 3 4 2 6 7 0 8 4 7 1 2 2 7 6 5 1 9 2 0 4 4 8 5 4 7 7 4 2 7 9 8 6 4 6 9 2 6 0 9 1 2 0 1 0 2 9 7 5 2 0 1 9 7 8 1 4 4 6 5 4 1 0 2 0 1 2 9 4 2 5 5 4 2 2 2 2 5 0 0 0 6 8 4 5 4 0 1 6 0 0 0 4 8 4 0 4 5 0 1 8 8 8 2 1 3 5 0 9 0 7 4 0 5 7 0 9 1 4 9 2 6 2 0 2 1 3 0 7 5 8 6,4cf96fb9377bcd3d8910ae3831f1c3e722e107928cfd71461858fd9c46f7e3af
supplement,1,13007,2,0.83008356545961,5 1 0 1 6 9 5 2 6 6 6 3 1 1 7 0 8 8 5 8 0 3 1 6 9 5 1 4 1 9 8 9 8 3 4 5 3 6 1 6 5 4 4 1 4 9 1 9 3 1 1 7 3 0 4 7 7 3 0 5 1 7 6 2 1 4 3 1 1 5 2 7 3 6 1 7 5 1 6 2 7 1 2 2 2 3 4 0 2 7 8 4 7 2 2 6 3 1 1 5 2 6 0 4 1 6 1 4 7 5 1 2 9 4 5 4 5 3 6 3 5 2 9 0 0 2 7 8 9 6 9 7 5 0 8 2 6 3 4 3 6 6 7 1 6 5 6 7 8 0 0 7 2 5 2 9 0 3 7 8 8 1 6 2 6 3 3 1 7 5 0 0 7 3 1 6 3 5 3 4 3 2 2 5 8 8 6 4 6 8 5 3 6 9 6 7 1 8 1 7 5 6 0 9 4 3 2 1 1 0 0 9 2 5 4 0 3 1 5 4 9 0 9 4 6 0 4 0 3 7 2 6 7 0 1 4 7 1 2 2 7 6 5 5 3 2 0 4 4 2 7 4 7 1 4 2 7 9 8 6 4 6 9 3 6 0 9 1 2 0 5 0 3 9 7 5 2 3 1 9 7 8 7 4 4 6 5 4 1 3 3 1 3 2 9 4 8 5 5 4 2 2 3 1 5 3 0 0 6 1 1 5 7 0 5 6 0 0 0 1 8 4 7 2 5 3 1 9 8 8 5 7 8 5 0 9 9 7 4 0 5 7 9 9 7 4 9 2 6 2 0 2 7 3 3 7 7 1 6,6b99f85c71b3d2b46051502990216e9081d67fa7ae4e5141502379b71609fbca
supplement,1,13007,3,0.8635097493036211,5 4 0 1 6 9 9 2 6 6 6 3 1 1 7 0 8 8 5 8 0 3 1 6 9 5 1 4 1 9 8 9 8 3 4 3 3 6 1 6 5 4 4 6 4 9 1 9 3 2 1 7 3 0 4 7 7 3 0 5 1 7 6 2 1 4 3 1 1 3 2 7 3 6 1 7 5 8 6 2 7 1 2 2 2 3 4 0 2 7 8 4 7 2 2 6 3 1 1 3 2 8 0 7 1 6 1 4 7 5 1 2 9 4 5 4 5 3 6 3 5 2 3 0 0 2 7 8 9 6 3 7 5 0 9 2 6 3 4 3 6 6 7 1 6 9 6 7 8 0 0 7 2 5 3 9 0 3 7 8 8 8 6 2 6 3 3 1 7 5 0 0 8 3 1 6 3 5 3 4 3 2 2 5 8 8 6 4 6 7 5 0 6 9 6 7 1 1 1 7 8 6 0 9 4 3 2 1 1 0 0 9 2 5 4 0 3 1 5 4 9 0 9 4 6 0 4 0 3 8 2 6 7 0 1 4 8 7 2 2 7 6 5 5 9 2 0 4 4 2 7 4 7 8 4 2 7 9 8 6 4 6 9 3 6 0 9 1 8 0 5 0 3 9 7 5 2 3 1 9 7 8 7 4 4 6 5 4 1 1 3 1 3 2 9 4 3 9 5 4 2 2 3 1 5 3 0 0 6 1 1 5 7 0 5 6 0 0 0 1 8 4 7 3 5 3 1 9 8 8 5 7 8 5 0 9 8 7 4 0 5 7 9 9 7 4 3 2 6 2 0 2 7 3 3 7 7 2 6,68d00f657c1259d6eeee94626d42ef542325ea441e2ea6675720a45ef4249901
supplement,1,13007,4,0.8690807799442897,5 4 0 1 6 9 9 2 0 6 6 3 1 1 7 0 8 8 5 8 0 3 1 6 9 5 7 4 1 9 8 9 8 3 4 3 3 6 1 6 5 4 4 6 4 9 1 9 3 2 2 7 3 0 4 7 8 9 0 5 1 7 6 2 1 4 3 1 1 3 2 7 3 6 1 7 5 8 6 2 7 1 2 2 2 3 4 0 2 7 8 4 7 2 2 6 3 2 1 9 2 8 0 7 1 6 1 4 7 5 1 2 9 4 5 4 5 3 6 3 5 2 3 0 0 2 7 8 9 6 9 7 5 0 9 2 6 3 4 3 6 6 4 1 6 5 6 7 8 0 0 7 2 5 3 9 0 3 7 8 1 6 6 2 6 3 3 1 7 5 0 0 7 3 1 6 3 5 3 4 3 2 2 5 1 1 6 4 6 7 5 0 6 9 6 7 1 1 1 7 8 6 0 9 4 3 1 1 1 0 0 9 2 5 4 0 3 1 5 4 3 0 9 4 6 0 4 0 3 8 2 6 7 0 1 4 8 7 2 2 7 6 5 5 9 2 0 4 4 2 7 4 4 8 4 2 7 9 8 6 4 6 9 3 6 0 9 1 2 0 5 0 3 3 7 5 2 3 1 9 7 2 7 4 4 6 5 4 1 3 3 1 3 2 9 4 8 9 5 4 2 2 3 1 5 3 0 0 6 7 1 5 7 0 5 6 0 0 0 1 8 4 7 2 5 3 1 9 8 8 5 7 8 5 0 9 3 7 4 0 5 7 9 9 7 4 3 2 6 2 0 2 7 3 3 7 7 3 6,5ab37cd5d05e4a9ae0d9f5e92be5c21edf017da0606531da7c009de4c5ca0ed4
supplement,1,13007,5,0.8885793871866295,5 4 0 1 6 9 9 2 6 6 6 3 1 1 7 0 8 8 5 8 0 3 1 6 9 5 3 4 1 9 8 9 8 3 4 3 3 6 1 6 5 4 4 5 4 9 1 9 9 1 2 7 3 0 4 7 8 9 0 5 1 7 6 2 1 4 3 1 1 3 2 7 9 6 1 7 5 8 6 2 7 1 2 2 2 3 4 0 2 7 8 4 7 2 2 6 3 1 1 9 2 8 0 7 1 6 1 4 7 5 1 2 9 4 5 4 5 3 6 3 5 2 3 0 0 2 7 8 9 6 9 7 5 0 9 2 6 3 4 3 6 6 4 1 6 5 6 7 8 0 0 7 2 5 3 9 0 3 7 8 1 6 6 2 6 3 3 1 7 5 0 0 8 3 1 6 3 5 3 4 3 2 2 5 5 1 6 4 6 7 5 0 6 9 6 7 1 1 1 7 5 6 0 9 4 3 2 1 1 0 0 9 2 5 4 0 3 1 5 4 9 0 9 4 6 0 4 0 3 8 2 6 7 0 1 4 8 7 2 2 7 6 5 5 9 2 0 4 4 2 7 4 7 8 4 2 7 9 8 6 4 6 9 9 6 0 9 1 8 0 5 0 3 9 7 5 2 2 1 9 7 8 7 4 4 6 5 4 1 9 3 1 3 2 9 4 8 9 5 4 2 2 9 1 5 3 0 0 6 7 1 5 7 0 5 6 0 0 0 1 7 4 9 2 5 3 1 9 8 8 5 7 8 5 0 9 9 7 4 0 5 7 9 9 7 4 3 2 6 2 0 2 7 8 3 7 7 3 6,80958c322a92665fada144e867226d6b03403c49e00955a227e2e9ca1c17f953
supplement,1,13007,6,0.9025069637883009,5 4 0 1 6 9 9 2 6 6 6 3 1 1 7 0 8 9 5 8 0 3 1 6 5 5 3 4 1 9 8 9 8 3 4 3 3 6 1 6 5 4 4 6 4 9 1 9 9 2 2 7 3 0 4 7 8 9 0 5 1 7 6 2 2 4 3 1 1 3 2 7 9 6 1 7 5 8 6 2 7 1 2 2 2 3 4 0 2 7 8 4 7 2 2 6 3 1 1 9 2 8 0 7 1 6 1 4 7 5 1 2 9 4 5 4 5 3 6 3 5 2 3 0 0 2 7 8 9 6 9 7 5 0 9 2 6 3 4 3 6 6 7 1 6 9 6 7 8 0 0 7 2 5 3 9 0 3 7 8 1 8 6 2 6 3 3 1 7 5 0 0 7 3 1 6 3 5 3 4 3 2 2 5 5 1 6 4 6 7 5 0 6 9 6 7 1 1 1 7 8 6 0 9 4 3 1 1 1 0 0 9 2 5 4 0 3 1 5 4 9 0 9 4 6 0 4 0 3 8 2 6 7 0 1 4 8 7 2 2 7 6 5 5 9 2 0 4 4 8 7 4 4 8 4 2 7 9 8 6 4 6 9 9 6 0 9 1 8 0 5 0 3 9 7 5 2 3 1 9 7 8 7 4 4 6 5 4 1 9 3 1 3 2 9 4 8 9 5 4 2 2 9 1 5 3 0 0 6 7 1 5 7 0 5 6 0 0 0 8 8 4 9 2 5 3 1 9 8 8 8 7 8 5 0 9 9 7 4 0 5 7 9 9 7 4 3 2 6 2 0 2 7 8 3 7 7 3 6,c5e31561544cedb80f811c19754346fb14fe07bb26d3e30f137aab93b7cbbffd
supplement,1,13007,7,0.9080779944289693,5 4 0 1 6 9 9 2 6 6 6 3 1 1 7 0 8 9 5 8 0 3 1 6 5 5 2 4 1 9 8 9 8 3 4 3 3 6 1 6 5 4 4 5 4 9 1 9 9 8 2 7 3 0 4 7 8 9 0 5 1 7 6 2 1 4 3 1 1 3 2 7 9 6 1 7 5 5 6 2 7 1 2 2 2 3 4 0 2 7 8 4 7 2 2 6 3 1 1 9 2 8 0 7 1 6 1 4 7 5 1 2 9 4 5 4 5 3 6 3 5 2 3 0 0 2 7 8 9 6 9 7 5 0 9 2 6 3 4 3 6 6 7 1 6 5 6 7 8 0 0 7 2 5 3 9 0 3 7 8 1 8 6 8 6 3 3 1 7 5 0 0 7 3 1 6 3 5 8 4 3 2 2 5 5 1 6 4 6 7 5 3 6 9 6 7 1 1 1 7 8 6 0 9 4 3 1 1 1 0 0 9 2 5 4 0 3 1 5 4 9 0 9 4 6 0 4 0 3 8 2 6 7 0 1 4 8 7 2 2 7 6 5 5 9 2 0 4 4 8 7 4 7 8 4 2 7 9 8 6 4 6 9 9 6 0 9 1 8 0 5 0 3 9 7 5 2 3 1 9 7 8 7 4 4 6 5 4 1 9 3 1 3 2 9 4 8 9 5 4 2 2 9 1 5 3 0 0 6 7 1 5 7 0 5 6 0 0 0 1 8 4 9 2 5 3 1 9 8 8 8 7 8 5 0 9 9 7 4 0 5 7 9 9 7 4 3 2 6 2 0 2 7 8 3 7 7 3 6,b8fb6e73cee4566c627230ab3e2488d17acd73edcd2f362e3f989170dd6524de
supplement,1,13007,8,0.9052924791086351,5 4 0 1 6 9 9 2 6 6 6 3 1 1 7 0 8 8 5 8 0 3 1 6 5 5 3 4 1 9 8 9 8 3 4 3 3 6 1 6 5 4 4 5 4 9 1 9 9 2 2 7 3 0 4 7 8 9 0 5 1 7 6 2 1 4 3 1 1 3 2 7 9 6 1 7 5 8 6 2 7 1 2 2 2 3 4 0 2 7 8 4 7 2 2 6 3 2 1 9 2 8 0 7 1 6 1 4 7 5 1 2 9 4 5 4 5 3 6 3 5 2 3 0 0 2 7 8 9 6 9 7 5 0 9 2 6 3 4 3 6 6 4 1 6 5 6 7 8 0 0 7 2 5 3 9 0 3 7 8 1 8 6 8 6 3 3 9 7 5 0 0 7 3 1 6 3 5 3 4 3 2 2 5 5 1 6 4 6 7 5 3 6 9 6 7 1 8 1 7 5 6 0 9 4 3 2 1 1 0 0 9 2 5 4 0 3 1 5 4 9 0 9 4 6 0 4 0 3 8 2 6 7 0 1 4 8 7 2 2 7 6 5 5 9 2 0 4 4 8 7 4 7 8 4 2 7 9 8 6 4 6 9 9 6 0 9 1 8 0 5 0 3 9 7 5 2 3 1 9 7 8 7 4 4 6 5 4 1 9 3 1 3 2 9 4 8 9 5 4 2 2 9 1 5 3 0 0 6 7 1 5 7 0 5 6 0 0 0 8 5 4 9 2 5 3 1 9 8 8 8 7 8 5 0 9 9 7 4 0 5 7 9 9 7 4 3 2 6 2 0 2 7 8 3 7 7 2 6,1c6bdf48c9ccd6c3cdb5b3b7aa3486813dfa2b332cae1fe4f9e4e7d5e852ec20
supplement,1,13007,9,0.9080779944289693,5 4 0 1 6 9 9 2 6 6 6 3 1 1 7 0 8 9 5 8 0 3 1 6 5 5 3 4 1 9 8 9 8 3 4 3 3 6 1 6 5 4 4 5 4 9 8 9 9 8 2 7 3 0 4 7 8 9 0 5 1 7 6 2 1 4 3 1 1 3 2 7 9 6 1 7 5 5 6 2 7 1 2 2 2 3 4 0 2 7 8 4 7 2 2 6 3 1 1 9 2 8 0 7 1 6 1 4 7 5 1 2 9 4 5 4 5 3 6 3 5 2 3 0 0 2 7 8 9 6 9 7 5 0 9 2 6 3 4 3 6 6 7 1 6 5 6 7 8 0 0 7 2 5 3 9 0 3 7 8 1 8 6 8 6 3 3 1 7 5 0 0 8 3 1 6 3 5 3 4 3 2 2 5 5 1 6 4 6 7 5 3 6 9 6 7 1 8 1 7 8 6 0 9 4 3 1 1 1 0 0 9 2 5 4 0 3 1 5 4 9 0 9 4 6 0 4 0 3 8 2 6 7 0 1 4 8 7 2 2 7 6 5 5 9 2 0 4 4 8 7 4 4 8 4 2 7 9 8 6 4 6 9 9 6 0 9 1 8 0 5 0 3 9 7 5 2 3 1 9 7 8 7 4 4 6 5 4 1 9 3 1 3 2 9 4 8 9 5 4 2 2 9 1 5 3 0 0 6 7 1 5 7 0 5 6 0 0 0 8 7 4 9 2 5 3 1 9 8 8 8 7 8 5 0 9 3 7 4 0 5 7 9 9 7 4 3 2 6 2 0 2 7 8 3 7 7 8 6,2856738d39902e539a20c80b1167efbc58c22a909d0243089e3a77c790b2dfc5
supplement,1,13007,10,0.8969359331476323,5 4 0 1 6 9 9 2 6 6 6 3 1 1 7 0 8 9 5 8 0 3 1 6 9 5 3 4 1 9 8 9 8 3 4 3 3 6 1 6 5 4 4 5 4 9 1 9 9 8 1 7 3 0 4 7 8 9 0 5 1 7 6 2 1 4 3 1 1 3 2 7 9 6 1 7 5 5 6 2 7 1 2 2 2 3 4 0 2 7 8 4 7 2 2 6 3 1 1 9 2 8 0 7 1 6 1 4 7 5 1 2 9 4 5 4 5 3 6 3 5 2 3 0 0 2 7 8 9 6 9 7 5 0 9 2 6 3 4 3 6 6 4 1 6 5 6 7 8 0 0 7 2 5 3 9 0 3 7 8 1 8 6 8 6 3 3 9 7 5 0 0 7 3 1 6 3 5 3 4 3 2 2 5 5 1 6 4 6 7 5 0 6 9 6 7 1 8 1 7 5 6 0 9 4 3 1 1 1 0 0 9 2 5 4 0 3 1 5 4 9 0 9 4 6 0 4 0 3 8 2 6 7 0 1 4 8 7 2 2 7 6 5 5 9 2 0 4 4 8 7 4 7 8 4 2 7 9 8 6 4 6 9 9 6 0 9 1 8 0 5 0 3 9 7 5 2 3 1 9 7 8 7 4 4 6 5 4 1 9 3 1 3 2 9 4 8 5 5 4 2 2 9 1 5 3 0 0 6 7 1 5 7 0 5 6 0 0 0 1 5 4 9 2 5 3 1 9 8 8 8 7 8 5 0 9 9 7 4 0 5 7 9 9 7 4 3 2 6 2 0 2 7 8 3 7 7 3 6,d62a53d1e79edde517037aef563da3d144914fa164dc5c27b39442c2050b84cd
supplement,1,13007,11,0.9052924791086351,5 4 0 1 6 9 9 2 6 6 6 3 1 1 7 0 8 8 5 8 0 3 1 6 5 5 3 4 1 9 8 9 8 3 4 3 3 6 1 6 5 4 4 5 4 9 1 9 9 8 1 7 9 0 4 7 8 9 0 5 1 7 6 2 1 4 3 1 1 3 2 7 9 6 1 7 5 8 6 2 7 1 2 2 2 3 4 0 2 7 8 4 7 2 2 6 3 1 1 9 2 8 0 7 1 6 1 4 7 5 1 2 9 4 5 4 5 3 6 3 5 2 3 0 0 2 7 8 9 6 9 7 5 0 9 2 6 3 4 3 6 6 4 1 6 5 6 7 8 0 0 7 2 5 3 9 0 3 7 8 1 8 6 8 6 3 3 9 7 5 0 0 8 3 1 6 3 5 8 4 3 2 2 5 5 1 6 4 6 7 5 3 6 5 6 7 1 8 1 7 8 6 0 9 4 3 1 1 1 0 0 9 2 5 4 0 3 1 5 4 9 0 9 4 6 0 4 0 3 8 2 6 7 0 1 4 8 7 2 2 7 6 5 5 9 2 0 4 4 8 7 4 4 3 4 2 7 9 8 6 4 6 9 9 6 0 9 1 8 0 5 0 3 9 7 5 2 2 1 9 7 8 7 4 4 6 5 4 1 9 3 1 3 2 9 4 8 9 5 4 2 2 9 1 5 3 0 0 6 7 1 5 7 0 5 6 0 0 0 1 8 4 9 2 5 3 1 9 8 8 8 7 8 5 0 9 9 7 4 0 5 7 9 9 7 4 3 2 6 2 0 2 7 8 3 7 7 8 6,b2ff312b45a255cf1031cdb2910a6731234b286663226e0fcdca00807e2f0138
supplement,1,13007,12,0.9164345403899722,5 4 0 1 6 9 9 2 6 6 6 3 1 1 7 0 8 8 5 8 0 3 1 6 5 5 3 4 1 9 8 9 8 3 4 3 3 6 1 6 5 4 4 5 4 9 8 9 9 8 8 7 3 0 4 7 8 9 0 5 1 7 6 2 1 4 3 1 1 3 2 7 9 6 1 7 5 5 6 2 7 1 2 2 2 3 4 0 2 7 8 4 7 2 2 6 3 1 1 9 2 8 0 7 1 6 1 4 7 5 1 2 9 4 5 4 5 3 6 3 5 2 3 0 0 2 7 8 9 6 9 7 5 0 9 2 6 3 4 3 6 6 7 1 6 5 6 7 8 0 0 7 2 5 3 9 0 3 7 8 1 8 6 8 6 3 3 9 7 5 0 0 7 3 1 6 3 5 3 4 3 2 2 5 5 1 6 4 6 7 5 0 6 9 6 7 1 8 1 7 8 6 0 9 4 3 1 1 1 0 0 9 2 5 4 0 3 1 5 4 9 0 9 4 6 0 4 0 3 8 2 6 7 0 1 4 8 7 2 2 7 6 5 5 9 2 0 4 4 8 7 4 4 8 4 2 7 9 8 6 4 6 9 9 6 0 9 1 8 0 5 0 3 9 7 5 2 2 1 9 7 8 7 4 4 6 5 4 1 9 3 1 3 2 9 4 8 9 5 4 2 2 9 1 5 3 0 0 6 7 1 5 7 0 5 6 0 0 0 8 7 4 9 2 5 3 1 9 8 8 8 7 8 5 0 9 8 7 4 0 5 7 9 9 7 4 3 2 6 2 0 2 7 8 3 7 7 3 6,587e205d01a6c8a4dff3ce31760025b74de758cd884b885370f96faedef94287
supplement,1,13007,13,0.9080779944289693,5 4 0 1 6 9 9 2 6 6 6 3 1 1 7 0 8 9 5 8 0 3 1 6 9 5 3 4 1 9 8 9 8 3 4 3 3 6 1 6 5 4 4 5 4 9 8 9 9 8 2 7 3 0 4 7 8 9 0 5 1 7 6 2 1 4 3 1 1 3 2 7 9 6 1 7 5 8 6 2 7 1 2 2 2 3 4 0 2 7 8 4 7 2 2 6 3 1 1 9 2 8 0 7 1 6 1 4 7 5 1 2 9 4 5 4 5 3 6 3 5 2 3 0 0 2 7 8 9 6 9 7 5 0 9 2 6 3 4 3 6 6 4 1 6 5 6 7 8 0 0 7 2 5 3 9 0 3 7 8 1 8 6 8 6 3 3 1 7 5 0 0 8 3 1 6 3 5 8 4 3 2 2 5 5 1 6 4 6 7 5 3 6 9 6 7 1 8 1 7 8 6 0 9 4 3 2 1 1 0 0 9 2 5 4 0 3 1 5 4 9 0 9 4 6 0 4 0 3 8 2 6 7 0 1 4 8 7 2 2 7 6 5 5 9 2 0 4 4 8 7 4 4 8 4 2 7 9 8 6 4 6 9 9 6 0 9 1 8 0 5 0 3 9 7 5 2 2 1 9 7 8 7 4 4 6 5 4 1 9 3 1 3 2 9 4 8 9 5 4 2 2 9 1 5 3 0 0 6 7 1 5 7 0 5 6 0 0 0 1 8 4 9 2 5 3 1 9 8 8 8 7 8 5 0 9 9 7 4 0 5 7 9 9 7 4 3 2 6 2 0 2 7 8 3 7 7 3 6,86e921b414e8aa6f5399d26c6df9ecc82ab89fa803b8f58e2aea12337a9825ff
supplement,1,13007,14,0.9080779944289693,5 4 0 1 6 9 9 2 6 6 6 3 1 1 7 0 8 9 5 8 0 3 1 6 5 5 3 4 1 9 8 9 8 3 4 3 3 6 1 6 5 4 4 5 4 9 8 9 9 8 1 7 3 0 4 7 8 9 0 5 8 7 6 2 1 4 3 1 1 3 2 7 3 6 1 7 5 5 6 2 7 1 2 2 2 3 4 0 2 7 8 4 7 2 2 6 3 1 1 9 2 8 0 7 1 6 1 4 7 5 1 2 9 4 5 4 5 3 6 3 5 2 3 0 0 2 7 8 9 6 9 7 5 0 9 2 6 3 4 3 6 6 4 1 6 5 6 7 8 0 0 7 2 5 3 9 0 3 7 8 1 8 6 8 6 3 3 9 7 5 0 0 7 3 1 6 3 5 8 4 3 2 2 5 5 2 6 4 6 7 5 3 6 9 6 7 1 8 1 7 8 6 0 9 4 3 1 1 1 0 0 9 2 5 4 0 3 1 5 4 9 0 9 4 6 0 4 0 3 8 2 6 7 0 1 4 8 7 2 2 7 6 5 5 9 2 0 4 4 8 7 4 4 8 4 2 7 9 8 6 4 6 9 9 6 0 9 1 8 0 5 0 3 9 7 5 2 3 1 9 7 8 7 4 4 6 5 4 1 9 3 1 3 2 9 4 8 5 5 4 2 2 9 1 5 3 0 0 6 7 1 5 7 0 5 6 0 0 0 8 5 4 9 2 5 3 1 9 8 8 8 7 8 5 0 9 8 7 4 0 5 7 9 9 7 4 3 2 6 2 0 2 7 8 3 7 7 3 6,dc9d9f347758c8341fdb6dc7bd4c429849efd56f2f950082e5572bcaa4f51ae7
supplement,1,13007,15,0.9108635097493036,5 4 0 1 6 9 9 2 0 6 6 3 1 1 7 0 8 9 5 8 0 3 1 6 5 5 3 4 1 9 8 9 8 3 4 3 3 6 1 6 5 4 4 5 4 9 8 9 9 8 2 7 3 0 4 7 8 9 0 5 1 7 6 2 1 4 3 1 1 3 2 7 9 6 1 7 5 8 6 2 7 1 2 2 2 3 4 0 2 7 8 4 7 2 2 6 3 1 1 9 2 8 0 7 1 6 1 4 7 5 1 2 9 4 5 4 5 3 6 3 5 2 3 0 0 2 7 8 9 6 9 7 5 0 9 2 6 3 4 3 6 6 7 1 6 5 6 7 8 0 0 7 2 5 3 9 0 3 7 8 1 8 6 8 6 3 3 1 7 5 0 0 7 3 1 6 3 5 3 4 3 2 2 5 5 1 6 4 6 7 5 3 6 9 6 7 1 8 1 7 8 6 0 9 4 3 1 1 1 0 0 9 2 5 4 0 3 1 5 4 9 0 9 4 6 0 4 0 3 8 2 6 7 0 1 4 8 7 2 2 7 6 5 5 9 2 0 4 4 8 7 4 7 3 4 2 7 9 8 6 4 6 9 9 6 0 9 1 8 0 5 0 3 9 7 5 2 3 1 9 7 8 7 4 4 6 5 4 1 9 3 1 3 2 9 4 8 9 5 4 2 2 9 1 5 3 0 0 6 7 1 5 7 0 5 6 0 0 0 1 7 4 9 2 5 3 1 9 8 8 8 7 8 5 0 9 9 7 4 0 5 7 9 9 7 4 3 2 6 2 0 2 7 8 3 7 7 3 6,7c31c015b169951fe93065231b4a6ace462de25377ee9bab9e6171a8cecd8966
supplement,1,13007,16,0.9136490250696379,5 4 0 1 6 9 9 2 0 6 6 3 1 1 7 0 8 9 5 8 0 3 1 6 5 5 3 4 1 9 8 9 8 3 4 3 3 6 1 6 5 4 4 5 4 9 8 9 9 2 1 7 3 0 4 7 8 9 0 5 1 7 6 2 1 4 3 1 1 3 2 7 9 6 1 7 5 8 6 2 7 1 2 2 2 3 4 0 2 7 8 4 7 2 2 6 3 2 1 9 2 8 0 7 1 6 1 4 7 5 1 2 9 4 5 4 5 3 6 3 5 2 3 0 0 2 7 3 9 6 9 7 5 0 9 2 6 3 4 3 6 6 4 1 6 5 6 7 8 0 0 7 2 5 3 9 0 3 7 8 1 8 6 8 6 3 3 1 7 5 0 0 7 3 1 6 3 5 3 4 3 2 2 5 5 1 6 4 6 7 5 3 6 9 6 7 1 1 1 7 8 6 0 9 4 3 1 1 1 0 0 9 2 5 4 0 3 1 5 4 9 0 9 4 6 0 4 0 3 8 2 6 7 0 1 4 8 7 2 2 7 6 5 5 9 2 0 4 4 8 7 4 4 8 4 2 7 9 8 6 4 6 9 9 6 0 9 1 8 0 5 0 3 9 7 5 2 2 1 9 7 8 7 4 4 6 5 4 1 9 3 1 3 2 9 4 8 9 5 4 2 2 9 1 5 3 0 0 6 7 1 5 7 0 5 6 0 0 0 8 7 4 9 2 5 3 1 9 8 8 8 7 8 5 0 9 3 7 4 0 5 7 9 9 7 4 3 2 6 2 0 2 7 8 3 7 7 3 6,3eb5fa187d76679d2a97d2f1fa029217e33c2b21154f3f517103613871d8882d
supplement,1,13007,17,0.9164345403899722,5 4 0 1 6 9 9 2 0 6 6 3 1 1 7 0 8 9 5 8 0 3 1 6 5 5 3 4 1 9 8 9 8 3 4 3 3 6 1 6 5 4 4 5 4 9 8 9 9 8 1 7 3 0 4 7 8 9 0 5 1 7 6 2 1 4 3 1 1 3 2 7 9 6 1 7 5 5 6 2 7 1 2 2 2 3 4 0 2 7 8 4 7 2 2 6 3 1 1 9 2 8 0 7 1 6 1 4 7 5 1 2 9 4 5 4 5 3 6 3 5 2 3 0 0 2 7 8 9 6 9 7 5 0 9 2 6 3 4 3 6 6 4 1 6 5 6 7 8 0 0 7 2 5 3 9 0 3 7 8 1 8 6 8 6 3 3 1 7 5 0 0 7 3 1 6 3 5 8 4 3 2 2 5 5 1 6 4 6 7 5 0 6 9 6 7 1 8 1 7 8 6 0 9 4 3 1 1 1 0 0 9 2 5 4 0 3 1 5 4 9 0 9 4 6 0 4 0 3 8 2 6 7 0 1 4 8 7 2 2 7 6 5 5 9 2 0 4 4 8 7 4 7 8 4 2 7 9 8 6 4 6 9 9 6 0 9 1 8 0 5 0 3 9 7 5 2 2 1 9 7 8 7 4 4 6 5 4 1 1 3 1 3 2 9 4 8 5 5 4 2 2 9 1 5 3 0 0 6 7 1 5 7 0 5 6 0 0 0 1 8 4 9 2 5 9 1 9 8 8 8 7 8 5 0 9 9 7 4 0 5 7 9 9 7 4 3 2 6 2 0 2 7 8 3 7 7 8 6,7d00308b88e73b113a5ac01da245ecf7c6874687bf2a1bda2519249314e95446
supplement,1,13007,18,0.9025069637883009,5 4 0 1 6 9 9 2 6 6 6 3 1 1 7 0 8 9 5 8 0 3 1 6 9 5 3 4 1 9 8 9 8 3 4 3 3 6 1 6 5 4 4 5 4 9 8 9 9 8 1 7 9 0 4 7 8 9 0 5 1 7 6 2 1 4 3 1 1 3 2 7 9 6 1 7 5 8 6 2 7 1 2 2 2 3 4 0 2 7 8 4 7 2 2 6 3 1 1 9 2 8 0 7 1 6 1 4 7 5 1 2 9 4 5 4 5 3 6 3 5 2 3 0 0 2 7 8 9 6 9 7 5 0 9 2 6 3 4 3 6 6 7 1 6 5 6 7 8 0 0 7 2 5 3 9 0 3 7 8 1 8 6 8 6 3 3 1 7 5 0 0 7 3 1 6 3 5 8 4 3 2 2 5 5 1 6 4 6 7 5 0 6 9 6 7 1 8 1 7 8 6 0 9 4 3 1 1 1 0 0 9 2 5 4 0 3 1 5 4 9 0 9 4 6 0 4 0 3 8 2 6 7 0 1 4 8 7 2 2 7 6 5 5 9 2 0 4 4 8 7 4 4 8 4 2 7 9 8 6 4 6 9 9 6 0 9 1 8 0 5 0 3 9 7 5 2 2 1 9 7 8 7 4 4 6 5 4 1 1 3 1 3 2 9 4 8 9 5 4 2 2 9 1 5 3 0 0 6 7 1 5 7 0 5 6 0 0 0 1 5 4 9 2 5 9 1 9 8 8 8 7 8 5 0 9 9 7 4 0 5 7 9 9 7 4 3 2 6 2 0 2 7 8 3 7 7 8 6,11fc3639403f6ec20781fcbe5e104e6917cc62eecdb412eb6a9c1b31cf72853a
supplement,1,13007,19,0.9108635097493036,5 4 0 1 6 9 9 2 0 6 6 3 1 1 7 0 8 9 5 8 0 3 1 6 5 5 3 4 1 9 8 9 8 3 4 3 3 6 1 6 5 4 4 5 4 9 8 9 9 8 1 7 3 0 4 7 8 9 0 5 1 7 6 2 1 4 3 1 1 3 2 7 9 6 1 7 5 8 6 2 7 1 2 2 2 3 4 0 2 7 8 4 7 2 2 6 3 1 1 9 2 8 0 7 1 6 1 4 7 5 1 2 9 4 5 4 5 3 6 3 5 2 3 0 0 2 7 8 9 6 9 7 5 0 9 2 6 3 4 3 6 6 4 1 6 5 6 7 8 0 0 7 2 5 3 9 0 3 7 8 1 8 6 8 6 3 3 1 7 5 0 0 7 3 1 6 3 5 8 4 3 2 2 5 5 1 6 4 6 7 5 3 6 9 6 7 1 8 1 7 8 6 0 9 4 3 2 1 1 0 0 9 2 5 4 0 3 1 5 4 9 0 9 4 6 0 4 0 3 8 2 6 7 0 1 4 8 7 2 2 7 6 5 5 9 2 0 4 4 8 7 4 4 3 4 2 7 9 8 6 4 6 9 9 6 0 9 1 8 0 5 0 3 9 7 5 2 3 1 9 7 8 7 4 4 6 5 4 1 1 3 1 3 2 9 4 8 9 5 4 2 2 9 1 5 3 0 0 6 7 1 5 7 0 5 6 0 0 0 8 5 4 9 2 5 3 1 9 8 8 8 7 8 5 0 9 9 7 4 0 5 7 9 9 7 4 3 2 6 2 0 2 7 8 3 7 7 3 6,7a110bb2111ed2a9c19c5ba3ed3f6ce53d04fad5be3e97eae9dcfe81d4315d09
supplement,1,13007,20,0.9164345403899722,5 4 0 1 6 9 9 2 6 6 6 3 1 1 7 0 8 8 5 8 0 3 1 6 5 5 3 4 1 9 8 9 8 3 4 3 3 6 1 6 5 4 4 5 4 9 8 9 9 8 1 7 9 0 4 7 8 9 0 5 1 7 6 2 1 4 3 1 1 3 2 7 9 6 1 7 5 9 6 2 7 2 2 2 2 3 4 0 2 7 8 4 7 2 2 6 3 1 1 9 2 8 0 7 1 6 1 4 7 5 1 2 1 4 5 4 5 3 6 3 5 2 3 0 0 2 7 8 9 6 9 7 5 0 9 2 6 3 4 3 6 6 4 1 6 5 6 7 8 0 0 7 2 5 3 9 0 3 7 8 1 8 6 8 6 3 3 1 7 5 0 0 7 3 1 6 3 5 8 4 3 2 2 5 5 1 6 4 6 7 5 3 6 9 6 7 1 8 1 7 5 6 0 9 4 3 1 1 1 0 0 9 2 5 4 0 3 1 5 4 9 0 9 4 6 0 4 0 3 8 2 6 7 0 1 4 8 7 2 2 7 6 5 5 9 2 0 4 4 8 7 4 7 8 4 2 7 9 8 6 4 6 9 9 6 0 9 1 8 0 5 0 3 9 7 5 2 2 1 9 7 8 7 4 4 6 5 4 1 1 3 1 3 2 9 4 8 5 5 4 2 2 9 1 5 3 0 0 6 7 1 5 7 0 5 6 0 0 0 8 5 4 9 2 5 9 1 9 8 8 8 7 8 5 0 9 9 7 4 0 5 7 9 9 7 4 3 2 6 2 0 2 7 8 3 7 7 8 6,4e1397415e77bf8c391a616f3cf363621460e9234c96006a3710dace68578a61
supplement,1,13008,1,0.5682451253481894,5 4 0 1 0 2 9 2 6 6 0 1 2 2 5 0 2 3 5 2 0 9 1 6 1 5 3 0 2 8 0 9 2 3 0 3 5 6 1 6 5 4 4 2 0 8 8 9 9 3 2 7 3 0 6 7 7 0 0 3 1 7 6 2 2 4 2 1 1 3 2 7 9 6 7 7 5 9 6 2 7 0 3 3 2 9 0 0 2 7 5 0 5 0 0 6 2 0 9 9 2 8 0 5 1 6 3 0 7 5 1 2 9 0 5 5 5 1 6 1 5 2 1 0 0 2 7 1 4 6 9 7 5 6 9 2 6 4 4 3 0 6 9 2 6 5 2 7 8 0 0 7 8 5 3 0 0 1 7 5 5 6 6 2 6 2 1 9 7 5 0 0 2 2 1 6 3 5 5 4 3 2 2 5 3 2 6 4 6 7 5 3 6 1 6 7 0 5 9 4 5 6 0 9 4 0 1 7 1 0 5 0 2 5 4 0 2 1 5 4 1 0 2 1 6 2 4 0 3 1 2 6 2 0 9 4 9 5 2 2 9 6 5 6 2 2 0 5 5 9 7 4 4 3 5 7 7 5 2 6 0 6 4 0 6 0 0 7 6 0 5 0 3 4 2 5 2 0 2 2 2 2 7 4 0 6 5 7 1 9 2 0 0 2 4 4 5 8 5 4 2 2 4 1 5 0 0 0 6 9 7 5 7 0 5 6 0 0 0 9 2 4 7 0 5 1 1 0 2 2 5 7 8 5 0 2 9 9 4 0 5 7 8 9 5 0 1 2 0 2 0 3 7 5 3 7 7 1 2,1c3e6ca0d2d3ff30abbef29175d1306269353dc497ce24c5b201fc1430265aad
supplement,1,13008,2,0.8161559888579387,5 4 0 1 0 9 9 2 6 6 6 3 1 1 7 0 1 9 5 8 0 3 1 6 1 5 7 4 1 3 8 9 8 3 4 3 3 6 1 6 5 4 4 2 4 9 1 9 9 3 2 7 3 0 6 7 5 9 0 1 1 7 6 2 1 4 3 1 1 3 2 7 9 6 1 7 5 7 6 2 7 1 2 2 2 3 4 0 2 7 5 4 7 2 2 6 3 1 1 9 2 8 0 7 1 6 1 4 7 5 1 2 9 4 5 4 5 3 6 3 5 2 3 0 0 2 7 6 9 6 9 7 5 0 9 2 6 3 4 3 6 6 4 1 6 5 6 7 8 0 0 7 2 5 3 9 0 3 7 1 1 6 6 2 6 3 3 0 7 5 0 0 7 3 1 6 3 5 3 4 3 2 2 5 1 2 6 4 6 7 5 3 6 5 6 7 1 2 1 7 5 6 0 9 4 3 1 1 1 0 0 9 2 5 4 0 3 1 5 4 9 0 3 4 6 0 4 0 3 1 2 6 7 0 1 4 3 7 2 2 7 6 5 5 3 2 0 4 4 2 7 4 4 3 4 2 7 9 2 6 0 6 9 9 6 0 3 7 1 0 5 0 3 9 7 5 2 0 1 3 7 8 7 4 4 6 5 4 1 9 3 3 3 2 9 4 3 8 5 4 2 2 1 1 5 3 0 0 6 7 1 5 7 0 5 6 0 0 0 1 5 4 9 2 5 3 1 0 3 8 1 7 8 5 0 0 9 7 4 0 5 7 0 9 7 4 3 2 6 2 0 2 7 8 3 7 7 1 6,06fd6222ce55aaba1d0e48cff568ebc13ff590b12798b460760319498f79c3a1
supplement,1,13008,3,0.8774373259052924,5 4 0 1 6 9 9 2 6 6 6 3 1 1 7 0 8 9 5 8 0 3 1 6 5 5 7 4 1 5 8 9 8 3 4 3 3 6 1 6 5 4 4 6 4 9 8 9 9 1 1 7 3 0 6 7 5 9 0 5 1 7 6 2 1 4 3 1 1 3 2 7 9 6 1 7 5 9 6 2 7 1 2 2 2 3 4 0 2 7 8 4 7 2 2 6 3 1 1 9 2 8 0 7 1 6 1 4 7 5 1 2 9 4 5 4 5 3 6 3 5 2 3 0 0 2 7 3 9 6 9 7 5 0 9 2 6 3 4 3 6 6 7 1 6 5 6 7 8 0 0 7 2 5 3 9 0 3 7 1 1 6 6 2 6 3 3 9 7 5 0 0 7 3 1 6 3 5 8 4 3 2 2 5 1 8 6 4 6 7 5 3 6 5 6 7 1 1 1 7 5 6 0 9 4 3 1 1 1 0 0 9 2 5 4 0 3 1 5 4 9 0 9 4 6 0 4 0 3 8 2 6 7 0 1 4 8 7 2 2 7 6 5 5 9 2 0 4 4 7 7 4 4 6 4 2 7 9 8 6 4 6 9 9 6 0 9 7 1 0 5 0 3 9 7 5 2 0 1 9 7 8 7 4 4 6 5 4 1 1 3 1 3 2 9 4 5 5 5 1 2 2 9 1 5 3 0 0 6 7 1 5 7 0 5 6 0 0 0 1 7 4 9 2 5 3 1 9 8 8 5 7 8 5 0 9 9 7 4 0 5 7 0 9 7 4 3 2 6 2 0 2 7 8 3 7 7 1 6,01425a04c703fc8a2dcc336996162ea6cdf42cfd484e231b539813c3c154722e
supplement,1,13008,4,0.8857938718662952,5 4 0 1 6 9 9 2 6 6 1 3 1 1 7 0 8 9 5 8 0 9 1 6 5 5 2 4 1 9 8 9 8 3 4 3 3 6 1 6 5 4 4 6 4 9 8 9 9 1 1 7 3 0 4 7 5 9 0 5 1 7 6 2 1 4 3 1 1 3 2 7 9 6 1 7 5 9 6 2 7 1 2 2 2 3 4 0 2 7 8 4 7 2 2 6 3 1 1 9 2 8 0 7 1 6 1 4 7 5 1 2 9 4 5 4 5 3 6 3 5 2 3 0 0 2 7 8 9 6 9 7 5 0 9 2 6 3 4 3 6 6 4 1 6 5 6 7 8 0 0 7 2 5 3 9 0 3 7 8 1 6 6 7 6 3 3 9 7 5 0 0 7 3 1 6 3 5 3 4 3 2 2 5 1 8 6 4 6 7 5 0 6 5 6 7 1 1 1 7 5 6 0 9 4 3 1 1 1 0 0 9 2 5 4 0 3 1 5 4 9 0 9 4 6 0 4 0 3 7 2 6 7 0 1 4 3 7 2 2 7 6 5 5 9 2 0 4 4 8 7 4 4 6 4 2 7 9 8 6 4 6 9 9 6 0 9 1 6 0 5 0 3 9 7 5 2 0 1 9 7 8 7 4 4 6 5 4 1 1 3 1 3 2 9 4 8 5 5 4 2 2 9 1 5 3 0 0 6 7 1 5 7 0 5 6 0 0 0 1 7 4 9 2 5 3 1 9 8 8 8 7 8 5 0 9 9 7 4 0 5 7 0 9 7 4 3 2 6 2 0 2 7 8 3 7 7 1 6,1894256f22fdba687d2ec3945388f4741993aba5f7c774be06bd0bcb96edacdb
supplement,1,13008,5,0.9025069637883009,5 4 0 1 6 9 9 2 6 6 6 3 1 1 7 0 8 9 5 8 0 9 1 6 5 5 7 4 1 9 8 9 8 3 4 3 3 6 1 6 5 4 4 5 4 9 8 9 9 8 1 7 3 0 4 7 8 9 0 5 1 7 6 2 1 4 3 1 1 3 2 7 9 6 1 7 5 9 6 2 7 1 2 2 2 3 4 0 2 7 8 4 7 2 2 6 3 1 1 9 2 8 0 7 1 6 1 4 7 5 1 2 9 4 5 4 5 3 6 3 5 2 3 0 0 2 7 9 9 6 9 7 5 0 9 2 6 3 4 3 6 6 7 1 6 5 6 7 8 0 0 7 2 5 3 9 0 3 7 8 8 6 6 7 6 3 3 9 7 5 0 0 7 3 1 6 3 5 8 4 3 2 2 5 5 1 6 4 6 7 5 0 6 5 6 7 1 1 1 7 8 6 0 9 4 3 1 1 1 0 0 9 2 5 4 0 3 1 5 4 9 0 9 4 6 0 4 0 3 8 2 6 7 0 1 4 8 7 2 2 7 6 5 5 9 2 0 4 4 8 7 4 7 1 4 2 7 9 8 6 4 6 9 9 6 0 9 7 8 0 5 0 3 9 7 5 2 2 1 9 7 8 7 4 4 6 5 4 1 1 3 1 3 2 9 4 3 5 5 4 2 2 9 1 5 3 0 0 6 7 1 5 7 0 5 6 0 0 0 1 5 4 9 2 5 3 1 9 8 8 8 7 8 5 0 9 9 7 4 0 5 7 9 9 7 4 3 2 6 2 0 2 7 8 3 7 7 1 6,a63ae65c13459c7107a134b9ebd7085b5b7e71fbc2d37204edb479eb78607cd9
supplement,1,13008,6,0.8913649025069638,5 4 0 1 6 9 9 2 4 6 6 3 1 1 7 0 8 9 5 8 0 9 1 6 5 5 7 4 1 5 8 9 8 3 4 3 3 6 1 6 5 4 4 5 4 9 8 9 9 8 1 7 9 0 4 7 8 9 0 5 8 7 6 2 1 4 3 1 1 3 2 7 9 6 1 7 5 9 6 2 7 1 2 2 2 3 4 0 2 7 8 4 7 2 2 6 3 1 1 9 2 8 0 7 1 6 1 4 7 5 1 2 9 4 5 4 5 3 6 3 5 2 3 0 0 2 7 9 9 6 9 7 5 0 9 2 6 3 4 3 6 6 7 1 6 5 6 7 8 0 0 7 2 5 3 9 0 3 7 7 8 6 6 7 6 3 3 9 7 5 0 0 7 3 1 6 3 5 8 4 3 2 2 5 5 1 6 4 6 7 5 0 6 9 6 7 1 1 1 7 5 6 0 9 4 3 1 1 1 0 0 9 2 5 4 0 3 1 5 4 9 0 9 4 6 0 4 0 3 8 2 6 7 0 1 4 8 7 2 2 7 6 5 5 9 2 0 4 4 8 7 4 7 8 4 2 7 9 8 6 4 6 9 9 6 0 9 7 6 0 5 0 3 9 7 5 2 2 1 9 7 8 7 4 4 6 5 4 1 9 3 1 3 2 9 4 3 5 5 4 2 2 9 1 5 3 0 0 6 7 1 5 7 0 5 6 0 0 0 1 7 4 9 2 5 3 1 9 8 8 8 7 8 5 0 5 9 7 4 0 5 7 9 9 7 4 3 2 6 2 0 2 7 8 3 7 7 1 6,8399e1364482986fd97bad841874cbc62aae0fdc5756f6a34ad56f6be5a4d610
supplement,1,13008,7,0.9080779944289693,5 4 0 1 6 9 9 2 0 6 6 3 1 1 7 0 8 9 5 8 0 9 1 6 5 5 2 4 1 9 8 9 8 3 4 3 3 6 1 6 5 4 4 5 4 9 1 9 9 8 1 7 9 0 4 7 8 9 0 5 1 7 6 2 1 4 3 1 1 3 2 7 9 6 1 7 5 8 6 2 7 1 2 2 2 3 4 0 2 7 8 4 7 2 2 6 3 1 1 9 2 8 0 5 1 6 1 4 7 5 1 2 9 4 5 4 5 3 6 3 5 2 3 0 0 2 7 9 9 6 9 7 5 0 9 2 6 3 4 3 6 6 7 1 6 5 6 7 8 0 0 7 2 5 3 9 0 3 7 8 8 1 6 7 6 3 3 1 7 5 0 0 7 3 1 6 3 5 3 4 3 2 2 5 5 8 6 4 6 7 5 0 6 5 6 7 1 1 1 7 8 6 0 9 4 3 1 1 1 0 0 9 2 5 4 0 3 1 5 4 9 0 9 4 6 0 4 0 3 8 2 6 7 0 1 4 8 7 2 2 7 6 5 5 9 2 0 4 4 8 7 4 7 8 4 2 7 9 8 6 4 6 9 9 6 0 9 7 8 0 5 0 3 9 7 5 2 2 1 9 7 8 7 4 4 6 5 4 1 1 3 1 3 2 9 4 8 5 5 4 2 2 9 1 5 3 0 0 6 7 1 5 7 0 5 6 0 0 0 8 5 4 9 2 5 3 1 9 8 8 8 7 8 5 0 9 9 7 4 0 5 7 9 9 7 4 3 2 6 2 0 2 7 8 3 7 7 5 6,08e1517761248f48e8a195bb4ac073ec60d6d8a8bbbbc68e5f894b2141dfaf0f
supplement,1,13008,8,0.9108635097493036,5 4 0 1 6 9 9 2 6 6 6 3 1 1 7 0 8 9 5 8 0 9 1 6 5 5 2 4 1 9 8 9 8 3 4 3 3 6 1 6 5 4 4 5 4 9 8 9 9 8 1 7 9 0 4 7 8 9 0 5 8 7 6 2 1 4 3 1 1 3 2 7 9 6 1 7 5 9 6 2 7 1 2 2 2 3 4 0 2 7 8 4 7 2 2 6 3 1 1 9 2 8 0 8 1 6 1 4 7 5 1 2 9 4 5 4 5 3 6 3 5 2 3 0 0 2 7 9 9 6 9 7 5 0 9 2 6 3 4 3 6 6 7 1 6 5 6 7 8 0 0 7 2 5 3 9 0 3 7 8 8 6 6 8 6 3 3 9 7 5 0 0 8 3 1 6 3 5 8 4 3 2 2 5 5 1 6 4 6 7 5 3 6 5 6 7 1 1 1 7 8 6 0 9 4 3 1 1 1 0 0 9 2 5 4 0 3 1 5 4 9 0 9 4 6 0 4 0 3 8 2 6 7 0 1 4 8 7 2 2 7 6 5 5 9 2 0 4 4 8 7 4 7 8 4 2 7 9 8 6 4 6 9 9 6 0 9 1 8 0 5 0 3 9 7 5 2 2 1 9 7 8 7 4 4 6 5 4 1 1 3 1 3 2 9 4 8 5 5 4 2 2 9 1 5 3 0 0 6 7 1 5 7 0 5 6 0 0 0 8 7 4 9 2 5 3 1 9 8 8 8 7 8 5 0 9 9 7 4 0 5 7 9 9 7 4 3 2 6 2 0 2 7 8 3 7 7 8 6,55055b8f2b70bacf076da4ce66c1b3b15ff72d9f28821741bc7b023d4d440f02
supplement,1,13008,9,0.9136490250696379,5 4 0 1 6 9 9 2 6 6 6 3 1 1 7 0 8 8 5 8 0 9 1 6 5 5 3 4 1 9 8 9 8 3 4 3 3 6 1 6 5 4 4 5 4 9 1 9 9 8 1 7 9 0 4 7 8 9 0 5 1 7 6 2 1 4 3 1 1 3 2 7 9 6 1 7 5 8 6 2 7 1 2 2 2 3 4 0 2 7 8 4 7 2 2 6 3 1 1 9 2 8 0 7 1 6 1 4 7 5 1 2 9 4 5 4 5 3 6 3 5 2 3 0 0 2 7 9 9 6 9 7 5 0 9 2 6 3 4 3 6 6 7 1 6 5 6 7 8 0 0 7 2 5 3 9 0 3 7 8 1 8 6 8 6 3 3 1 7 5 0 0 8 3 1 6 3 5 8 4 3 2 2 5 5 1 6 4 6 7 5 0 6 5 6 7 1 1 1 7 5 6 0 9 4 3 1 1 1 0 0 9 2 5 4 0 3 1 5 4 9 0 9 4 6 0 4 0 3 8 2 6 7 0 1 4 8 7 2 2 7 6 5 5 9 2 0 4 4 8 7 4 7 8 4 2 7 9 8 6 4 6 9 9 6 0 9 1 8 0 5 0 3 9 7 5 2 2 1 9 7 8 7 4 4 6 5 4 1 1 3 1 3 2 9 4 8 5 5 4 2 2 9 1 5 3 0 0 6 7 1 5 7 0 5 6 0 0 0 8 5 4 9 2 5 3 1 9 8 8 8 7 8 5 0 9 9 7 4 0 5 7 9 9 7 4 3 2 6 2 0 2 7 8 3 7 7 1 6,76c29c3a0fbda80275986dd862230f7c96a4ac4c94c64774619f09d93fa1b639
supplement,1,13008,10,0.9164345403899722,5 4 0 1 6 9 9 2 0 6 6 3 1 1 7 0 8 9 5 8 0 9 1 6 5 5 2 4 1 9 8 9 8 3 4 3 3 6 1 6 5 4 4 5 4 9 8 9 9 8 1 7 9 0 4 7 8 9 0 5 1 7 6 2 1 4 3 1 1 3 2 7 9 6 1 7 5 5 6 2 7 1 2 2 2 3 4 0 2 7 8 4 7 2 2 6 3 1 1 9 2 8 0 8 1 6 1 4 7 5 1 2 9 4 5 4 5 3 6 3 5 2 3 0 0 2 7 8 9 6 9 7 5 0 9 2 6 3 4 3 6 6 7 1 6 5 6 7 8 0 0 7 2 5 3 9 0 3 7 8 8 1 6 7 6 3 3 1 7 5 0 0 7 3 1 6 3 5 8 4 3 2 2 5 5 1 6 4 6 7 5 3 6 5 6 7 1 1 1 7 8 6 0 9 4 3 1 1 1 0 0 9 2 5 4 0 3 1 5 4 9 0 9 4 6 0 4 0 3 8 2 6 7 0 1 4 8 7 2 2 7 6 5 5 9 2 0 4 4 8 7 4 7 8 4 2 7 9 8 6 4 6 9 9 6 0 9 7 8 0 5 0 3 9 7 5 2 2 1 9 7 8 7 4 4 6 5 4 1 1 3 1 3 2 9 4 8 5 5 4 2 2 9 1 5 3 0 0 6 7 1 5 7 0 5 6 0 0 0 8 5 4 9 2 5 3 1 9 8 8 8 7 8 5 0 9 9 7 4 0 5 7 0 9 7 4 3 2 6 2 0 2 7 8 3 7 7 1 6,be004ceaf9566f6c3e862d5d601a8780a7130c564ce50b49dd235bfd86bb9d84
supplement,1,13008,11,0.9220055710306406,5 4 0 1 6 9 9 2 0 6 6 3 1 1 7 0 8 8 5 8 0 9 1 6 5 5 3 4 1 9 8 9 8 3 4 3 3 6 1 6 5 4 4 5 4 9 8 9 9 1 1 7 3 0 4 7 8 9 0 5 1 7 6 2 1 4 3 1 1 3 2 7 9 6 1 7 5 5 6 2 7 1 2 2 2 3 4 0 2 7 8 4 7 2 2 6 3 1 1 9 2 8 0 8 1 6 1 4 7 5 1 2 9 4 5 4 5 3 6 3 5 2 3 0 0 2 7 9 9 6 9 7 5 0 9 2 6 3 4 3 6 6 7 1 6 5 6 7 8 0 0 7 2 5 3 9 0 3 7 8 8 8 6 8 6 9 3 1 7 5 0 0 8 3 1 6 3 5 8 4 3 2 2 5 5 1 6 4 6 7 5 3 6 5 6 7 1 1 1 7 8 6 0 9 4 3 1 1 1 0 0 9 2 5 4 0 3 1 5 4 9 0 9 4 6 0 4 0 3 8 2 6 7 0 1 4 8 7 2 2 7 6 5 5 9 2 0 4 4 8 7 4 7 8 4 2 7 9 8 6 4 6 9 9 6 0 9 7 8 0 5 0 3 9 7 5 2 2 1 9 7 8 7 4 4 6 5 4 1 1 3 1 3 2 9 4 8 5 5 4 2 2 9 1 5 3 0 0 6 7 1 5 7 0 5 6 0 0 0 8 7 4 9 2 5 3 1 9 8 8 8 7 8 5 0 9 9 7 4 0 5 7 0 9 7 4 3 2 6 2 0 2 7 8 3 7 7 3 6,c405a67f204c28f55bfde086c7004a7c62254d87c4b438bfc2967ec6c90fd6b1
supplement,1,13008,12,0.9108635097493036,5 4 0 1 6 9 9 2 0 6 6 3 1 1 7 0 8 8 5 8 0 9 1 6 5 5 3 4 1 9 8 9 8 3 4 3 3 6 1 6 5 4 4 5 4 9 1 9 9 8 1 7 9 0 4 7 8 9 0 5 1 7 6 2 1 4 3 1 1 3 2 7 9 6 1 7 5 5 6 2 7 1 2 2 2 3 4 0 2 7 8 4 7 2 2 6 3 1 1 9 2 8 0 7 1 6 1 4 7 5 1 2 9 4 5 4 5 3 6 3 5 2 3 0 0 2 7 9 9 6 9 7 5 0 9 2 6 3 4 3 6 6 7 1 6 5 6 7 8 0 0 7 2 5 3 9 0 3 7 8 8 8 6 8 6 9 3 1 7 5 0 0 8 3 1 6 3 5 8 4 3 2 2 5 5 1 6 4 6 7 5 0 6 5 6 7 1 1 1 7 8 6 0 9 4 3 1 1 1 0 0 9 2 5 4 0 3 1 5 4 9 0 9 4 6 0 4 0 3 8 2 6 7 0 1 4 8 7 2 2 7 6 5 5 9 2 0 4 4 8 7 4 7 8 4 2 7 9 8 6 4 6 9 9 6 0 9 7 8 0 5 0 3 9 7 5 2 2 1 9 7 8 7 4 4 6 5 4 1 1 3 1 3 2 9 4 8 5 5 4 2 2 9 1 5 3 0 0 6 7 1 5 7 0 5 6 0 0 0 8 5 4 9 2 5 3 1 9 8 8 8 7 8 5 0 9 9 7 4 0 5 7 9 9 7 4 3 2 6 2 0 2 7 8 3 7 7 8 6,3e35482c1444e3c567f78e07d5f31166717e5481d2f155141d369be13545d673
supplement,1,13008,13,0.9164345403899722,5 4 0 1 6 9 9 2 0 6 6 3 1 1 7 0 8 8 5 8 0 3 1 6 5 5 3 4 1 9 8 9 8 3 4 3 3 6 1 6 5 4 4 5 4 9 8 9 9 8 1 7 9 0 4 7 8 9 0 5 1 7 6 2 1 4 3 1 1 3 2 7 9 6 1 7 5 8 6 2 7 1 2 2 2 3 4 0 2 7 8 4 7 2 2 6 3 1 1 9 2 8 0 7 1 6 1 4 7 5 1 2 9 4 5 4 5 3 6 3 5 2 3 0 0 2 7 8 9 6 9 7 5 0 9 2 6 3 4 3 6 6 7 1 6 5 6 7 8 0 0 7 2 5 3 9 0 3 7 8 8 8 6 8 6 3 3 1 7 5 0 0 7 3 1 6 3 5 3 4 3 2 2 5 5 1 6 4 6 7 5 3 6 5 6 7 1 1 1 7 8 6 0 9 4 3 1 1 1 0 0 9 2 5 4 0 3 1 5 4 9 0 9 4 6 0 4 0 3 8 2 6 7 0 1 4 8 7 2 2 7 6 5 5 9 2 0 4 4 8 7 4 7 8 4 2 7 9 8 6 4 6 9 9 6 0 9 7 8 0 5 0 3 9 7 5 2 2 1 9 7 8 7 4 4 6 5 4 1 1 3 1 3 2 9 4 8 5 5 4 2 2 9 1 5 3 0 0 6 7 1 5 7 0 5 6 0 0 0 8 5 4 9 2 5 3 1 9 8 8 8 7 8 5 0 9 9 7 4 0 5 7 9 9 7 4 3 2 6 2 0 2 7 8 3 7 7 2 6,70885166e13f5e15cfc3634b3873bc3391a9c8495ce318f905693a2468e62e70
supplement,1,13008,14,0.9220055710306406,5 4 0 1 6 9 9 2 0 6 6 3 1 1 7 0 8 8 5 8 0 9 1 6 5 5 2 4 1 9 8 9 8 3 4 3 3 6 1 6 5 4 4 5 4 9 1 9 9 1 1 7 9 0 4 7 8 9 0 5 1 7 6 2 1 4 3 1 1 3 2 7 9 6 1 7 5 8 6 2 7 1 2 2 2 3 4 0 2 7 8 4 7 2 2 6 3 1 1 9 2 8 0 8 1 6 1 4 7 5 1 2 9 4 5 4 5 3 6 3 5 2 3 0 0 2 7 9 9 6 9 7 5 0 9 2 6 3 4 3 6 6 7 1 6 5 6 7 8 0 0 7 2 5 3 9 0 3 7 8 1 8 6 8 6 3 3 1 7 5 0 0 8 3 1 6 3 5 8 4 3 2 2 5 5 1 6 4 6 7 5 3 6 5 6 7 1 1 1 7 8 6 0 9 4 3 1 1 1 0 0 9 2 5 4 0 3 1 5 4 9 0 9 4 6 0 4 0 3 8 2 6 7 0 1 4 8 7 2 2 7 6 5 5 9 2 0 4 4 8 7 4 7 8 4 2 7 9 8 6 4 6 9 9 6 0 9 1 8 0 5 0 3 9 7 5 2 2 1 9 7 8 7 4 4 6 5 4 1 1 3 1 3 2 9 4 8 5 5 4 2 2 9 1 5 3 0 0 6 7 1 5 7 0 5 6 0 0 0 8 5 4 9 2 5 3 1 9 8 8 8 7 8 5 0 9 9 7 4 0 5 7 9 9 7 4 3 2 6 2 0 2 7 8 3 7 7 2 6,6548f4b6e5a39ec292d522535c1bfaaf19637ab5129492e9090f14ad0b9a3416
supplement,1,13008,15,0.9275766016713092,5 4 0 1 6 9 9 2 0 6 6 3 1 1 7 0 8 8 5 8 0 9 1 6 5 5 3 4 1 9 8 9 8 3 4 3 3 6 1 6 5 4 4 5 4 9 8 9 9 8 1 7 9 0 4 7 8 9 0 5 1 7 6 2 1 4 3 1 1 3 2 7 9 6 1 7 5 9 6 2 7 1 2 2 2 3 4 0 2 7 8 4 7 2 2 6 3 1 1 9 2 8 0 7 1 6 1 4 7 5 1 2 9 4 5 4 5 3 6 3 5 2 3 0 0 2 7 9 9 6 9 7 5 0 9 2 6 3 4 3 6 6 7 1 6 5 6 7 8 0 0 7 2 5 3 9 0 3 7 8 1 8 6 8 6 3 3 1 7 5 0 0 8 3 1 6 3 5 8 4 3 2 2 5 5 1 6 4 6 7 5 3 6 5 6 7 1 1 1 7 8 6 0 9 4 3 1 1 1 0 0 9 2 5 4 0 3 1 5 4 9 0 9 4 6 0 4 0 3 8 2 6 7 0 1 4 8 7 2 2 7 6 5 5 9 2 0 4 4 8 7 4 7 8 4 2 7 9 8 6 4 6 9 9 6 0 9 1 8 0 5 0 3 9 7 5 2 2 1 9 7 8 7 4 4 6 5 4 1 1 3 1 3 2 9 4 8 5 5 4 2 2 9 1 5 3 0 0 6 7 1 5 7 0 5 6 0 0 0 8 7 4 9 2 5 3 1 9 8 8 8 7 8 5 0 9 9 7 4 0 5 7 9 9 7 4 3 2 6 2 0 2 7 8 3 7 7 2 6,b27aeea3d3127da3fd573a8703e30ed2ba120cb9cf12c6dd0abc31512927df9f
supplement,1,13008,16,0.9108635097493036,5 4 0 1 6 9 9 2 6 6 6 3 1 1 7 0 8 9 5 8 0 9 1 6 5 5 2 4 1 9 8 9 8 3 4 3 3 6 1 6 5 4 4 5 4 9 8 9 9 1 1 7 9 0 4 7 8 9 0 5 1 7 6 2 1 4 3 1 1 3 2 7 9 6 1 7 5 9 6 2 7 1 2 2 2 3 4 0 2 7 8 4 7 2 2 6 3 1 1 9 2 8 0 7 1 6 1 4 7 5 1 2 9 4 5 4 5 9 6 3 5 2 3 0 0 2 7 9 9 6 9 7 5 0 9 2 6 9 4 3 6 6 7 1 6 5 6 7 8 0 0 7 2 5 3 9 0 3 7 8 1 8 6 8 6 9 3 1 7 5 0 0 8 3 1 6 3 5 8 4 3 2 2 5 5 1 6 4 6 7 5 3 6 5 6 7 1 1 1 7 8 6 0 9 4 3 1 1 1 0 0 9 2 5 4 0 3 1 5 4 9 0 9 4 6 0 4 0 3 8 2 6 7 0 1 4 8 7 2 2 7 6 5 5 9 2 0 4 4 8 7 4 7 8 4 2 7 9 8 6 4 6 9 9 6 0 9 1 8 0 5 0 3 9 7 5 2 2 1 9 7 8 7 4 4 6 5 4 1 1 3 1 3 2 9 4 8 5 5 4 2 2 9 1 5 3 0 0 6 7 1 5 7 0 5 6 0 0 0 8 5 4 9 2 5 3 1 9 8 8 8 7 8 5 0 9 9 7 4 0 5 7 9 9 7 4 3 2 6 2 0 2 7 8 3 7 7 8 6,35c4f780bbd9db96089497ac7334f5779e195c213f696fac159419ef9ce9dc34
supplement,1,13008,17,0.9136490250696379,5 4 0 1 6 9 9 2 0 6 6 3 1 1 7 0 8 8 5 8 0 9 1 6 5 5 2 4 1 9 8 9 8 3 4 3 3 6 1 6 5 4 4 5 4 9 8 9 9 8 1 7 9 0 4 7 8 9 0 5 1 7 6 2 1 4 3 1 1 3 2 7 9 6 1 7 5 8 6 2 7 1 2 2 2 3 4 0 2 7 8 4 7 2 2 6 3 1 1 9 2 8 0 7 1 6 1 4 7 5 1 2 9 4 5 4 5 3 6 3 5 2 3 0 0 2 7 9 9 6 9 7 5 0 9 2 6 3 4 3 6 6 7 1 6 5 6 7 8 0 0 7 2 5 3 9 0 3 7 8 8 8 6 8 6 3 3 1 7 5 0 0 7 3 1 6 3 5 8 4 3 2 2 5 5 1 6 4 6 7 5 3 6 5 6 7 1 1 1 7 8 6 0 9 4 3 1 1 1 0 0 9 2 5 4 0 3 1 5 4 9 0 9 4 6 0 4 0 3 8 2 6 7 0 1 4 8 7 2 2 7 6 5 5 9 2 0 4 4 8 7 4 7 8 4 2 7 9 8 6 4 6 9 9 6 0 9 7 8 0 5 0 3 9 7 5 2 2 1 9 7 8 7 4 4 6 5 4 1 1 3 1 3 2 9 4 8 5 5 4 2 2 9 1 5 3 0 0 6 7 1 5 7 0 5 6 0 0 0 8 7 4 9 2 5 9 1 9 8 8 8 7 8 5 0 9 9 7 4 0 5 7 9 9 7 4 3 2 6 2 0 2 7 8 3 7 7 8 6,118eec6fe5c8b78ba7dafae8001cc04592350a2788bad7c7f77ae7d886f0c9e5
supplement,1,13008,18,0.9192200557103064,5 4 0 1 6 9 9 2 0 6 6 3 1 1 7 0 8 8 5 8 0 9 1 6 5 5 2 4 1 9 8 9 8 3 4 3 3 6 1 6 5 4 4 5 4 9 8 9 9 8 1 7 3 0 4 7 8 9 0 5 1 7 6 2 1 4 3 1 1 3 2 7 3 6 1 7 5 5 6 2 7 1 2 2 2 3 4 0 2 7 8 4 7 2 2 6 3 1 1 9 2 8 0 8 1 6 1 4 7 5 1 2 9 4 5 4 5 3 6 3 5 2 3 0 0 2 7 9 9 6 9 7 5 0 9 2 6 3 4 3 6 6 7 1 6 5 6 7 8 0 0 7 2 5 3 9 0 3 7 8 8 8 6 8 6 3 3 1 7 5 0 0 8 3 1 6 3 5 8 4 3 2 2 5 5 1 6 4 6 7 5 3 6 5 6 7 1 1 1 7 8 6 0 9 4 3 1 1 1 0 0 9 2 5 4 0 3 1 5 4 9 0 9 4 6 0 4 0 3 8 2 6 7 0 1 4 8 7 2 2 7 6 5 5 9 2 0 4 4 8 7 4 7 8 4 2 7 9 8 6 4 6 9 9 6 0 9 7 8 0 5 0 3 9 7 5 2 2 1 9 7 8 7 4 4 6 5 4 1 1 3 1 3 2 9 4 8 5 5 4 2 2 9 1 5 3 0 0 6 7 1 5 7 0 5 6 0 0 0 8 5 4 9 2 5 3 1 9 8 8 8 7 8 5 0 9 9 7 4 0 5 7 9 9 7 4 3 2 6 2 0 2 7 8 3 7 7 8 6,3e2060da8e710683591a2dc0dadec9812ac09829f798d6c6364b105443983135
supplement,1,13008,19,0.9136490250696379,5 4 0 1 6 9 9 2 0 6 1 3 1 1 7 0 8 8 5 8 0 9 1 6 5 5 3 4 1 9 8 9 8 3 4 3 3 6 1 6 5 4 4 5 4 9 8 9 9 8 1 7 9 0 4 7 8 9 0 5 8 7 6 2 1 4 3 1 1 3 2 7 9 6 1 7 5 5 6 2 7 1 2 2 2 3 4 0 2 7 8 4 7 2 2 6 3 1 1 9 2 8 0 8 1 6 1 4 7 5 1 2 9 4 5 4 5 3 6 3 5 2 3 0 0 2 7 9 9 6 9 7 5 0 9 2 6 3 4 3 6 6 7 1 6 5 6 7 8 0 0 7 2 5 3 9 0 3 7 8 8 8 6 7 6 9 3 1 7 5 0 0 8 3 1 6 3 5 8 4 3 2 2 5 5 1 6 4 6 7 5 3 6 5 6 7 1 1 1 7 8 6 0 9 4 3 1 1 1 0 0 9 2 5 4 0 3 1 5 4 9 0 9 4 6 0 4 0 3 8 2 6 7 0 1 4 8 7 2 2 7 6 5 5 9 2 0 4 4 8 7 4 7 8 4 2 7 9 8 6 4 6 9 9 6 0 9 7 8 0 5 0 3 9 7 5 2 3 1 9 7 8 7 4 4 6 5 4 1 1 3 1 3 2 9 4 8 5 5 4 2 2 9 1 5 3 0 0 6 7 1 5 7 0 5 6 0 0 0 8 5 4 9 2 5 3 1 9 8 8 8 7 8 5 0 9 9 7 4 0 5 7 9 9 7 4 3 2 6 2 0 2 7 8 3 7 7 1 6,9fadcd3ca0fa8a1a0b74163fefe7cdf302ba0f083d6d1299d47d76904c5a58b7
supplement,1,13008,20,0.9192200557103064,5 4 0 1 6 9 9 2 0 6 6 3 1 1 7 0 8 9 5 8 0 3 1 6 5 5 2 4 1 9 8 9 8 3 4 3 3 6 1 6 5 4 4 5 4 9 8 9 9 1 1 7 3 0 4 7 8 9 0 5 1 7 6 2 1 4 3 1 1 3 2 7 9 6 1 7 5 8 6 2 7 1 2 2 2 3 4 0 2 7 8 4 7 2 2 6 3 1 1 9 2 8 0 7 1 6 1 4 7 5 1 2 9 4 5 4 5 3 6 3 5 2 3 0 0 2 7 9 9 6 9 7 5 0 9 2 6 3 4 3 6 6 7 1 6 5 6 7 8 0 0 7 2 5 3 9 0 3 7 8 1 8 6 7 6 3 3 1 7 5 0 0 7 3 1 6 3 5 8 4 3 2 2 5 5 1 6 4 6 7 5 3 6 5 6 7 1 1 1 7 8 6 0 9 4 3 1 1 1 0 0 9 2 5 4 0 3 1 5 4 9 0 9 4 6 0 4 0 3 8 2 6 7 0 1 4 8 7 2 2 7 6 5 5 9 2 0 4 4 8 7 4 7 8 4 2 7 9 8 6 4 6 9 9 6 0 9 1 8 0 5 0 3 9 7 5 2 3 1 9 7 8 7 4 4 6 5 4 1 1 3 1 3 2 9 4 8 5 5 4 2 2 9 1 5 3 0 0 6 7 1 5 7 0 5 6 0 0 0 8 5 4 9 2 5 9 1 9 8 8 8 7 8 5 0 5 9 7 4 0 5 7 9 9 7 4 3 2 6 2 0 2 7 8 3 7 7 2 6,44c7575fb0de71d72e3df056f296cc5225902bcb487267386a62f65a5e6d0585
supplement,1,13009,1,0.584958217270195,5 2 6 1 6 9 9 2 0 4 1 3 1 1 7 0 2 9 0 1 0 0 2 6 5 5 3 4 1 2 1 9 1 3 1 3 3 6 1 6 5 2 6 4 0 9 2 9 9 2 2 1 5 0 6 9 7 3 0 3 6 1 6 2 2 4 3 1 9 3 2 7 9 4 2 3 5 9 6 2 3 2 2 2 8 3 6 0 8 4 1 4 7 0 2 6 3 1 9 9 3 2 0 4 4 6 1 4 4 5 4 5 4 4 5 4 1 3 0 3 5 2 9 0 0 2 8 4 9 6 9 7 5 0 9 3 6 3 4 3 6 6 2 4 6 0 2 8 7 0 0 9 1 5 3 2 0 3 7 8 4 1 6 8 6 3 3 1 1 5 0 0 4 3 2 6 3 9 3 6 3 0 2 9 3 2 6 4 6 9 4 3 6 9 6 7 1 5 1 3 3 2 0 9 1 9 2 2 2 0 0 9 3 5 6 0 3 1 9 6 9 6 9 6 1 0 4 0 9 1 2 6 3 0 1 6 7 7 2 1 8 6 5 5 0 0 0 2 4 8 1 6 9 7 4 9 7 9 8 5 4 6 9 9 6 0 9 1 2 0 9 0 3 9 9 5 2 0 7 9 1 9 7 3 4 6 5 4 2 1 3 1 3 3 9 4 6 9 5 1 2 2 2 1 9 3 0 0 6 9 6 9 4 0 9 6 0 6 0 4 3 6 9 0 5 2 1 9 7 1 3 7 8 5 0 9 7 1 0 0 3 8 5 9 7 4 3 2 0 2 0 3 7 8 3 7 7 1 6,5e2318191fc7e264f1a31c30bcb2ad9c31780234cb529f7c1040f209f1b2d3bb
supplement,1,13009,2,0.8133704735376045,5 9 0 1 6 9 9 2 6 6 6 3 1 1 7 0 2 9 9 8 0 3 1 6 5 5 3 4 1 9 1 9 8 3 4 3 3 6 1 6 5 4 4 5 4 9 1 9 9 1 2 1 3 0 6 7 7 9 0 5 1 7 6 2 1 4 3 1 1 3 2 7 9 6 1 7 5 9 6 2 7 1 2 2 2 3 6 0 8 1 8 4 7 2 2 6 3 1 1 9 2 2 0 7 1 6 1 4 7 5 1 2 9 4 5 4 5 3 6 3 5 2 3 0 0 2 7 6 9 6 9 7 5 0 9 2 6 3 4 3 6 6 7 1 6 9 6 7 8 0 0 7 2 5 3 9 0 3 7 8 1 0 6 2 6 3 3 1 7 5 0 0 7 3 1 6 3 7 8 4 3 2 2 5 3 1 6 4 6 7 5 3 6 9 6 7 1 1 1 7 7 6 0 9 4 9 2 1 1 0 0 9 2 5 4 0 3 1 9 4 9 0 9 4 6 0 4 0 3 7 2 6 4 0 1 4 8 7 2 2 7 6 5 5 9 2 0 4 4 7 7 4 7 5 4 2 7 9 8 6 4 6 9 9 6 0 9 1 1 0 9 0 3 9 7 5 2 0 1 9 1 8 7 1 4 6 5 4 2 1 3 1 3 2 9 4 8 9 5 1 2 2 3 1 5 3 0 6 6 7 1 9 7 0 5 6 0 0 0 4 7 4 9 8 5 6 1 9 8 8 5 7 8 5 0 9 9 7 4 0 5 7 0 9 7 4 3 2 6 2 0 2 7 8 3 7 7 1 6,a0822bb99d5a6a6aa929e2426eacd98b00b4ce0f668082bd5eb25b60b97b12db
supplement,1,13009,3,0.8551532033426184,5 4 0 1 6 9 9 2 0 6 6 3 1 1 7 0 8 4 5 8 0 3 1 6 5 5 2 4 1 9 8 9 8 3 4 3 3 6 1 6 5 4 4 5 4 9 8 9 9 1 1 7 3 0 4 7 7 3 0 5 1 7 6 2 2 4 3 1 1 3 2 7 9 6 1 7 5 7 6 2 7 1 2 2 2 3 4 0 2 7 5 4 7 2 2 6 3 1 1 9 2 1 0 7 1 6 1 4 7 5 1 2 9 4 5 4 5 3 6 3 5 2 3 0 0 2 7 6 9 6 9 7 5 0 9 2 6 3 4 3 6 6 7 1 6 5 6 7 8 0 0 7 2 5 3 9 0 3 7 8 1 6 6 2 6 3 3 4 7 5 0 0 7 3 2 6 3 5 8 4 3 2 2 5 5 1 6 4 6 7 5 3 6 9 6 7 1 1 1 7 5 6 0 9 4 3 2 1 1 0 0 9 2 5 4 0 3 1 5 4 9 0 9 4 6 0 4 0 3 8 2 6 7 0 1 4 8 7 2 2 7 6 5 5 9 2 0 4 4 7 7 4 7 6 4 2 7 9 8 6 4 6 9 9 6 0 9 1 1 0 5 0 3 9 7 5 2 0 1 9 7 8 7 4 4 6 5 4 2 1 3 1 3 2 9 4 8 9 5 4 2 2 3 1 5 3 0 0 6 7 4 5 7 0 5 6 0 0 0 1 5 4 7 2 5 6 1 9 8 8 5 7 8 5 0 9 9 7 4 0 5 7 0 9 7 4 3 2 6 2 0 2 7 8 3 7 7 1 6,5faa677162dba36962316808dac9bc6fdfa398b64d2c5fc85216e09d37f0a6b9
supplement,1,13009,4,0.8941504178272981,5 4 0 1 6 9 9 2 0 6 6 3 1 1 7 0 8 8 5 8 0 3 1 6 5 5 2 4 1 9 8 9 8 3 4 3 3 6 1 6 5 4 4 5 4 9 8 9 9 1 2 7 3 0 4 7 7 9 0 5 1 7 6 2 1 4 3 1 1 3 2 7 9 6 1 7 5 8 6 2 7 1 2 2 2 3 4 0 2 7 8 4 7 2 2 6 3 1 1 9 2 8 0 7 1 6 1 4 7 5 1 2 1 4 5 4 5 3 6 3 5 2 3 0 0 2 7 3 9 6 9 7 5 0 9 2 6 3 4 3 6 6 7 1 6 5 6 7 8 0 0 7 2 5 3 9 0 3 7 8 1 8 6 8 6 3 3 4 7 5 0 0 8 3 2 6 3 5 3 4 3 2 2 5 5 8 6 4 6 7 5 3 6 9 6 7 1 8 1 7 5 6 0 9 4 3 2 1 1 0 0 9 2 5 4 0 3 1 5 4 9 0 9 4 6 0 4 0 3 8 2 6 7 0 1 4 8 7 2 2 7 6 5 5 9 2 0 4 4 8 7 4 7 8 4 2 7 9 8 6 4 6 9 9 6 0 9 1 8 0 5 0 3 9 7 5 2 0 1 9 7 8 7 4 4 6 5 4 2 1 3 1 3 2 9 4 8 9 5 4 2 2 9 1 5 3 0 0 6 7 1 5 7 0 5 6 0 0 0 1 5 4 9 2 5 3 1 9 8 8 8 7 8 5 0 9 9 7 4 0 5 7 9 9 7 4 3 2 6 2 0 2 7 8 3 7 7 8 6,1161db698531d802e79ad89d113851f4ffbb256a0f2399eff617345062f9e043
supplement,1,13009,5,0.8774373259052924,5 4 0 1 6 9 9 2 0 6 6 3 1 1 7 0 8 9 5 8 0 9 1 6 5 5 3 4 1 9 8 9 8 3 4 3 3 6 1 6 5 4 4 5 4 9 1 9 9 1 2 7 3 0 4 7 7 9 0 5 1 7 6 2 1 4 3 1 1 3 2 7 9 6 1 7 5 8 6 2 7 1 2 2 2 3 4 0 2 7 8 4 7 2 2 6 3 1 1 9 2 1 0 7 1 6 1 4 7 5 1 2 1 4 5 4 5 3 6 3 5 2 3 0 0 2 7 3 9 6 9 7 5 0 9 2 6 3 4 3 6 6 7 1 6 5 6 7 8 0 0 7 2 5 3 9 0 3 7 8 1 1 6 8 6 3 3 4 7 5 0 0 7 3 1 6 3 5 8 4 3 2 2 5 1 1 6 4 6 7 5 3 6 5 6 7 1 1 1 7 5 6 0 9 4 3 1 1 1 0 0 9 2 5 4 0 3 1 5 4 3 0 9 4 6 0 4 0 3 7 2 6 7 0 1 4 8 7 2 2 7 6 5 5 9 2 0 4 4 8 7 4 7 3 4 2 7 9 8 6 4 6 9 9 6 0 9 7 8 0 5 0 3 9 7 5 2 3 1 9 7 8 7 4 4 6 5 4 1 1 3 1 3 2 9 4 8 9 5 4 2 2 3 1 5 3 0 0 6 7 1 5 7 0 5 6 0 0 0 1 5 4 7 2 5 3 1 9 8 8 8 7 8 5 0 9 3 7 4 0 5 7 0 9 7 4 3 2 6 2 0 2 7 8 3 7 7 8 6,51578147da9e56c93611765607b1f56519cf8e47b00fa15ea592454436610d70
supplement,1,13009,6,0.9025069637883009,5 4 0 1 6 9 9 2 0 6 1 3 1 1 7 0 8 8 5 8 0 9 1 6 5 5 7 4 1 3 8 9 8 3 4 3 3 6 1 6 5 4 4 5 4 9 8 9 9 8 2 7 3 0 4 7 8 9 0 5 8 7 6 2 1 4 3 1 1 3 2 7 9 6 1 7 5 8 6 2 7 1 2 2 2 3 4 0 2 7 8 4 7 2 2 6 3 1 1 9 2 8 0 7 1 6 1 4 7 5 1 2 1 4 5 4 5 3 6 3 5 2 3 0 0 2 7 8 9 6 9 7 5 0 9 2 6 3 4 3 6 6 7 1 6 5 6 7 8 0 0 7 2 5 3 9 0 3 7 8 1 8 6 8 6 3 3 1 7 5 0 0 7 3 1 6 3 5 8 4 3 2 2 5 5 8 6 4 6 7 5 0 6 9 6 7 1 1 1 7 5 6 0 9 4 3 1 1 1 0 0 9 2 5 4 0 3 1 5 4 3 0 9 4 6 0 4 0 3 8 2 6 7 0 1 4 8 7 2 2 7 6 5 5 9 2 0 4 4 8 7 4 7 8 4 2 7 9 8 6 4 6 9 9 6 0 9 1 8 0 5 0 3 9 7 5 2 3 1 9 7 8 7 4 4 6 5 4 1 1 3 1 3 2 9 4 8 5 5 4 2 2 3 1 5 3 0 0 6 7 1 5 7 0 5 6 0 0 0 8 5 4 7 2 5 3 1 9 8 8 8 7 8 5 0 9 8 7 4 0 5 7 0 9 7 4 3 2 6 2 0 2 7 8 3 7 7 8 6,b1000e29edbc165b521ea1fab568f8bea761d0cde4c0e384d6f57232b8fb5d7c
supplement,1,13009,7,0.924791086350975,5 4 0 1 6 9 9 2 0 6 6 3 1 1 7 0 8 8 5 8 0 9 1 6 5 5 3 4 1 3 8 9 8 3 4 3 3 6 1 6 5 4 4 5 4 9 8 9 9 8 8 7 3 0 4 7 8 3 0 5 1 7 6 2 1 4 3 1 1 3 2 7 9 6 1 7 5 8 6 2 7 1 2 2 2 3 4 0 2 7 8 4 7 2 2 6 3 1 1 9 2 8 0 7 1 6 1 4 7 5 1 2 1 4 5 4 5 3 6 3 5 2 3 0 0 2 7 8 9 6 9 7 5 0 9 2 6 3 4 3 6 6 7 1 6 5 6 7 8 0 0 7 2 5 3 9 0 3 7 8 8 8 6 8 6 3 3 1 7 5 0 0 7 3 1 6 3 5 8 4 3 2 2 5 5 8 6 4 6 7 5 3 6 5 6 7 1 8 1 7 5 6 0 9 4 3 1 1 1 0 0 9 2 5 4 0 3 1 5 4 9 0 9 4 6 0 4 0 3 8 2 6 7 0 1 4 8 7 2 2 7 6 5 5 9 2 0 4 4 8 7 4 7 8 4 2 7 9 8 6 4 6 9 9 6 0 9 1 8 0 5 0 3 9 7 5 2 3 1 9 7 8 7 4 4 6 5 4 1 1 3 1 3 2 9 4 8 5 5 4 2 2 3 1 5 3 0 0 6 7 1 5 7 0 5 6 0 0 0 8 5 4 9 2 5 3 1 9 8 8 8 7 8 5 0 9 8 7 4 0 5 7 9 9 7 4 3 2 6 2 0 2 7 8 3 7 7 8 6,c1ce1b6059691eb40a5ca64d7af409d5942801bdff9b07318499fc0830e041f1
supplement,1,13009,8,0.9164345403899722,5 4 0 1 6 9 9 2 0 6 6 3 1 1 7 0 8 9 5 8 0 9 1 6 5 5 3 4 1 9 8 9 8 3 4 3 3 6 1 6 5 4 4 5 4 9 8 9 9 8 2 7 3 0 4 7 8 9 0 5 1 7 6 2 1 4 3 1 1 3 2 7 9 6 1 7 5 5 6 2 7 1 2 2 2 3 4 0 2 7 8 4 7 2 2 6 3 1 1 9 2 8 0 7 1 6 1 4 7 5 1 2 1 4 5 4 5 3 6 3 5 2 3 0 0 2 7 8 9 6 9 7 5 0 9 2 6 3 4 3 6 6 7 1 6 5 6 7 8 0 0 7 2 5 3 9 0 3 7 8 1 8 6 8 6 3 3 1 7 5 0 0 7 3 1 6 3 5 8 4 3 2 2 5 5 1 6 4 6 7 5 3 6 5 6 7 1 1 1 7 5 6 0 9 4 3 1 1 1 0 0 9 2 5 4 0 3 1 5 4 9 0 9 4 6 0 4 0 3 8 2 6 7 0 1 4 8 7 2 2 7 6 5 5 9 2 0 4 4 8 7 4 7 8 4 2 7 9 8 6 4 6 9 9 6 0 9 1 8 0 5 0 3 9 7 5 2 3 1 9 7 8 7 4 4 6 5 4 1 1 3 1 3 2 9 4 8 9 5 4 2 2 9 1 5 3 0 0 6 7 1 5 7 0 5 6 0 0 0 8 5 4 9 2 5 3 1 9 8 8 8 7 8 5 0 9 9 7 4 0 5 7 9 9 7 4 3 2 6 2 0 2 7 8 3 7 7 1 6,26ea240d4cbf58c991bcb347eeb4fa4d59261f17f6be4e668c04514f10906f7e
supplement,1,13009,9,0.9220055710306406,5 4 0 1 6 9 9 2 0 6 6 3 1 1 7 0 8 8 5 8 0 9 1 6 5 5 3 4 1 9 8 9 8 3 4 3 3 6 1 6 5 4 4 5 4 9 8 9 9 8 8 7 5 0 4 7 8 9 0 5 8 7 6 2 1 4 3 1 1 3 2 7 9 6 1 7 5 5 6 2 7 1 2 2 2 3 4 0 2 7 8 4 7 2 2 6 3 8 1 9 2 8 0 7 1 6 1 4 7 5 1 2 1 4 5 4 5 3 6 3 5 2 3 0 0 2 7 8 9 6 9 7 5 0 9 2 6 3 4 3 6 6 7 1 6 5 6 7 8 0 0 7 2 5 3 9 0 3 7 8 8 8 6 8 6 3 3 1 7 5 0 0 7 3 1 6 3 5 8 4 3 2 2 5 5 8 6 4 6 7 5 9 6 5 6 7 1 8 1 7 5 6 0 9 4 3 2 1 1 0 0 9 2 5 4 0 3 1 5 4 9 0 9 4 6 0 4 0 3 8 2 6 7 0 1 4 8 7 2 2 7 6 5 5 9 2 0 4 4 8 7 4 7 8 4 2 7 9 8 6 4 6 9 9 6 0 9 1 8 0 5 0 3 9 7 5 2 2 1 9 7 8 7 4 4 6 5 4 1 1 3 1 3 2 9 4 8 5 5 4 2 2 9 1 5 3 0 0 6 7 1 5 7 0 5 6 0 0 0 8 5 4 9 2 5 3 1 9 8 8 8 7 8 5 0 9 8 7 4 0 5 7 9 9 7 4 3 2 6 2 0 2 7 8 3 7 7 8 6,8d2fe2934101131e30a10319d03a46ae7c517ef2450c8e8a7979a580cf098dc9
supplement,1,13009,10,0.9136490250696379,5 4 0 1 6 9 9 2 0 6 6 3 1 1 7 0 8 8 5 8 0 9 1 6 5 5 1 4 1 9 8 9 8 3 4 3 3 6 1 6 5 4 4 5 4 9 8 9 9 8 2 7 3 0 4 7 8 9 0 5 1 7 6 2 1 4 3 1 1 3 2 7 9 6 1 7 5 8 6 2 7 1 2 2 2 3 4 0 2 7 8 4 7 2 2 6 3 1 1 9 2 8 0 7 1 6 1 4 7 5 1 2 1 4 5 4 5 3 6 3 5 2 3 0 0 2 7 8 9 6 9 7 5 0 9 2 6 3 4 3 6 6 7 1 6 5 6 7 8 0 0 7 2 5 3 9 0 3 7 8 8 8 6 8 6 3 3 1 7 5 0 0 7 3 1 6 3 5 8 4 3 2 2 5 5 8 6 4 6 7 5 9 6 9 6 7 1 1 1 7 5 6 0 9 4 3 1 1 1 0 0 9 2 5 4 0 3 1 5 4 9 0 9 4 6 0 4 0 3 8 2 6 7 0 1 4 8 7 2 2 7 6 5 5 9 2 0 4 4 8 7 4 7 8 4 2 7 9 8 6 4 6 9 9 6 0 9 7 8 0 5 0 3 9 7 5 2 2 1 9 7 8 7 4 4 6 5 4 1 1 3 1 3 2 9 4 8 5 5 4 2 2 3 1 5 3 0 0 6 7 1 5 7 0 5 6 0 0 0 8 5 4 9 2 5 3 1 9 8 8 8 7 8 5 0 9 8 7 4 0 5 7 9 9 7 4 3 2 6 2 0 2 7 8 3 7 7 8 6,ac5948ddafe2f0d61dae5bbd65b431f4817547216521fc80f58ae7eaba659836
supplement,1,13009,11,0.924791086350975,5 4 0 1 6 9 9 2 0 6 6 3 1 1 7 0 8 8 5 8 0 9 1 6 5 5 3 4 1 9 8 9 8 3 4 3 3 6 1 6 5 4 4 5 4 9 8 9 9 8 2 7 3 0 4 7 8 9 0 5 1 7 6 2 1 4 3 1 1 3 2 7 9 6 1 7 5 8 6 2 7 1 2 2 2 3 4 0 2 7 8 4 7 2 2 6 3 1 1 9 2 8 0 7 1 6 1 4 7 5 1 2 1 4 5 4 5 3 6 3 5 2 3 0 0 2 7 8 9 6 9 7 5 0 9 2 6 3 4 3 6 6 7 1 6 5 6 7 8 0 0 7 2 5 3 9 0 3 7 8 1 8 6 8 6 3 3 1 7 5 0 0 8 3 1 6 3 5 8 4 3 2 2 5 5 1 6 4 6 7 5 9 6 5 6 7 1 1 1 7 5 6 0 9 4 3 1 1 1 0 0 9 2 5 4 0 3 1 5 4 9 0 9 4 6 0 4 0 3 8 2 6 7 0 1 4 8 7 2 2 7 6 5 5 9 2 0 4 4 8 7 4 7 8 4 2 7 9 8 6 4 6 9 9 6 0 9 1 8 0 5 0 3 9 7 5 2 2 1 9 7 8 7 4 4 6 5 4 1 1 3 1 3 2 9 4 8 5 5 4 2 2 9 1 5 3 0 0 6 7 1 5 7 0 5 6 0 0 0 8 5 4 9 2 5 3 1 9 8 8 8 7 8 5 0 9 8 7 4 0 5 7 9 9 7 4 3 2 6 2 0 2 7 8 3 7 7 8 6,db4d7717f3519481cf73e16dc1b5d39d4817a582f61de75a7cb85b99eaad6752
supplement,1,13009,12,0.9136490250696379,5 4 0 1 6 9 9 2 0 6 6 3 1 1 7 0 8 8 5 8 0 9 1 6 5 5 3 4 1 9 8 9 8 3 4 3 3 6 1 6 5 4 4 5 4 9 8 9 9 8 8 7 9 0 4 7 8 9 0 5 1 7 6 2 1 4 3 1 1 3 2 7 9 6 1 7 5 8 6 2 7 1 2 2 2 3 4 0 2 7 8 4 7 2 2 6 3 8 1 9 2 8 0 7 1 6 1 4 7 5 1 2 9 4 5 4 5 3 6 3 5 2 3 0 0 2 7 3 9 6 9 7 5 0 9 2 6 3 4 3 6 6 7 1 6 5 6 7 8 0 0 7 2 5 3 9 0 3 7 8 8 8 6 8 6 3 3 1 7 5 0 0 8 3 1 6 3 5 8 4 3 2 2 5 5 8 6 4 6 7 5 9 6 9 6 7 1 1 1 7 5 6 0 9 4 3 1 1 1 0 0 9 2 5 4 0 3 1 5 4 9 0 9 4 6 0 4 0 3 8 2 6 7 0 1 4 8 7 2 2 7 6 5 5 9 2 0 4 4 8 7 4 7 8 4 2 7 9 8 6 4 6 9 9 6 0 9 7 8 0 5 0 3 9 7 5 2 2 1 9 7 8 7 4 4 6 5 4 1 1 3 1 3 2 9 4 8 5 5 4 2 2 3 1 5 3 0 0 6 5 1 5 7 0 5 6 0 0 0 8 5 4 9 2 5 3 1 9 8 8 8 7 8 5 0 9 8 7 4 0 5 7 0 9 7 4 3 2 6 2 0 2 7 8 3 7 7 8 6,1b9cf0fdf0786e0feff9564cba2688b3970386ef79fb0b1381ec5a5c7824d3de
supplement,1,13009,13,0.9275766016713092,5 4 0 1 6 9 9 2 0 8 1 3 1 1 7 0 8 8 5 8 0 9 1 6 5 5 3 4 1 9 8 9 8 3 4 3 3 6 1 6 5 4 4 5 4 9 8 9 9 8 8 7 3 0 4 7 8 9 0 5 1 7 6 2 1 4 3 1 1 3 2 7 9 6 1 7 5 5 6 2 7 1 2 2 2 3 4 0 2 7 8 4 7 2 2 6 3 2 1 9 2 8 0 7 1 6 1 4 7 5 1 2 9 4 5 4 5 3 6 3 5 2 3 0 0 2 7 8 9 6 9 7 5 0 9 2 6 3 4 3 6 6 7 1 6 5 6 7 8 0 0 7 2 5 3 9 0 3 7 8 1 6 6 8 6 3 3 1 7 5 0 0 8 3 1 6 3 5 8 4 3 2 2 5 5 1 6 4 6 7 5 3 6 5 6 7 1 1 1 7 5 6 0 9 4 3 1 1 1 0 0 9 2 5 4 0 3 1 5 4 9 0 9 4 6 0 4 0 3 8 2 6 7 0 1 4 8 7 2 2 7 6 5 5 9 2 0 4 4 8 7 4 7 8 4 2 7 9 8 6 4 6 9 9 6 0 9 1 8 0 5 0 3 9 7 5 2 2 1 9 7 8 7 4 4 6 5 4 1 1 3 1 3 2 9 4 8 5 5 4 2 2 3 1 5 3 0 0 6 5 1 5 7 0 5 6 0 0 0 8 5 4 9 2 5 3 1 9 8 8 8 7 8 5 0 9 8 7 4 0 5 7 0 9 7 4 3 2 6 2 0 2 7 8 3 7 7 8 6,4ad30b3bafdf6f20e191b4646f57922b82eb4ae582801b57d6d36eb1400c8a08
supplement,1,13009,14,0.9303621169916435,5 4 0 1 6 9 9 2 0 6 6 3 1 1 7 0 8 8 5 8 0 9 1 6 5 5 3 4 1 9 8 9 8 3 4 3 3 6 1 6 5 4 4 5 4 9 8 9 9 8 8 7 3 0 4 7 8 9 0 5 1 7 6 2 1 4 3 1 1 3 2 7 9 6 1 7 5 5 6 2 7 1 2 2 2 3 4 0 2 7 8 4 7 2 2 6 3 8 1 9 2 8 0 9 1 6 1 4 7 5 1 2 9 4 5 4 5 3 6 3 5 2 3 0 0 2 7 8 9 6 9 7 5 0 9 2 6 3 4 3 6 6 7 1 6 5 6 7 8 0 0 7 2 5 3 9 0 3 7 8 1 8 6 8 6 3 3 1 7 5 0 0 8 3 1 6 3 5 8 4 3 2 2 5 5 8 6 4 6 7 5 0 6 5 6 7 1 1 1 7 5 6 0 9 4 3 1 1 1 0 0 9 2 5 4 0 3 1 5 4 9 0 9 4 6 0 4 0 3 8 2 6 7 0 1 4 8 7 2 2 7 6 5 5 9 2 0 4 4 8 7 4 7 8 4 2 7 9 8 6 4 6 9 9 6 0 9 1 8 0 5 0 3 9 7 5 2 2 1 9 7 8 7 4 4 6 5 4 1 1 3 1 3 2 9 4 8 5 5 4 2 2 3 1 5 3 0 0 6 7 1 5 7 0 5 6 0 0 0 8 5 4 9 2 5 3 1 9 8 8 8 7 8 5 0 9 8 7 4 0 5 7 9 9 7 4 3 2 6 2 0 2 7 8 3 7 7 8 6,0d06b2f07a9cba67b9f5f56cad8179ff3b704510634b4e38628e67b75403d654
supplement,1,13009,15,0.9303621169916435,5 4 0 1 6 9 9 2 0 6 6 3 1 1 7 0 8 8 5 8 0 9 1 6 5 5 3 4 1 9 8 9 8 3 4 3 3 6 1 6 5 4 4 5 4 9 8 9 9 8 2 7 9 0 4 7 8 9 0 5 1 7 6 2 1 4 3 1 1 3 2 7 9 6 1 7 5 5 6 2 7 1 2 2 2 3 4 0 2 7 8 4 7 2 2 6 3 2 1 9 2 8 0 5 1 6 1 4 7 5 1 2 9 4 5 4 5 3 6 3 5 2 3 0 0 2 7 8 9 6 9 7 5 0 9 2 6 3 4 3 6 6 7 1 6 5 6 7 8 0 0 7 2 5 3 9 0 3 7 8 1 8 6 8 6 3 3 1 7 5 0 0 8 3 1 6 3 5 8 4 3 2 2 5 5 8 6 4 6 7 5 9 6 5 6 7 1 8 1 7 5 6 0 9 4 3 1 1 1 0 0 9 2 5 4 0 3 1 5 4 9 0 9 4 6 0 4 0 3 8 2 6 7 0 1 4 8 7 2 2 7 6 5 5 9 2 0 4 4 8 7 4 7 8 4 2 7 9 8 6 4 6 9 9 6 0 9 1 8 0 5 0 3 9 7 5 2 2 1 9 7 8 7 4 4 6 5 4 1 1 3 1 3 2 9 4 8 5 5 4 2 2 9 1 5 3 0 0 6 7 1 5 7 0 5 6 0 0 0 8 5 4 9 2 5 3 1 9 8 8 8 7 8 5 0 9 8 7 4 0 5 7 0 9 7 4 3 2 6 2 0 2 7 8 3 7 7 8 6,a9577276725e2332d3d70b1def3f6dc75a998277972584fdfdba1d0ddd436359
supplement,1,13009,16,0.9164345403899722,5 4 0 1 6 9 9 2 0 6 6 3 1 1 7 0 8 8 5 8 0 9 1 6 5 5 3 4 1 9 8 9 8 3 4 3 3 6 1 6 5 4 4 5 4 9 8 9 9 8 2 7 9 0 4 7 8 9 0 5 1 7 6 2 1 4 3 1 1 3 2 7 9 6 1 7 5 8 6 2 7 1 2 2 2 3 4 0 2 7 8 4 7 2 2 6 3 1 1 9 2 8 0 7 1 6 1 4 7 5 1 2 1 4 5 4 5 3 6 3 5 2 3 0 0 2 7 8 9 6 9 7 5 0 9 2 6 3 4 3 6 6 7 1 6 5 6 7 8 0 0 7 2 5 3 9 0 3 7 8 1 8 6 8 6 3 3 1 7 5 0 0 8 3 1 6 3 5 8 4 3 2 2 5 5 1 6 4 6 7 5 9 6 9 6 7 1 1 1 7 5 6 0 9 4 3 1 1 1 0 0 9 2 5 4 0 3 1 5 4 9 0 9 4 6 0 4 0 3 8 2 6 7 0 1 4 8 7 2 2 7 6 5 5 9 2 0 4 4 8 7 4 7 8 4 2 7 9 8 6 4 6 9 9 6 0 9 1 8 0 5 0 3 9 7 5 2 2 1 9 7 8 7 4 4 6 5 4 1 1 3 1 3 2 9 4 8 5 5 4 2 2 3 1 5 3 0 0 6 7 1 5 7 0 5 6 0 0 0 8 8 4 9 2 5 3 1 9 8 8 8 7 8 5 0 9 8 7 4 0 5 7 0 9 7 4 3 2 6 2 0 2 7 8 3 7 7 8 6,f9b6d68d085a406ea617f52d307c13835901c6b13a98a54831c63975a4decc5a
supplement,1,13009,17,0.9275766016713092,5 4 0 1 6 9 9 2 0 8 6 3 1 1 7 0 8 8 5 8 0 9 1 6 5 5 3 4 1 3 8 9 8 3 4 3 3 6 1 6 5 4 4 5 4 9 8 9 9 8 2 7 3 0 4 7 8 9 0 5 1 7 6 2 1 4 3 1 1 3 2 7 9 6 1 7 5 8 6 2 7 1 2 2 2 3 4 0 2 7 8 4 7 2 2 6 3 2 1 9 2 8 0 7 1 6 1 4 7 5 1 2 1 4 5 4 5 3 6 3 5 2 3 0 0 2 7 3 9 6 9 7 5 0 9 2 6 3 4 3 6 6 7 1 6 5 6 7 8 0 0 7 2 5 3 9 0 3 7 8 1 8 6 8 6 3 3 1 7 5 0 0 8 3 1 6 3 5 8 4 3 2 2 5 5 8 6 4 6 7 5 3 6 9 6 7 1 8 1 7 5 6 0 9 4 3 1 1 1 0 0 9 2 5 4 0 3 1 5 4 9 0 9 4 6 0 4 0 3 8 2 6 7 0 1 4 8 7 2 2 7 6 5 5 9 2 0 4 4 8 7 4 7 8 4 2 7 9 8 6 4 6 9 9 6 0 9 1 8 0 5 0 3 9 7 5 2 2 1 9 7 8 7 4 4 6 5 4 1 1 3 1 3 2 9 4 8 5 5 4 2 2 3 1 5 3 0 0 6 7 1 5 7 0 5 6 0 0 0 8 5 4 9 2 5 3 1 9 8 8 8 7 8 5 0 9 8 7 4 0 5 7 0 9 7 4 3 2 6 2 0 2 7 8 3 7 7 8 6,4d185c383e7b7ecb477df3d9d50df606a2dd673f9f00aa8b47407a33f57d7259
supplement,1,13009,18,0.924791086350975,5 4 0 1 6 9 9 2 0 6 6 3 1 1 7 0 8 9 5 8 0 9 1 6 5 5 3 4 1 9 8 9 8 3 4 3 3 6 1 6 5 4 4 5 4 9 8 9 9 8 2 7 9 0 4 7 8 9 0 5 1 7 6 2 1 4 3 1 1 3 2 7 9 6 1 7 5 8 6 2 7 1 2 2 2 3 4 0 2 7 8 4 7 2 2 6 3 1 1 9 2 8 0 7 1 6 1 4 7 5 1 2 1 4 5 4 5 3 6 3 5 2 3 0 0 2 7 8 9 6 9 7 5 0 9 2 6 3 4 3 6 6 7 1 6 5 6 7 8 0 0 7 2 5 3 9 0 3 7 8 1 8 6 8 6 3 3 1 7 5 0 0 7 3 1 6 3 5 8 4 3 2 2 5 5 8 6 4 6 5 5 3 6 5 6 7 1 1 1 7 5 6 0 9 4 3 1 1 1 0 0 9 2 5 4 0 3 1 5 4 9 0 9 4 6 0 4 0 3 8 2 6 7 0 1 4 8 7 2 2 7 6 5 5 9 2 0 4 4 8 7 4 7 8 4 2 7 9 8 5 4 6 9 9 6 0 9 1 8 0 5 0 3 9 7 5 2 2 1 9 7 8 7 4 4 6 5 4 1 1 3 1 3 2 9 4 8 5 5 4 2 2 9 1 5 3 0 0 6 7 1 5 7 0 5 6 0 0 0 8 7 4 9 2 5 3 1 9 8 8 8 7 8 5 0 9 9 7 4 0 5 7 9 9 7 4 3 2 6 2 0 2 7 8 3 7 7 8 6,06d4440a0906a76e556f47683c8f5a9593030c4577a49fa3230e5c3ee119675b
supplement,1,13009,19,0.9275766016713092,5 4 0 1 6 9 9 2 0 6 6 3 1 1 7 0 8 8 5 8 0 9 1 6 5 5 3 4 1 9 8 9 8 3 4 3 3 6 1 6 5 4 4 5 4 9 8 9 9 8 8 7 9 0 4 7 8 9 0 5 1 7 6 2 1 4 3 1 1 3 2 7 9 6 1 7 5 8 6 2 7 1 2 2 2 3 4 0 2 7 8 4 7 2 2 6 3 1 1 9 2 8 0 7 1 6 1 4 7 5 1 2 1 4 5 4 5 3 6 3 5 2 3 0 0 2 7 8 9 6 9 7 5 0 9 2 6 9 4 3 6 6 7 1 6 5 6 7 8 0 0 7 2 5 3 9 0 3 7 8 1 8 6 8 6 3 3 1 7 5 0 0 8 3 1 6 3 5 8 4 3 2 2 5 5 8 6 4 6 7 5 3 6 9 6 7 1 8 1 7 8 6 0 9 4 3 1 1 1 0 0 9 2 5 4 0 3 1 5 4 9 0 9 4 6 0 4 0 3 8 2 6 7 0 1 4 8 7 2 2 7 6 5 5 9 2 0 4 4 8 7 4 7 8 4 2 7 9 8 6 4 6 9 9 6 0 9 1 8 0 5 0 3 9 7 5 2 2 1 9 7 8 7 4 4 6 5 4 1 1 3 1 3 2 9 4 8 5 5 4 2 2 9 1 5 3 0 0 6 5 1 5 7 0 5 6 0 0 0 8 5 4 9 2 5 3 1 9 8 8 8 7 8 5 0 9 8 7 4 0 5 7 0 9 7 4 3 2 6 2 0 2 7 8 3 7 7 8 6,82f6a25566e79b359d88a7e942c0f7eea8e9c86e438d0b9bb34da6fd5add81d9
supplement,1,13009,20,0.9275766016713092,5 4 0 1 6 9 9 2 0 6 6 3 1 1 7 0 8 8 5 8 0 9 1 6 5 5 3 4 1 9 8 9 8 3 4 3 3 6 1 6 5 4 4 5 4 9 8 9 9 8 8 7 9 0 4 7 8 9 0 5 1 7 6 2 1 4 3 1 1 3 2 7 9 6 1 7 5 5 6 2 7 1 2 2 2 3 4 0 2 7 8 4 7 2 2 6 3 1 1 9 2 8 0 7 1 6 1 4 7 5 1 2 1 4 5 4 5 3 6 3 5 2 3 0 0 2 7 8 9 6 9 7 5 0 9 2 6 3 4 3 6 6 7 1 6 5 6 7 8 0 0 7 2 5 3 9 0 3 7 8 1 8 6 8 6 3 3 1 7 5 0 0 8 3 1 6 3 5 8 4 3 2 2 5 5 8 6 4 6 7 5 3 6 5 6 7 1 8 1 7 5 6 0 9 4 3 1 1 1 0 0 9 2 5 4 0 3 1 5 4 9 0 9 4 6 0 4 0 3 8 2 6 7 0 1 4 8 7 2 2 7 6 5 5 9 2 0 4 4 8 7 4 7 8 4 2 7 9 8 6 4 6 9 9 6 0 9 1 8 0 5 0 3 9 7 5 2 2 1 9 7 8 7 4 4 6 5 4 1 1 3 1 3 2 9 4 8 5 5 4 2 2 3 1 5 3 0 0 6 7 1 5 7 0 5 6 0 0 0 8 8 4 9 2 5 3 1 9 8 8 8 7 8 5 0 9 9 7 4 0 5 7 0 9 7 4 3 2 6 2 0 2 7 8 3 7 7 8 6,6821fe8f4a49347bebd8a32b7bb6c4ee6e5222c2a972ea8cab0a62c28b025e89
supplement,1,13010,1,0.5571030640668524,5 9 0 1 0 9 0 0 0 1 1 3 4 1 8 0 8 3 0 0 0 1 1 5 5 0 3 0 1 5 8 9 1 3 4 3 3 6 1 5 5 4 4 2 0 9 1 9 9 1 8 5 3 0 4 7 9 7 0 0 1 4 6 1 1 4 3 1 4 3 2 7 9 8 1 7 5 9 0 2 7 4 2 2 2 3 4 0 3 5 7 4 1 3 2 6 9 1 9 0 1 8 0 1 1 6 1 4 7 0 1 2 1 4 5 9 0 5 8 3 0 2 5 0 0 2 4 1 9 6 9 7 0 0 3 2 1 5 4 3 6 6 1 2 1 5 6 7 0 0 0 7 2 9 3 1 0 3 3 8 4 3 0 1 0 5 3 1 4 0 0 0 8 3 1 6 0 0 3 0 3 7 1 9 8 1 0 4 0 9 2 0 6 5 6 3 3 1 1 4 0 8 0 1 4 0 1 1 1 0 0 1 2 2 4 0 3 1 0 4 3 0 3 4 3 0 0 0 3 3 2 6 7 0 4 4 3 9 2 1 3 6 5 0 1 2 0 4 4 0 4 4 1 1 4 3 7 8 8 0 0 1 1 8 0 0 1 1 8 0 5 0 3 1 7 0 2 3 1 9 7 8 9 4 4 1 0 4 1 9 8 4 3 1 9 1 0 9 0 4 2 2 2 1 5 3 0 0 6 9 1 0 7 0 5 6 0 0 0 1 2 4 1 3 5 8 1 9 3 0 0 7 0 0 0 5 9 1 4 0 5 4 0 0 3 4 3 2 0 2 0 2 7 5 3 4 7 1 5,58e1efd6bee1e0439e67dc438b27b9900a60e61882c2b7fd0dbffed2032c49e7
supplement,1,13010,2,0.7938718662952646,5 4 0 1 6 9 9 2 0 1 1 3 1 1 7 0 8 9 0 8 0 3 1 6 5 5 3 4 1 9 3 9 8 3 4 3 3 6 1 6 5 4 4 6 4 9 1 9 9 1 2 7 9 0 4 7 1 3 0 1 7 7 6 2 1 4 3 1 4 3 2 7 9 6 1 7 5 9 6 2 7 1 2 2 2 3 4 0 3 7 7 4 7 2 2 6 3 1 4 9 2 8 0 1 1 6 1 4 7 5 1 2 1 4 5 4 5 3 6 3 5 2 3 0 0 2 7 3 9 6 9 7 5 0 9 2 6 5 4 3 6 6 7 1 6 9 6 7 0 0 0 7 2 5 3 9 0 3 7 8 7 8 6 1 6 3 3 1 7 5 0 0 1 3 1 6 3 5 3 4 3 2 2 9 3 1 6 4 6 7 5 0 6 5 6 7 1 1 1 4 5 8 0 9 4 3 1 1 1 0 0 9 2 5 4 0 3 1 0 4 3 0 9 4 1 0 4 0 3 7 2 6 7 0 1 4 3 1 2 2 7 6 5 0 9 2 0 4 4 1 7 4 7 3 4 3 7 9 8 0 4 6 9 9 6 0 9 1 8 0 5 0 3 9 7 5 2 3 1 9 7 2 7 4 4 1 5 4 1 9 3 9 3 2 9 4 3 9 5 4 2 2 2 1 5 3 0 0 6 9 1 9 7 0 5 6 0 0 0 1 2 4 1 3 5 3 1 9 3 8 5 7 0 5 0 9 3 1 4 0 5 7 9 9 3 4 3 2 0 2 0 2 7 8 3 7 7 3 6,f85791b3aafaf00738bb0c944116c65ea52105bd2d0449446ec38bec4a38f6d1
supplement,1,13010,3,0.8579387186629527,5 4 0 1 6 9 9 2 0 6 1 3 1 1 7 0 8 9 0 8 0 3 1 6 5 5 3 4 1 9 8 9 1 3 4 3 3 6 1 6 5 4 4 6 4 9 1 9 9 7 8 7 3 0 4 7 8 3 0 5 7 7 6 2 1 4 3 1 1 3 2 7 3 6 1 7 5 5 6 2 7 7 2 2 2 3 4 0 3 7 7 4 7 2 2 6 3 7 1 3 2 8 0 1 1 6 1 4 7 5 1 2 1 4 5 4 5 3 6 3 5 2 3 0 0 2 7 3 9 6 9 7 5 0 9 2 6 3 4 3 6 6 7 1 6 9 6 7 8 0 0 7 2 5 3 9 0 3 7 8 7 8 6 1 6 3 3 1 7 5 0 0 7 3 1 6 3 5 3 4 3 2 2 5 8 1 6 4 6 7 5 3 6 9 6 7 1 1 1 7 5 6 0 9 4 3 1 1 1 0 0 9 2 5 4 0 3 1 5 4 9 0 9 4 6 0 4 0 3 7 2 6 7 0 1 4 8 7 2 2 7 6 5 5 9 2 0 4 4 3 7 4 7 3 4 3 7 9 8 6 4 6 9 9 6 0 9 1 8 0 5 0 3 9 7 5 2 3 1 9 7 8 7 4 4 6 5 4 1 1 3 1 3 2 9 4 8 9 5 4 2 2 9 1 5 3 0 0 6 7 1 5 7 0 5 6 0 0 0 1 7 4 1 3 5 3 1 9 8 8 8 7 8 5 0 9 3 7 4 0 5 7 9 9 7 4 3 2 0 2 0 2 7 8 3 7 7 3 6,ecf0bc8b6dabae8463687b8a466918911660387342af68a9e2672347f971c2ae
supplement,1,13010,4,0.8802228412256268,5 4 0 1 6 9 9 2 0 6 1 3 1 1 7 0 8 9 5 8 0 3 1 6 5 5 3 4 1 9 8 9 1 3 4 3 3 6 1 6 5 4 4 6 4 9 1 9 9 1 1 7 3 0 4 7 8 9 0 5 1 7 6 2 1 4 3 1 1 3 2 7 3 6 1 7 5 9 6 2 7 1 2 2 2 3 4 0 2 7 7 4 7 2 2 6 3 7 1 9 2 8 0 7 1 6 1 4 7 5 1 2 1 4 5 4 5 3 6 3 5 2 3 0 0 2 7 3 9 6 9 7 5 0 9 2 6 3 4 3 6 6 7 2 6 9 6 7 8 0 0 7 2 5 3 9 0 3 7 8 7 8 6 7 6 3 3 1 7 5 0 0 8 3 1 6 3 5 3 4 3 2 2 5 5 1 6 4 6 7 5 3 6 9 6 7 1 1 1 7 5 6 0 9 4 3 1 1 1 0 0 9 2 5 4 0 3 1 5 4 9 0 9 4 6 0 4 0 3 7 2 6 7 0 1 4 8 7 2 2 7 6 5 5 9 2 0 4 4 8 7 4 7 8 4 7 7 9 8 6 4 6 9 9 6 0 9 1 8 0 5 0 3 9 7 5 2 3 1 9 7 8 7 4 4 6 5 4 1 1 3 1 3 2 9 4 3 9 5 4 2 2 9 1 5 3 0 0 6 7 1 5 7 0 5 6 0 0 0 1 5 4 7 2 5 3 1 9 8 8 8 7 8 5 0 9 8 7 4 0 5 7 9 9 7 4 3 2 0 2 0 2 7 8 3 7 7 3 6,0fd1bda46fbd1ae7c7ca8342d37ce7e3d5ea670481cdaf266e471bcc18620f86
supplement,1,13010,5,0.9052924791086351,5 4 0 1 6 9 9 2 0 6 1 3 1 1 7 0 8 9 5 8 0 9 1 6 5 5 3 4 1 9 8 9 8 3 4 3 3 6 1 6 5 4 4 5 4 9 1 9 9 2 1 7 3 0 4 7 8 9 0 5 1 7 6 2 1 4 3 1 1 3 2 7 9 6 1 7 5 5 6 2 7 1 2 2 2 3 4 0 2 7 8 4 7 2 2 6 3 1 1 9 2 8 0 1 1 6 1 4 7 5 1 2 9 4 5 4 5 3 6 3 5 2 3 0 0 2 7 8 9 6 9 7 5 0 9 2 6 3 4 3 6 6 7 2 6 0 6 7 8 0 0 7 2 5 3 9 0 3 7 8 1 8 6 8 6 3 3 1 7 5 0 0 8 3 1 6 3 5 3 4 3 2 2 5 5 1 6 4 6 7 5 0 6 5 6 7 1 1 1 7 5 6 0 9 4 3 1 1 1 0 0 9 2 5 4 0 3 1 5 4 9 0 9 4 6 0 4 0 3 7 2 6 7 0 1 4 8 7 2 2 7 6 5 5 9 2 0 4 4 8 7 4 7 8 4 7 7 9 8 6 4 6 9 9 6 0 9 1 8 0 5 0 3 9 7 5 2 9 1 9 7 8 7 4 4 6 5 4 1 1 3 1 3 2 9 4 8 5 5 4 2 2 9 1 5 3 0 0 6 7 1 5 7 0 5 6 0 0 0 1 5 4 9 2 5 3 1 9 8 8 8 7 8 5 0 9 8 7 4 0 5 7 9 9 7 4 3 2 6 2 0 2 7 8 3 7 7 3 6,06bc23da54e91b0f0276f31b52f256746c441098a2498a59dc1726e1e87b8c69
supplement,1,13010,6,0.9052924791086351,5 4 0 1 6 9 9 2 0 6 1 3 1 1 7 0 8 9 5 5 0 9 1 6 5 5 3 4 1 9 8 9 8 3 4 3 3 6 1 6 5 4 4 5 4 9 1 9 9 2 1 7 3 0 4 7 8 9 0 5 1 7 6 2 1 4 3 1 1 3 2 7 9 6 1 7 5 9 6 2 7 2 2 2 2 3 4 0 2 7 1 4 7 2 2 6 3 1 1 9 2 8 0 7 1 6 1 4 7 5 1 2 1 4 5 4 5 3 6 3 5 2 3 0 0 2 7 3 9 6 9 7 5 0 9 2 6 3 4 3 6 6 7 1 6 9 6 7 8 0 0 7 2 5 3 9 0 3 7 8 1 8 6 8 6 3 3 1 7 5 0 0 8 3 1 6 3 5 3 4 3 2 2 5 3 1 6 4 6 7 5 3 6 9 6 7 1 1 1 7 5 6 0 9 4 3 1 1 1 0 0 9 2 5 4 0 3 1 5 4 9 0 9 4 6 0 4 0 3 7 2 6 7 0 1 4 8 7 2 2 7 6 5 5 9 2 0 4 4 8 7 4 7 8 4 2 7 9 8 6 4 6 9 9 6 0 9 1 8 0 5 0 3 9 7 5 2 9 1 9 7 8 7 4 4 6 5 4 1 1 3 1 3 2 9 4 8 9 5 4 2 2 9 1 5 3 0 0 6 7 1 5 7 0 5 6 0 0 0 1 5 4 9 2 5 3 1 9 8 8 5 7 8 5 0 9 9 7 4 0 5 7 9 9 7 4 3 2 6 2 0 2 7 8 3 7 7 3 6,ef3f692825af10c5c757ce2fb419a9fa975a979c07b9a9bc126ebb6eef6ed193
supplement,1,13010,7,0.9080779944289693,5 4 0 1 6 9 9 2 0 6 1 3 1 1 7 0 8 9 5 8 0 9 1 6 5 5 3 4 1 9 8 9 8 3 4 3 3 6 1 6 5 4 4 5 4 9 1 9 9 1 1 7 3 0 4 7 8 9 0 5 1 7 6 2 1 4 3 1 1 3 2 7 9 6 1 7 5 5 6 2 7 1 2 2 2 3 4 0 2 7 5 4 7 2 2 6 3 8 1 9 2 8 0 7 1 6 1 4 7 5 1 2 9 4 5 4 5 3 6 3 5 2 3 0 0 2 7 3 9 6 9 7 5 0 9 2 6 3 4 3 6 6 7 1 6 5 6 7 8 0 0 7 2 5 3 9 0 3 7 8 1 8 6 8 6 3 3 1 7 5 0 0 8 3 1 6 3 5 3 4 3 2 2 5 5 1 6 4 6 7 5 3 6 9 6 7 1 1 1 7 5 6 0 9 4 3 1 1 1 0 0 9 2 5 4 0 3 1 5 4 9 0 9 4 6 0 4 0 3 8 2 6 7 0 1 4 8 7 2 2 7 6 5 5 9 2 0 4 4 8 7 4 7 8 4 2 7 9 8 6 4 6 9 9 6 0 9 1 8 0 5 0 3 9 7 5 2 2 1 9 7 8 7 4 4 6 5 4 1 1 3 1 3 2 9 4 8 9 5 4 2 2 9 1 5 3 0 0 6 7 1 5 7 0 5 6 0 0 0 1 5 4 9 2 5 3 1 9 8 8 8 7 8 5 0 9 9 7 4 0 5 7 9 9 7 4 3 2 6 2 0 2 7 8 3 7 7 3 6,9c3ad2b4542ed7c39e09f2329081463aee1195b5bd1aa330ec9b12d0b126b442
supplement,1,13010,8,0.9136490250696379,5 4 0 1 6 9 9 2 0 6 1 3 1 1 7 0 8 9 5 8 0 9 1 6 5 5 3 4 1 9 8 9 8 3 4 3 3 6 1 6 5 4 4 5 4 9 8 9 9 8 1 7 3 0 4 7 8 9 0 5 1 7 6 2 1 4 3 1 1 3 2 7 9 6 1 7 5 5 6 2 7 1 2 2 2 3 4 0 2 7 8 4 7 2 2 6 3 8 1 9 2 8 0 7 1 6 1 4 7 5 1 2 9 4 5 4 5 3 6 3 5 2 3 0 0 2 7 8 9 6 9 7 5 0 9 2 6 3 4 3 6 6 7 1 6 5 6 7 8 0 0 7 2 5 3 9 0 3 7 8 8 8 6 8 6 3 3 1 7 5 0 0 8 3 1 6 3 5 3 4 3 2 2 5 5 1 6 4 6 7 5 3 6 9 6 7 1 1 1 7 5 6 0 9 4 3 1 1 1 0 0 9 2 5 4 0 3 1 5 4 9 0 9 4 6 0 4 0 3 8 2 6 7 0 1 4 8 7 2 2 7 6 5 5 9 2 0 4 4 8 7 4 7 8 4 2 7 9 8 6 4 6 9 9 6 0 9 1 8 0 5 0 3 9 7 5 2 2 1 9 7 8 7 4 4 6 5 4 1 1 3 1 3 2 9 4 8 5 5 4 2 2 9 1 5 3 0 0 6 7 1 5 7 0 5 6 0 0 0 1 7 4 7 2 5 3 1 9 8 8 8 7 8 5 0 9 8 7 4 0 5 7 9 9 7 4 3 2 6 2 0 2 7 8 3 7 7 3 6,107ca7532e0490f7252d5976117726e15be9651d7c67fb194c373de0773aec2b
supplement,1,13010,9,0.9080779944289693,5 4 0 1 6 9 9 2 0 6 1 3 1 1 7 0 8 9 5 8 0 9 1 6 5 5 3 4 1 9 8 9 8 3 4 3 3 6 1 6 5 4 4 5 4 9 8 9 9 8 8 7 9 0 4 7 8 9 0 5 8 7 6 2 1 4 3 1 1 3 2 7 9 6 1 7 5 8 6 2 7 2 2 2 2 3 4 0 2 7 8 4 7 2 2 6 3 8 1 9 2 8 0 7 1 6 1 4 7 5 1 2 9 4 5 4 5 3 6 3 5 2 3 0 0 2 7 8 9 6 9 7 5 0 9 2 6 3 4 3 6 6 7 1 6 5 6 7 8 0 0 7 2 5 3 9 0 3 7 8 1 8 6 8 6 3 3 9 7 5 0 0 8 3 1 6 3 5 3 4 3 2 2 5 5 1 6 4 6 7 5 3 6 9 6 7 1 1 1 7 8 6 0 9 4 3 1 1 1 0 0 9 2 5 4 0 3 1 5 4 9 0 9 4 6 0 4 0 3 8 2 6 7 0 1 4 8 7 2 2 7 6 5 5 9 2 0 4 4 8 7 4 7 8 4 2 7 9 8 6 4 6 9 9 6 0 9 1 8 0 5 0 3 9 7 5 2 9 1 9 7 8 7 4 4 6 5 4 1 9 3 1 3 2 9 4 8 5 5 4 2 2 9 1 5 3 0 0 6 7 1 5 7 0 5 6 0 0 0 1 5 4 9 2 5 3 1 9 8 8 8 7 8 5 0 9 9 7 4 0 5 7 9 9 7 4 3 2 6 2 0 2 7 8 3 7 7 8 6,8d603d3f7a545d26300cb2ab082da5082692088fe068e049119195b07e17c57d
supplement,1,13010,10,0.9080779944289693,5 4 0 1 6 9 9 2 0 6 1 3 1 1 7 0 8 9 5 8 0 9 1 6 5 5 3 4 1 9 8 9 8 3 4 3 3 6 1 6 5 4 4 5 4 9 8 9 9 1 1 7 9 0 4 7 8 9 0 5 1 7 6 2 1 4 3 1 1 3 2 7 9 6 1 7 5 5 6 2 7 1 2 2 2 3 4 0 2 7 8 4 7 2 2 6 3 2 1 9 2 8 0 7 1 6 1 4 7 5 1 2 9 4 5 4 5 3 6 3 5 2 3 0 0 2 7 8 9 6 9 7 5 0 9 2 6 3 4 3 6 6 7 1 6 5 6 7 8 0 0 7 2 5 3 9 0 3 7 8 1 8 6 8 6 3 3 1 7 5 0 0 8 3 1 6 3 5 3 4 3 2 2 5 5 1 6 4 6 7 5 3 6 9 6 7 1 1 1 7 5 6 0 9 4 3 2 1 1 0 0 9 2 5 4 0 3 1 5 4 3 0 9 4 6 0 4 0 3 7 2 6 7 0 1 4 8 7 2 2 7 6 5 5 9 2 0 4 4 8 7 4 7 8 4 2 7 9 8 6 4 6 9 9 6 0 9 1 8 0 5 0 3 9 7 5 2 2 1 9 7 8 7 4 4 6 5 4 1 1 3 1 3 2 9 4 8 5 5 4 2 2 9 1 5 3 0 0 6 7 1 5 7 0 5 6 0 0 0 1 7 4 9 2 5 3 1 9 8 8 8 7 8 5 0 9 3 7 4 0 5 7 9 9 7 4 3 2 6 2 0 2 7 8 3 7 7 3 6,d930754b5f7b2a1511a99afd9e1402e12fdf132015dddd738f655074657b9f57
supplement,1,13010,11,0.9220055710306406,5 4 0 1 6 9 9 2 0 6 1 3 1 1 7 0 8 9 5 8 0 9 1 6 5 5 3 4 1 9 8 9 8 3 4 3 3 6 1 6 5 4 4 5 4 9 8 9 9 8 8 7 3 0 4 7 8 9 0 5 1 7 6 2 1 4 3 1 1 3 2 7 9 6 1 7 5 5 6 2 7 2 2 2 2 3 4 0 2 7 8 4 7 2 2 6 3 2 1 9 2 8 0 7 1 6 1 4 7 5 1 2 9 4 5 4 5 3 6 3 5 2 3 0 0 2 7 8 9 6 9 7 5 0 9 2 6 3 4 3 6 6 7 1 6 5 6 7 8 0 0 7 2 5 3 9 0 3 7 8 1 8 6 8 6 3 3 1 7 5 0 0 8 3 1 6 3 5 3 4 3 2 2 5 5 1 6 4 6 7 5 3 6 9 6 7 1 1 1 7 5 6 0 9 4 3 1 1 1 0 0 9 2 5 4 0 3 1 5 4 9 0 9 4 6 0 4 0 3 8 2 6 7 0 1 4 8 7 2 2 7 6 5 5 9 2 0 4 4 8 7 4 7 8 4 2 7 9 8 6 4 6 9 9 6 0 9 1 8 0 5 0 3 9 7 5 2 2 1 9 7 8 7 4 4 6 5 4 1 1 3 1 3 2 9 4 8 5 5 4 2 2 9 1 5 3 0 0 6 7 1 5 7 0 5 6 0 0 0 1 5 4 9 2 5 3 1 9 8 8 8 7 8 5 0 9 9 7 4 0 5 7 9 9 7 4 3 2 6 2 0 2 7 8 3 7 7 8 6,7827ca44f40f9691a8d49f4d3dee6d24f3ba92c0ed530e811d6c11cd0dd8a905
supplement,1,13010,12,0.9080779944289693,5 4 0 1 6 9 9 2 0 6 1 3 1 1 7 0 8 8 5 8 0 9 1 6 5 5 3 4 1 9 8 9 8 3 4 3 3 6 1 6 5 4 4 5 4 9 8 9 9 8 8 7 3 0 4 7 8 9 0 5 8 7 6 2 1 4 3 1 1 3 2 7 9 6 1 7 5 5 6 2 7 1 2 2 2 3 4 0 2 7 8 4 7 2 2 6 3 2 1 9 2 8 0 7 1 6 1 4 7 5 1 2 9 4 5 4 5 3 6 3 5 2 3 0 0 2 7 8 9 6 9 7 5 0 9 2 6 9 4 3 6 6 7 1 6 5 6 7 8 0 0 7 2 5 3 9 0 3 7 8 8 8 6 8 6 3 3 1 7 5 0 0 7 3 1 6 3 5 3 4 3 2 2 5 5 1 6 4 6 7 5 9 6 9 6 7 1 1 1 7 5 6 0 9 4 3 1 1 1 0 0 9 2 5 4 0 3 1 5 4 9 0 9 4 6 0 4 0 3 7 2 6 7 0 1 4 8 7 2 2 7 6 5 5 9 2 0 4 4 8 7 4 7 8 4 2 7 9 8 6 4 6 9 9 6 0 9 7 8 0 5 0 3 9 7 5 2 2 1 9 7 8 7 4 4 6 5 4 1 1 3 1 3 2 9 4 8 5 5 4 2 2 9 1 5 3 0 0 6 7 1 5 7 0 5 6 0 0 0 1 8 4 9 2 5 3 1 9 8 8 8 7 8 5 0 9 9 7 4 0 5 7 9 9 7 4 3 2 6 2 0 2 7 8 3 7 7 8 6,0a4f44f28133733a6f2bce8058fc52f1d4b94e55a7fcd2f705e071cdedf1fd7b
supplement,1,13010,13,0.9080779944289693,5 4 0 1 6 9 9 2 0 6 1 3 1 1 7 0 8 9 5 8 0 9 1 6 5 5 3 4 1 9 8 9 8 3 4 3 3 6 1 6 5 4 4 5 4 9 8 9 9 8 8 7 9 0 4 7 8 9 0 5 8 7 6 2 1 4 3 1 1 3 2 7 9 6 1 7 5 8 6 2 7 2 2 2 2 3 4 0 2 7 8 4 7 2 2 6 3 2 1 9 2 8 0 7 1 6 1 4 7 5 1 2 9 4 5 4 5 3 6 3 5 2 3 0 0 2 7 8 9 6 9 7 5 0 9 2 6 3 4 3 6 6 7 1 6 5 6 7 8 0 0 7 2 5 3 9 0 3 7 8 8 8 6 8 6 3 3 1 7 5 0 0 8 3 1 6 3 5 3 4 3 2 2 5 5 1 6 4 6 7 5 0 6 5 6 7 1 1 1 7 5 6 0 9 4 3 1 1 1 0 0 9 2 5 4 0 3 1 5 4 9 0 9 4 6 0 4 0 3 8 2 6 7 0 1 4 8 7 2 2 7 6 5 5 9 2 0 4 4 8 7 4 7 8 4 2 7 9 8 6 4 6 9 9 6 0 9 1 8 0 5 0 3 9 7 5 2 2 1 9 7 8 7 4 4 6 5 4 1 1 3 1 3 2 9 4 8 5 5 4 2 2 3 1 5 3 0 0 6 7 1 5 7 0 5 6 0 0 0 1 5 4 9 2 5 3 1 9 8 8 8 7 8 5 0 9 9 7 4 0 5 7 0 9 7 4 3 2 6 2 0 2 7 8 3 7 7 8 6,4a3554d2ebe2f056f75bdf3110aa351403b014a6e8749e66c8ec453e63cce16a
supplement,1,13010,14,0.9136490250696379,5 4 0 1 6 9 9 2 0 6 6 3 1 1 7 0 8 9 5 8 0 9 1 6 5 5 3 4 1 9 8 9 8 3 4 3 3 6 1 6 5 4 4 5 4 9 8 9 9 2 2 7 3 0 4 7 8 9 0 5 1 7 6 2 1 4 3 1 1 3 2 7 9 6 1 7 5 5 6 2 7 2 2 2 2 3 4 0 2 7 8 4 7 2 2 6 3 2 1 9 2 8 0 7 1 6 1 4 7 5 1 2 9 4 5 4 5 3 6 3 5 2 3 0 0 2 7 3 9 6 9 7 5 0 9 2 6 3 4 3 6 6 7 1 6 5 6 7 8 0 0 7 2 5 3 9 0 3 7 8 1 8 6 8 6 3 3 1 7 5 0 0 8 3 1 6 3 5 3 4 3 2 2 5 5 1 6 4 6 7 5 3 6 9 6 7 1 1 1 7 5 6 0 9 4 3 1 1 1 0 0 9 2 5 4 0 3 1 5 4 9 0 9 4 6 0 4 0 3 7 2 6 7 0 1 4 8 7 2 2 7 6 5 5 9 2 0 4 4 8 7 4 7 8 4 2 7 9 8 6 4 6 9 9 6 0 9 7 8 0 5 0 3 9 7 5 2 9 1 9 7 8 7 4 4 6 5 4 1 1 3 1 3 2 9 4 8 5 5 4 2 2 3 1 5 3 0 0 6 7 1 5 7 0 5 6 0 0 0 1 5 4 9 2 5 3 1 9 8 8 8 7 8 5 0 9 9 7 4 0 5 7 9 9 7 4 3 2 6 2 0 2 7 8 3 7 7 3 6,de270aacc5033ceed38db0824da97f394e683e777fe798ee38becd49b135e86d
supplement,1,13010,15,0.9052924791086351,5 4 0 1 6 9 9 2 0 6 1 3 1 1 7 0 8 9 5 8 0 9 1 6 9 5 3 4 1 9 8 9 8 3 4 3 3 6 1 6 5 4 4 5 4 9 8 9 9 8 8 7 9 0 4 7 8 9 0 5 1 7 6 2 1 4 3 1 1 3 2 7 9 6 1 7 5 5 6 2 7 1 2 2 2 3 4 0 2 7 8 4 7 2 2 6 3 2 1 9 2 8 0 7 1 6 1 4 7 5 1 2 9 4 5 4 5 3 6 3 5 2 3 0 0 2 7 3 9 6 9 7 5 0 9 2 6 9 4 3 6 6 7 1 6 5 6 7 8 0 0 7 2 5 3 9 0 3 7 8 8 8 6 8 6 3 3 1 7 5 0 0 8 3 1 6 3 5 3 4 3 2 2 5 5 8 6 4 6 7 5 9 6 9 6 7 1 1 1 7 5 6 0 9 4 3 1 1 1 0 0 9 2 5 4 0 3 1 5 4 9 0 9 4 6 0 4 0 3 8 2 6 7 0 1 4 8 7 2 2 7 6 5 5 9 2 0 4 4 8 7 4 7 8 4 2 7 9 8 6 4 6 9 9 6 0 9 1 8 0 5 0 3 9 7 5 2 2 1 9 7 8 7 4 4 6 5 4 1 1 3 1 3 2 9 4 8 5 5 4 2 2 9 1 5 3 0 0 6 7 1 5 7 0 5 6 0 0 0 1 5 4 9 2 5 3 1 9 8 8 8 7 8 5 0 9 9 7 4 0 5 7 9 9 7 4 3 2 6 2 0 2 7 8 3 7 7 8 6,6127636b531f6e2b05c17528793bcda4cae8bf3ab152ff95b1c68ff09766e1da
supplement,1,13010,16,0.9220055710306406,5 4 0 1 6 9 9 2 0 6 1 3 1 1 7 0 8 8 5 8 0 9 1 6 5 5 3 4 1 9 8 9 8 3 4 3 3 6 1 6 5 4 4 5 4 9 8 9 9 8 8 7 9 0 4 7 8 9 0 5 8 7 6 2 1 4 3 1 1 3 2 7 9 6 1 7 5 8 6 2 7 1 2 2 2 3 4 0 2 7 8 4 7 2 2 6 3 2 1 9 2 8 0 7 1 6 1 4 7 5 1 2 9 4 5 4 5 3 6 3 5 2 3 0 0 2 7 8 9 6 9 7 5 0 9 2 6 3 4 3 6 6 7 1 6 5 6 7 8 0 0 7 2 5 3 9 0 3 7 8 8 8 6 8 6 3 3 1 7 5 0 0 8 3 1 6 3 5 3 4 3 2 2 5 5 8 6 4 6 7 5 3 6 9 6 7 1 8 1 7 8 6 0 9 4 3 1 1 1 0 0 9 2 5 4 0 3 1 5 4 9 0 9 4 6 0 4 0 3 8 2 6 7 0 1 4 8 7 2 2 7 6 5 5 9 2 0 4 4 8 7 4 7 8 4 2 7 9 8 6 4 6 9 9 6 0 9 1 8 0 5 0 3 9 7 5 2 2 1 9 7 8 7 4 4 6 5 4 1 1 3 1 3 2 9 4 8 5 5 4 2 2 9 1 5 3 0 0 6 7 1 5 7 0 5 6 0 0 0 1 5 4 9 2 5 3 1 9 8 8 8 7 8 5 0 9 9 7 4 0 5 7 9 9 7 4 3 2 6 2 0 2 7 8 3 7 7 8 6,04a999f0de7bf20701d4bb3dba3b43603cba2fd1306799ab7ab826140a8a0efc
supplement,1,13010,17,0.9136490250696379,5 4 0 1 6 9 9 2 0 6 1 3 1 1 7 0 8 9 5 8 0 9 1 6 5 5 3 4 1 9 8 9 8 3 4 3 3 6 1 6 5 4 4 5 4 9 8 9 9 8 8 7 9 0 4 7 8 9 0 5 8 7 6 2 1 4 3 1 1 3 2 7 9 6 1 7 5 5 6 2 7 1 2 2 2 3 4 0 2 7 8 4 7 2 2 6 3 2 1 9 2 8 0 7 1 6 1 4 7 5 1 2 9 4 5 4 5 3 6 3 5 2 3 0 0 2 7 8 9 6 9 7 5 0 9 2 6 3 4 3 6 6 7 1 6 5 6 7 8 0 0 7 2 5 3 9 0 3 7 8 8 8 6 8 6 3 3 1 7 5 0 0 8 3 1 6 3 5 3 4 3 2 2 5 5 1 6 4 6 7 5 3 6 5 6 7 1 1 1 7 5 6 0 9 4 3 1 1 1 0 0 9 2 5 4 0 3 1 5 4 9 0 9 4 6 0 4 0 3 8 2 6 7 0 1 4 8 7 2 2 7 6 5 5 9 2 0 4 4 8 7 4 7 8 4 2 7 9 8 6 4 6 9 9 6 0 9 1 8 0 5 0 3 9 7 5 2 2 1 9 7 8 7 4 4 6 5 4 1 1 3 1 3 2 9 4 8 5 5 4 2 2 9 1 5 3 0 0 6 7 1 5 7 0 5 6 0 0 0 1 5 4 9 2 5 3 1 9 8 8 8 7 8 5 0 9 9 7 4 0 5 7 9 9 7 4 3 2 6 2 0 2 7 8 3 7 7 8 6,da17e4dbdbe2725c76bcbea5dba4c547db8557be2e125ca544f077a917b82eb6
supplement,1,13010,18,0.9192200557103064,5 4 0 1 6 9 9 2 0 6 6 3 1 1 7 0 8 8 5 8 0 9 1 6 5 5 3 4 1 9 8 9 8 3 4 3 3 6 1 6 5 4 4 5 4 9 8 9 9 8 1 7 9 0 4 7 8 9 0 5 8 7 6 2 1 4 3 1 1 3 2 7 9 6 1 7 5 5 6 2 7 1 2 2 2 3 4 0 2 7 8 4 7 2 2 6 3 2 1 9 2 8 0 7 1 6 1 4 7 5 1 2 1 4 5 4 5 3 6 3 5 2 3 0 0 2 7 8 9 6 9 7 5 0 9 2 6 3 4 3 6 6 7 1 6 5 6 7 8 0 0 7 2 5 3 9 0 3 7 8 8 8 6 8 6 3 3 1 7 5 0 0 8 3 1 6 3 5 8 4 3 2 2 5 5 8 6 4 6 7 5 3 6 9 6 7 1 8 1 7 8 6 0 9 4 3 1 1 1 0 0 9 2 5 4 0 3 1 5 4 9 0 9 4 6 0 4 0 3 8 2 6 7 0 1 4 8 7 2 2 7 6 5 5 9 2 0 4 4 8 7 4 7 8 4 2 7 9 8 6 4 6 9 9 6 0 9 1 8 0 5 0 3 9 7 5 2 2 1 9 7 8 7 4 4 6 5 4 1 1 3 1 3 2 9 4 8 9 5 4 2 2 9 1 5 3 0 0 6 7 1 5 7 0 5 6 0 0 0 1 7 4 9 2 5 3 1 9 8 8 8 7 8 5 0 9 9 7 4 0 5 7 9 9 7 4 3 2 6 2 0 2 7 8 3 7 7 8 6,8f6c70c748d39745b687ca4354f372936878d68642cdb0fdca4a2e479cdb995c
supplement,1,13010,19,0.9220055710306406,5 4 0 1 6 9 9 2 0 6 6 3 1 1 7 0 8 9 5 8 0 9 1 6 5 5 3 4 1 9 8 9 8 3 4 3 3 6 1 6 5 4 4 5 4 9 8 9 9 1 8 7 9 0 4 7 8 9 0 5 8 7 6 2 1 4 3 1 1 3 2 7 9 6 1 7 5 8 6 2 7 1 2 2 2 3 4 0 2 7 8 4 7 2 2 6 3 2 1 9 2 8 0 7 1 6 1 4 7 5 1 2 9 4 5 4 5 3 6 3 5 2 3 0 0 2 7 8 9 6 9 7 5 0 9 2 6 3 4 3 6 6 7 1 6 5 6 7 8 0 0 7 2 5 3 9 0 3 7 8 8 8 6 8 6 3 3 1 7 5 0 0 7 3 1 6 3 5 8 4 3 2 2 5 5 8 6 4 6 7 5 3 6 5 6 7 1 8 1 7 8 6 0 9 4 3 1 1 1 0 0 9 2 5 4 0 3 1 5 4 9 0 9 4 6 0 4 0 3 8 2 6 7 0 1 4 8 7 2 2 7 6 5 5 9 2 0 4 4 8 7 4 7 8 4 2 7 9 8 6 4 6 9 9 6 0 9 1 8 0 5 0 3 9 7 5 2 9 1 9 7 8 7 4 4 6 5 4 1 1 3 1 3 2 9 4 8 5 5 4 2 2 3 1 5 3 0 0 6 7 1 5 7 0 5 6 0 0 0 1 5 4 9 2 5 3 1 9 8 8 8 7 8 5 0 9 9 7 4 0 5 7 9 9 7 4 3 2 6 2 0 2 7 8 3 7 7 8 6,e4b16c0cee7f465c3fbea31e7e8893bd476a51cdd1d15b8eff2468721a807797
supplement,1,13010,20,0.9303621169916435,5 4 0 1 6 9 9 2 0 6 1 3 1 1 7 0 8 9 5 8 0 9 1 6 5 5 3 4 1 9 8 9 8 3 4 3 3 6 1 6 5 4 4 5 4 9 8 9 9 8 8 7 9 0 4 7 8 9 0 5 8 7 6 2 1 4 3 1 1 3 2 7 9 6 1 7 5 5 6 2 7 2 2 2 2 3 4 0 2 7 8 4 7 2 2 6 3 2 1 9 2 8 0 7 1 6 1 4 7 5 1 2 9 4 5 4 5 3 6 3 5 2 3 0 0 2 7 8 9 6 9 7 5 0 9 2 6 9 4 3 6 6 7 1 6 5 6 7 8 0 0 7 2 5 3 9 0 3 7 8 8 8 6 8 6 3 3 1 7 5 0 0 8 3 1 6 3 5 8 4 3 2 2 5 5 8 6 4 6 7 5 3 6 5 6 7 1 8 1 7 8 6 0 9 4 3 1 1 1 0 0 9 2 5 4 0 3 1 5 4 9 0 9 4 6 0 4 0 3 8 2 6 7 0 1 4 8 7 2 2 7 6 5 5 9 2 0 4 4 8 7 4 7 8 4 2 7 9 8 6 4 6 9 9 6 0 9 1 8 0 5 0 3 9 7 5 2 2 1 9 7 8 7 4 4 6 5 4 1 1 3 1 3 2 9 4 8 5 5 4 2 2 9 1 5 3 0 0 6 7 1 5 7 0 5 6 0 0 0 8 8 4 9 2 5 3 1 9 8 8 8 7 8 5 0 9 9 7 4 0 5 7 9 9 7 4 3 2 6 2 0 2 7 8 3 7 7 8 6,7ec3769021e8808f9fb54adebde6531153d795dc2068f52678a887431b0919fb
supplement,2,13001,1,0.5877437325905293,5 1 9 1 6 9 8 4 4 6 1 7 1 1 2 9 6 9 5 4 0 2 1 6 6 4 3 4 1 5 6 5 0 3 4 3 3 6 4 6 5 4 4 4 4 9 2 9 3 1 2 4 5 0 4 7 1 3 9 5 4 7 6 6 2 1 2 1 1 2 2 7 2 6 1 7 4 3 6 2 7 1 2 2 2 3 7 0 2 4 7 4 1 2 8 6 5 1 1 9 4 3 0 1 1 6 1 4 7 4 6 4 1 4 5 4 5 9 6 3 9 2 3 0 9 2 7 9 9 6 3 3 4 9 9 2 6 5 4 9 6 6 7 6 6 5 6 7 3 0 0 3 2 4 2 2 0 2 3 4 4 6 6 9 6 9 8 1 7 5 9 0 5 3 6 6 2 5 8 4 3 2 2 5 1 4 6 4 6 1 2 9 6 5 6 7 7 1 1 7 3 6 0 2 4 3 6 1 1 0 0 3 2 5 4 0 2 4 5 4 9 5 9 4 6 6 4 0 3 3 2 6 4 9 1 4 8 9 2 4 3 6 2 6 9 2 0 4 4 5 7 4 4 4 4 3 3 9 8 6 4 6 3 2 6 0 9 1 6 9 5 0 3 9 7 2 2 9 1 5 7 8 7 4 4 6 9 4 2 1 3 1 2 9 5 4 5 5 5 1 2 2 3 1 5 2 0 4 6 1 4 5 3 9 5 6 0 9 9 3 7 4 9 3 5 2 1 9 8 6 8 7 4 5 0 3 9 5 4 0 5 7 5 9 1 4 3 2 6 2 9 2 7 8 3 7 7 1 6,c363e554622540bf3f15ca975ce96da45180a0546cf1f3bc02743a38edd44c76
supplement,2,13001,2,0.8551532033426184,5 4 0 1 6 9 9 2 4 6 6 9 1 1 7 0 8 9 5 8 0 9 1 6 5 5 3 4 1 3 6 9 8 3 4 3 3 6 1 6 5 4 4 6 4 9 8 9 9 1 8 7 5 0 4 7 5 9 0 5 1 7 6 2 2 4 3 1 1 3 2 7 9 6 1 7 5 9 6 2 7 1 2 2 2 3 4 0 2 7 8 4 7 2 2 6 9 1 1 9 2 6 0 4 1 6 1 4 7 5 1 8 1 4 5 4 5 9 6 3 5 2 3 0 0 2 7 3 9 6 9 7 5 0 9 2 6 5 4 3 6 6 7 6 6 5 6 7 8 0 0 7 2 5 3 9 0 3 7 1 1 6 6 5 6 3 3 1 7 5 0 0 1 3 2 6 3 5 8 4 3 2 2 5 5 1 6 4 6 7 5 0 6 5 6 7 1 1 1 7 5 6 0 9 4 3 1 1 1 0 0 9 2 5 4 0 3 1 5 4 9 0 9 4 6 6 4 0 3 8 2 6 7 0 1 4 8 7 2 2 7 6 5 5 9 2 0 4 4 5 7 4 4 5 4 2 7 9 8 6 4 6 9 9 6 0 3 1 6 0 5 0 3 9 7 5 2 0 1 9 7 8 7 4 4 6 5 4 2 1 3 1 3 2 9 4 8 5 5 4 2 2 3 1 5 3 0 0 6 7 1 5 7 0 5 6 0 0 0 8 7 4 9 2 5 3 1 9 8 6 5 7 8 5 0 9 8 7 4 0 5 7 5 9 7 4 3 2 6 2 0 2 7 8 3 7 7 1 6,56f0977a4d780c71d282ec05742281390858745ee94a5138413b88ddaf6f4c57
supplement,2,13001,3,0.8997214484679665,5 4 0 1 6 9 8 2 4 6 6 3 1 1 7 0 8 9 5 8 0 9 1 6 5 5 3 4 1 3 8 9 8 3 4 3 3 6 1 6 5 4 4 5 4 9 8 9 9 1 1 7 9 0 4 7 8 9 0 5 1 7 6 2 1 4 3 1 1 3 2 7 9 6 1 7 5 9 6 2 7 1 2 2 2 3 4 0 2 7 1 4 7 2 2 6 3 1 1 9 2 8 0 7 1 6 1 4 7 5 1 2 9 4 5 4 5 3 6 3 5 2 3 0 0 2 7 3 9 6 9 7 5 0 9 2 6 3 4 3 6 6 7 1 6 5 6 7 8 0 0 7 2 5 3 9 0 3 7 8 1 6 6 7 6 3 3 1 7 5 0 0 7 3 1 6 3 5 8 4 3 2 2 5 5 1 6 4 6 7 5 0 6 5 6 7 1 1 1 7 5 6 0 9 4 3 1 1 1 0 0 9 2 5 4 0 3 1 5 4 9 0 9 4 6 6 4 0 3 1 2 6 7 0 1 4 8 7 2 2 7 6 5 5 9 2 0 4 4 5 7 4 7 8 4 2 7 9 8 6 4 6 9 9 6 0 9 1 8 0 5 0 3 9 7 5 2 9 1 9 7 8 7 4 4 6 5 4 1 1 3 1 3 2 9 4 8 5 5 4 2 2 3 1 5 3 0 0 6 7 1 5 7 0 5 6 0 0 0 1 5 4 9 3 5 3 1 9 8 8 8 7 8 5 0 9 3 7 4 0 5 7 0 9 7 4 3 2 6 2 0 2 7 8 3 7 7 1 6,a297ec14597a3ab781b2b44f678581b92684c8aa52bf232022d0bfe8d1919d11
supplement,2,13001,4,0.9025069637883009,5 4 0 1 6 9 9 2 0 6 6 3 1 1 7 0 8 9 5 8 0 0 1 6 5 5 3 4 1 3 8 9 8 3 4 3 3 6 1 6 5 4 4 5 4 9 8 9 9 1 1 7 9 0 4 7 8 9 0 5 1 7 6 2 1 4 3 1 1 3 2 7 9 6 1 7 5 9 6 2 7 1 2 2 2 3 4 0 2 7 8 4 7 2 2 6 3 1 1 9 2 8 0 7 1 6 1 4 7 5 1 2 9 4 5 4 5 3 6 3 5 2 3 0 0 2 7 3 9 6 9 7 5 0 9 2 6 3 4 3 6 6 7 1 6 5 6 7 8 0 0 7 2 5 3 9 0 3 7 8 1 8 6 8 6 3 3 1 7 5 0 0 7 3 1 6 3 5 8 4 3 2 2 5 1 1 6 4 6 7 5 0 6 9 6 7 1 1 1 7 5 6 0 9 4 3 1 1 1 0 0 9 2 5 4 0 3 1 5 4 9 0 9 4 6 0 4 0 3 8 2 6 7 0 1 4 8 7 2 2 7 6 5 5 9 2 0 4 4 8 7 4 7 8 4 2 7 9 8 6 4 6 9 9 6 0 9 1 8 0 5 0 3 9 7 5 2 0 1 9 7 8 7 4 4 6 5 4 1 1 3 1 3 2 9 4 8 5 5 4 2 2 3 1 5 3 0 0 6 7 1 5 7 0 5 6 0 0 0 1 7 4 9 2 5 3 1 9 8 8 8 7 8 5 0 9 9 7 4 0 5 7 0 9 7 4 3 2 6 2 0 2 7 8 3 7 7 1 6,fae372f59504ac9b4942f8c4a0889bb44f55909449a1e0650459b3e6ea76b551
supplement,2,13001,5,0.8997214484679665,5 4 0 1 6 9 9 2 6 6 6 3 1 1 7 0 8 9 5 8 0 0 1 6 5 5 3 4 1 3 8 9 8 3 4 3 3 6 1 6 5 4 4 5 4 9 8 9 9 1 1 7 9 0 4 7 8 9 0 5 1 7 6 2 1 4 3 1 1 3 2 7 9 6 1 7 5 9 6 2 7 1 2 2 2 3 4 0 2 7 8 4 7 2 2 6 3 1 1 9 2 8 0 5 1 6 1 4 7 5 1 2 9 4 5 4 5 3 6 3 5 2 3 0 0 2 7 3 9 6 9 7 5 0 9 2 6 3 4 3 6 6 7 1 6 5 6 7 8 0 0 7 2 5 3 9 0 3 7 8 1 6 6 8 6 3 3 1 7 5 0 0 7 3 1 6 3 5 8 4 3 2 2 5 5 1 6 4 6 7 5 0 6 5 6 7 1 1 1 7 5 6 0 9 4 3 1 1 1 0 0 9 2 5 4 0 3 1 5 4 9 0 9 4 6 0 4 0 3 8 2 6 7 0 1 4 8 7 2 2 7 6 5 5 9 2 0 4 4 8 7 4 7 8 4 2 7 9 8 6 4 6 9 9 6 0 9 1 8 0 5 0 3 9 7 5 2 9 1 9 7 8 7 4 4 6 5 4 1 1 3 1 3 2 9 4 8 5 5 4 2 2 3 1 5 3 0 0 6 7 1 5 7 0 5 6 0 0 0 1 5 4 9 2 5 3 1 9 8 8 8 7 8 5 0 9 9 7 4 0 5 7 0 9 7 4 3 2 6 2 0 2 7 8 3 7 7 1 6,575419bf204e25df08e6492877505301d013d4929ea2722af3e6cb1129802910
supplement,2,13002,1,0.5821727019498607,7 7 0 1 0 9 4 1 6 8 1 9 1 8 7 0 6 9 4 0 0 9 1 6 9 5 7 4 8 3 3 3 7 3 4 2 3 6 1 8 9 4 4 0 4 9 2 9 9 0 1 7 9 0 4 7 7 9 0 9 1 4 6 2 2 1 3 1 9 9 2 7 9 6 8 7 9 8 4 2 7 1 1 2 1 9 4 0 2 8 4 4 7 2 2 8 9 1 1 9 2 4 0 9 1 6 8 4 4 9 1 2 3 4 5 4 9 9 8 3 5 1 3 0 0 2 7 1 9 6 3 7 5 0 9 2 8 9 4 2 0 8 4 2 6 9 6 7 2 0 0 7 9 4 3 9 0 3 7 5 8 6 4 7 6 3 3 9 3 9 0 0 7 9 6 6 9 9 2 4 3 2 2 9 3 9 6 4 8 9 9 9 6 5 6 7 4 8 9 4 5 6 0 9 4 2 6 1 1 0 5 9 2 5 4 0 2 1 3 4 9 4 9 4 1 4 4 0 1 7 1 6 4 0 1 4 8 7 2 1 7 8 5 9 9 1 0 4 4 8 7 4 4 9 4 1 7 9 8 8 4 0 9 9 6 0 9 1 0 0 9 0 9 9 3 5 2 2 1 9 4 3 7 4 4 6 9 4 1 9 3 9 3 2 9 4 8 9 5 4 2 1 9 1 9 9 0 0 6 8 8 9 7 0 9 6 0 0 0 8 7 4 3 1 9 8 1 9 3 3 9 7 4 5 0 9 7 7 4 0 9 4 0 9 7 4 3 2 0 2 0 1 7 9 3 7 7 2 6,51b93bb63dbaf4cb361eec403e438d0bc00744ea03cf1b8fa6d8820d99c291b0
supplement,2,13002,2,0.8161559888579387,5 4 0 1 6 9 9 2 0 6 1 3 1 1 7 0 6 9 5 8 0 9 1 6 9 5 1 4 1 9 6 9 1 3 4 3 3 6 1 6 5 4 4 0 4 9 1 9 9 1 1 7 9 0 4 7 7 9 0 5 1 7 6 2 1 4 3 1 1 3 2 7 9 6 1 7 5 8 6 2 7 2 2 2 2 3 4 0 2 8 1 4 7 2 2 6 9 1 9 9 2 1 0 7 1 6 1 4 7 5 1 2 9 4 5 4 5 9 6 3 5 2 3 0 0 2 7 9 9 6 9 7 5 0 9 2 6 9 4 3 6 6 4 1 6 5 6 7 7 0 0 7 2 5 3 9 0 3 7 1 1 6 6 7 6 3 3 9 7 5 0 0 1 3 2 6 3 9 3 4 3 2 2 5 2 1 6 4 6 7 1 9 6 5 6 7 4 1 1 4 5 6 0 9 4 3 1 1 1 0 0 9 2 5 4 0 3 1 5 4 9 0 9 4 6 4 4 0 3 7 2 6 7 0 1 4 8 7 2 1 7 6 5 9 9 2 0 4 4 8 7 4 4 9 4 2 7 9 8 6 4 6 9 9 6 0 9 1 3 0 9 0 3 9 7 5 2 2 1 9 8 8 7 4 4 6 5 4 1 9 3 1 3 2 9 4 8 5 5 4 2 2 9 1 5 9 0 0 6 7 1 5 7 0 9 6 0 0 0 8 7 4 9 2 5 9 1 9 8 8 5 7 4 5 0 9 9 7 4 0 5 7 9 9 7 4 3 2 6 2 0 2 7 3 3 7 7 3 6,ed3ac236af2217c1972f98a959c13132520b1662e10763f7c0cc8318062721b7
supplement,2,13002,3,0.8607242339832869,5 4 0 1 6 9 9 2 0 6 1 3 1 1 7 0 2 9 5 8 0 9 1 6 9 5 3 4 1 9 8 9 8 3 4 3 3 6 1 6 5 4 4 1 4 9 1 9 9 1 1 7 9 0 4 7 7 9 0 5 1 7 6 2 1 4 3 1 1 3 2 7 9 6 1 7 5 7 6 2 7 2 2 2 2 3 4 0 2 7 1 4 7 2 2 6 3 1 1 9 2 8 0 7 1 6 1 4 7 5 1 2 9 4 5 4 5 3 6 3 5 2 3 0 0 2 7 9 9 6 9 7 5 0 9 2 6 3 4 3 6 6 4 1 6 5 6 7 8 0 0 7 2 5 3 9 0 3 7 1 8 2 6 7 6 3 3 1 7 5 0 0 7 3 1 6 3 5 3 4 3 2 2 5 8 1 6 4 6 7 5 3 6 5 6 7 4 1 1 4 5 6 0 9 4 3 1 1 1 0 0 9 2 5 4 0 3 1 5 4 9 0 9 4 6 0 4 0 3 7 2 6 7 0 1 4 8 7 2 1 7 6 5 6 9 2 0 4 4 7 7 4 4 8 4 2 7 9 8 6 4 6 9 9 6 0 9 1 2 0 9 0 3 9 7 5 2 3 1 9 7 8 7 4 4 6 5 4 1 1 3 1 3 2 9 4 8 5 5 4 2 2 3 1 5 3 0 0 6 7 1 5 7 0 5 6 0 0 0 8 7 4 1 2 5 3 1 9 8 8 2 7 8 5 0 9 9 7 4 0 5 7 0 9 7 4 3 2 6 2 0 2 7 3 3 7 7 2 6,9458d435d36c945b4e0fc59559a92f4e38b0adc02d3145b9c396e7acf10bc80c
supplement,2,13002,4,0.8802228412256268,5 4 0 1 6 9 9 2 0 6 1 3 1 1 7 0 2 9 5 8 0 9 1 6 9 5 3 4 1 9 4 9 8 3 4 3 3 6 1 6 5 4 4 1 4 9 1 9 9 1 1 7 9 0 4 7 7 9 0 5 1 7 6 2 1 4 3 1 1 3 2 7 9 6 1 7 5 7 6 2 7 1 2 2 2 3 4 0 2 7 1 4 7 2 2 6 3 1 1 9 2 8 0 7 1 6 1 4 7 5 1 2 9 4 5 4 5 3 6 3 5 2 3 0 0 2 7 8 9 6 9 7 5 0 9 2 6 3 4 3 6 6 7 1 6 5 6 7 8 0 0 7 2 5 3 9 0 3 7 7 1 6 6 7 6 3 3 1 7 5 0 0 7 3 1 6 3 5 3 4 3 2 2 5 3 8 6 4 6 7 5 3 6 9 6 7 1 1 1 7 7 6 0 9 4 3 2 1 1 0 0 9 2 5 4 0 3 1 5 4 9 0 9 4 6 0 4 0 3 7 2 6 7 0 1 4 8 7 2 2 7 6 5 5 9 2 0 4 4 7 7 4 7 8 4 2 7 9 8 6 4 6 9 9 6 0 9 7 3 0 5 0 3 9 7 5 2 3 1 9 7 8 7 4 4 6 5 4 1 1 3 1 3 2 9 4 8 9 5 4 2 2 3 1 5 3 0 0 6 7 1 5 7 0 5 6 0 0 0 8 7 4 7 3 5 3 1 9 8 8 8 7 8 5 0 9 9 7 4 0 5 7 9 9 7 4 3 2 6 2 0 2 7 3 3 7 7 3 6,87b4cb61dfb5b5139436a9153e68ccac9d1d2e931d4efb427154f5d345b44a0e
supplement,2,13002,5,0.8746518105849582,5 4 0 1 6 9 9 2 6 6 1 3 1 1 7 0 8 9 5 8 0 9 1 6 9 5 3 4 1 9 8 9 8 3 4 3 3 6 1 6 5 4 4 5 4 9 1 9 9 1 2 7 9 0 4 7 7 9 0 5 1 7 6 2 1 4 3 1 1 3 2 7 9 6 1 7 5 7 6 2 7 1 2 2 2 3 4 0 3 7 1 4 7 2 2 6 3 1 1 9 2 8 0 7 1 6 1 4 7 5 1 2 1 4 5 4 5 3 6 3 5 2 3 0 0 2 7 3 9 6 9 7 5 0 9 2 6 3 4 3 6 6 7 1 6 5 6 7 8 0 0 7 2 5 3 9 0 3 7 7 1 6 6 8 6 3 3 1 7 5 0 0 7 3 1 6 3 5 3 4 3 2 2 5 3 8 6 4 6 7 5 3 6 9 6 7 1 1 1 7 7 6 0 9 4 3 2 1 1 0 0 9 2 5 4 0 3 1 5 4 3 0 9 4 6 0 4 0 3 7 2 6 7 0 1 4 8 7 2 2 7 6 5 5 9 2 0 4 4 8 7 4 7 3 4 2 7 9 8 6 4 6 9 9 6 0 9 1 8 0 5 0 3 9 7 5 2 3 1 9 7 8 7 4 4 6 5 4 1 1 3 1 3 2 9 4 8 9 5 4 2 2 3 1 5 3 0 0 6 7 1 5 7 0 5 6 0 0 0 8 7 4 7 2 5 3 1 9 8 8 8 7 8 5 0 9 9 7 4 0 5 7 9 9 7 4 3 2 6 2 0 2 7 3 3 7 7 3 6,9bae64fff08b9cf97b6d827eab66cd0a8918020729f787ad5622b6fcdd51f8ef
supplement,2,13003,1,0.46518105849582175,5 4 0 1 0 0 3 3 0 1 4 3 1 1 7 0 3 2 0 9 0 3 1 6 0 5 7 6 1 0 6 9 9 3 1 3 3 6 1 6 9 4 0 8 4 0 1 9 9 9 1 7 0 1 9 3 9 3 0 9 7 1 6 1 5 9 3 1 1 3 3 7 3 0 1 3 9 9 0 0 3 8 1 1 1 3 1 0 3 1 1 4 7 1 1 6 3 4 9 9 3 6 8 9 9 6 1 6 7 1 1 1 9 4 9 5 3 3 0 3 9 1 3 0 0 6 7 8 9 6 9 1 5 0 9 3 6 3 4 3 1 6 3 4 6 0 6 7 3 0 0 7 1 9 3 9 8 3 7 7 9 2 6 7 6 3 3 9 7 5 0 0 7 3 5 6 3 0 3 4 3 3 3 9 3 1 6 6 6 7 7 6 6 0 6 2 1 1 9 1 3 6 0 9 1 0 1 1 1 0 9 3 3 7 1 0 3 1 9 6 9 0 9 6 6 0 6 0 3 4 3 6 3 0 9 1 3 9 1 1 7 6 9 0 9 1 0 5 6 3 7 4 7 2 4 3 7 9 2 6 0 6 1 3 6 0 9 7 6 0 0 0 3 3 7 5 3 9 1 9 7 3 7 1 6 6 1 0 1 9 3 9 3 3 3 0 3 9 9 9 1 1 1 1 0 3 0 0 6 7 1 0 7 0 0 1 0 0 9 1 7 1 7 9 9 3 1 9 6 3 3 7 9 9 0 9 5 3 4 0 9 2 9 9 7 7 3 3 6 1 8 1 7 3 3 6 7 5 0,1c65f00f7fd45850048d51b6565e6b4a51ac06728bf2321528db02538fedb7a3
supplement,2,13003,2,0.766016713091922,5 4 0 1 6 9 9 2 0 1 1 3 1 1 7 0 2 9 0 8 0 9 1 6 0 1 7 4 1 9 8 9 1 3 4 3 3 6 1 6 5 4 4 8 4 9 1 9 9 8 1 7 3 0 4 7 8 3 0 1 1 7 6 1 1 4 3 1 1 3 2 7 3 6 1 7 5 7 6 2 7 8 2 1 2 3 0 0 3 7 1 4 7 2 1 6 3 8 1 9 3 1 0 8 1 6 1 4 7 5 1 1 9 4 5 4 5 3 6 3 5 1 3 0 0 2 7 3 3 6 9 7 5 0 9 3 6 3 4 3 6 6 7 1 6 0 6 7 8 0 0 7 1 5 3 9 0 3 7 7 1 8 6 7 4 3 3 9 7 5 0 0 7 3 1 6 3 5 3 4 3 2 3 5 1 1 6 4 6 7 5 3 6 9 6 7 1 8 1 3 7 6 0 9 4 3 1 1 1 0 0 9 2 7 1 0 3 1 5 4 9 0 9 4 6 0 4 0 3 4 2 6 7 0 1 4 3 7 2 1 7 6 5 5 9 1 0 4 4 3 7 4 4 3 4 3 7 9 2 6 0 6 9 9 6 0 9 7 8 0 5 0 3 9 7 5 2 9 1 9 7 2 7 4 4 6 5 4 1 9 3 9 3 3 9 4 3 9 5 1 2 2 1 1 5 3 0 0 6 7 1 9 7 0 5 6 0 0 0 1 7 4 7 2 5 3 1 9 3 3 3 7 1 5 0 9 9 4 4 0 5 7 9 9 7 4 3 2 6 2 0 2 7 3 3 7 7 3 6,612cc3f40c8d2b4b1b782be9ef7c5ef551089bcf13532cbca449c9caf8162a2c
supplement,2,13003,3,0.8523676880222841,5 4 0 1 6 9 3 2 0 6 1 3 1 1 7 0 8 9 0 8 0 9 1 6 5 5 3 4 1 9 8 9 1 3 4 3 3 6 1 6 5 4 4 5 4 9 1 9 9 8 1 7 3 0 4 7 8 9 0 1 1 7 6 2 2 4 3 1 1 3 2 7 9 6 1 7 5 7 6 2 7 8 2 2 2 3 4 0 2 7 1 4 7 2 2 6 3 4 9 9 2 8 0 8 1 6 1 4 7 5 1 2 9 4 5 4 5 3 6 3 5 2 3 0 0 2 7 3 9 6 9 7 5 0 9 2 6 3 4 3 6 6 4 1 6 5 6 7 8 0 0 7 2 5 3 9 0 3 7 1 1 8 6 7 6 3 3 9 7 5 0 0 7 3 1 6 3 5 3 4 3 2 2 5 1 1 6 4 6 7 5 0 6 9 6 7 1 1 1 7 5 6 0 9 4 3 1 1 1 0 0 9 2 5 1 0 3 1 5 4 9 0 9 4 6 0 4 0 3 8 2 6 7 0 1 4 3 7 2 2 7 6 5 5 9 2 0 4 4 3 7 4 7 3 4 2 7 9 8 6 4 6 9 9 6 0 9 1 8 0 5 0 3 9 7 5 2 9 1 9 7 2 7 4 4 6 5 4 1 9 3 9 3 2 9 4 3 9 5 4 2 2 9 1 5 3 0 0 6 7 1 5 7 0 5 6 0 0 0 1 7 4 7 9 5 3 1 9 8 8 3 7 1 5 0 9 9 7 4 0 5 7 9 9 7 4 3 2 6 2 0 2 7 9 3 7 7 3 6,c6535397e5fcd5eeb0aaaf9f2ddd9727bf28ff7250f925227c49a235dd423c4d
supplement,2,13003,4,0.8690807799442897,5 4 0 1 6 9 9 2 0 6 1 3 1 1 7 0 8 9 5 8 0 9 1 6 5 5 3 4 1 9 8 9 8 3 4 3 3 6 1 6 5 4 4 5 4 9 1 9 9 8 1 7 3 0 4 7 8 9 0 5 1 7 6 2 1 4 3 1 1 3 2 7 9 6 1 7 5 9 6 2 7 8 2 2 2 3 4 0 2 7 1 4 7 2 2 6 3 8 1 9 2 1 0 7 1 6 1 4 7 5 1 2 9 4 5 4 5 3 6 3 5 2 3 0 0 2 7 3 9 6 9 7 5 0 9 2 6 9 4 3 6 6 7 1 6 5 6 7 8 0 0 7 2 5 3 9 0 3 7 8 1 6 6 7 6 3 3 9 7 5 0 0 7 3 1 6 3 5 3 4 3 2 2 5 1 1 6 4 6 7 5 0 6 9 6 7 1 1 1 7 8 6 0 9 4 3 2 1 1 0 0 9 2 5 4 0 3 1 5 4 9 0 9 4 6 0 4 0 3 7 2 6 7 0 1 4 3 7 2 2 7 6 5 5 9 2 0 4 4 2 7 4 7 3 4 2 7 9 2 6 4 6 9 9 6 0 9 7 8 0 5 0 3 9 7 5 2 9 1 9 7 2 7 4 4 6 5 4 1 9 3 1 3 2 9 4 3 9 5 4 2 2 9 1 5 3 0 0 6 7 1 5 7 0 5 6 0 0 0 1 7 4 9 2 5 3 1 9 8 8 3 7 8 5 0 9 9 7 4 0 5 7 9 9 7 4 3 2 6 2 0 2 7 3 3 7 7 3 6,494bbe9353be7980b212e7ab1012bc7ab529a487b27a70f82f72df518cc62e2e
supplement,2,13003,5,0.8857938718662952,5 4 0 1 6 9 9 2 0 6 1 3 1 1 7 0 8 9 5 8 0 9 1 6 5 5 3 4 1 9 8 9 8 3 4 3 3 6 1 6 5 4 4 5 4 9 1 9 9 8 1 7 3 0 4 7 8 9 0 5 1 7 6 2 1 4 3 1 1 3 2 7 9 6 1 7 5 5 6 2 7 1 2 2 2 3 4 0 2 7 8 4 7 2 2 6 3 8 1 9 2 8 0 7 1 6 1 4 7 5 1 2 9 4 5 4 5 3 6 3 5 2 3 0 0 2 7 3 9 6 9 7 5 0 9 2 6 3 4 3 6 6 4 1 6 5 6 7 8 0 0 7 2 5 3 9 0 3 7 8 1 8 6 8 6 3 3 9 7 5 0 0 8 3 1 6 3 5 3 4 3 2 2 5 5 1 6 4 6 7 5 3 6 9 6 7 1 1 1 7 5 6 0 9 4 3 1 1 1 0 0 9 2 5 4 0 3 1 5 4 9 0 9 4 6 0 4 0 3 8 2 6 7 0 1 4 8 7 2 2 7 6 5 5 9 2 0 4 4 8 7 4 7 3 4 2 7 9 8 6 4 6 9 9 6 0 9 7 8 0 5 0 3 9 7 5 2 9 1 9 7 8 7 4 4 6 5 4 1 9 3 1 3 2 9 4 3 5 5 4 2 2 9 1 5 3 0 0 6 7 1 5 7 0 5 6 0 0 0 1 7 4 7 2 5 3 1 9 8 8 8 7 8 5 0 9 9 7 4 0 5 7 9 9 7 4 3 2 6 2 0 2 7 3 3 7 7 3 6,33a4b71b5dff3ac850b5c2ede051f6e00e73cdc4b687fcbfe88b0be2c8c1b969
supplement,2,13004,1,0.5376044568245125,5 4 2 1 6 9 8 1 0 1 6 9 1 1 1 0 9 8 9 9 0 2 1 8 8 4 1 4 1 2 1 9 1 8 4 2 3 6 1 6 5 4 6 1 4 8 8 9 9 1 1 1 8 0 6 7 0 3 0 1 1 1 7 1 1 4 1 1 1 3 9 4 9 0 1 2 4 8 0 9 7 8 2 9 2 3 4 0 2 1 1 4 7 2 9 6 3 1 3 3 2 8 4 8 1 6 1 4 0 5 1 1 9 4 9 4 8 9 6 3 1 9 3 0 0 1 4 3 9 6 3 7 5 0 9 2 4 2 4 1 6 6 4 1 6 0 2 7 8 0 0 8 6 5 3 9 0 3 7 1 1 7 0 7 6 9 2 8 1 0 0 0 9 3 1 2 2 4 1 4 2 2 2 5 1 1 0 4 0 9 5 2 1 5 6 7 1 1 0 4 7 7 4 9 4 3 1 1 1 2 4 3 2 0 4 4 2 8 9 6 5 9 8 6 3 4 4 0 8 8 1 6 0 0 4 4 8 9 1 1 4 6 6 8 9 2 2 4 4 1 7 4 7 2 6 2 7 9 8 1 4 6 9 9 6 0 9 1 7 0 5 0 3 3 1 4 1 8 1 9 7 6 4 4 4 1 6 4 1 3 2 3 3 2 9 4 3 9 7 4 2 9 9 1 5 3 0 0 0 7 1 9 8 4 5 6 9 2 4 8 9 4 9 2 5 7 1 9 8 8 1 7 8 5 4 2 3 8 4 8 5 0 5 9 0 4 3 2 6 1 2 2 1 1 3 6 8 1 0,12f0873cde82cc675eb2ddf92a6014cf74d4b15b1f1412579a6ae8ab1bb5b1e7
supplement,2,13004,2,0.8272980501392758,5 4 0 1 6 9 8 1 4 1 1 3 1 1 1 0 8 8 9 8 0 3 1 6 5 5 1 4 1 9 8 9 8 3 4 3 3 6 1 6 5 4 4 1 4 9 1 9 9 8 1 1 3 0 4 7 8 3 0 1 1 7 6 1 1 4 3 1 1 3 2 7 3 0 1 7 5 8 6 2 7 8 2 2 2 3 4 0 2 1 1 4 7 2 2 6 3 1 1 9 2 8 0 8 1 6 1 4 7 5 1 2 9 4 5 4 5 3 6 3 5 2 3 0 0 2 7 3 9 6 9 7 5 0 9 2 6 3 4 3 6 6 4 1 6 9 6 7 8 0 0 7 2 5 3 9 0 3 7 7 1 8 6 7 6 3 3 8 7 5 0 0 1 3 1 6 3 5 3 4 3 2 2 5 5 1 6 4 4 7 5 3 6 5 6 7 1 1 1 4 5 9 0 9 4 3 1 1 1 0 0 9 2 5 4 0 3 1 9 4 9 0 3 4 6 4 4 0 3 7 2 6 7 0 1 4 8 7 2 1 7 6 5 5 9 2 0 4 4 7 7 4 7 3 4 2 7 9 8 6 4 6 9 9 6 0 9 1 8 0 5 0 3 9 7 5 2 8 1 9 7 8 7 4 4 1 4 4 1 9 3 1 3 2 9 4 8 9 5 1 2 2 9 1 5 3 0 0 6 7 1 5 7 0 5 6 0 0 4 8 7 4 9 2 5 8 1 9 8 8 1 7 1 5 0 5 3 7 4 0 5 7 5 9 7 4 3 2 6 2 0 2 7 8 3 7 7 1 6,4fc6a4ff56491c230e6b873167668cb93a95a3f31f9622974f54bb4cbacf10ee
supplement,2,13004,3,0.8802228412256268,5 4 0 1 6 9 8 2 0 6 1 3 1 1 7 0 8 8 9 8 0 3 1 6 5 5 3 4 1 3 8 9 8 3 4 3 3 6 1 6 5 4 4 1 4 9 8 9 9 8 1 7 3 0 4 7 8 3 0 5 1 7 6 2 1 4 3 1 1 3 2 7 3 6 1 7 5 8 6 2 7 8 2 2 2 3 4 0 2 7 1 4 7 2 2 6 3 8 1 3 2 8 0 8 1 6 1 4 7 5 1 2 9 4 5 4 5 3 6 3 5 2 3 0 0 2 7 3 9 6 9 7 5 0 9 2 6 3 4 3 6 6 7 1 6 5 6 7 8 0 0 7 2 5 3 9 0 3 7 7 1 8 6 7 6 3 3 4 7 5 0 0 1 3 1 6 3 5 3 4 3 2 2 5 5 8 6 4 6 7 5 0 6 5 6 7 1 1 1 4 7 6 0 9 4 3 1 1 1 0 0 3 2 5 4 0 3 1 5 4 3 0 8 4 6 0 4 0 3 8 2 6 7 0 1 4 8 7 2 2 7 6 5 5 9 2 0 4 4 8 7 4 7 3 4 2 7 9 8 6 4 6 9 9 6 0 9 7 1 0 5 0 3 9 7 5 2 3 1 9 7 8 7 4 4 6 5 4 1 9 3 1 3 2 9 4 8 9 5 1 2 2 3 1 5 3 0 0 6 7 1 5 7 0 5 6 0 0 0 8 8 4 9 2 5 8 1 9 8 8 8 7 8 5 0 5 8 7 4 0 5 7 9 9 7 4 3 2 6 2 0 2 7 8 3 7 7 1 6,33982669213bf87ec75768d4a37aadd062ae2f3b77d53be334026505c4a22c10
supplement,2,13004,4,0.8885793871866295,5 4 0 1 6 9 8 2 0 6 1 3 1 1 7 0 8 8 9 8 0 3 1 6 5 5 7 4 1 9 8 9 8 3 4 3 3 6 1 6 5 4 4 1 4 9 8 9 9 8 2 7 3 0 4 7 8 3 0 5 1 7 6 2 1 4 3 1 1 3 2 7 3 6 1 7 5 8 6 2 7 1 2 2 2 3 4 0 2 7 1 4 7 2 2 6 3 7 1 9 2 8 0 7 1 6 1 4 7 5 1 2 9 4 5 4 5 3 6 3 5 2 3 0 0 2 7 3 9 6 3 7 5 0 9 2 6 3 4 3 6 6 7 1 6 5 6 7 8 0 0 7 2 5 3 9 0 3 7 7 1 8 6 7 6 3 3 1 7 5 0 0 7 3 1 6 3 5 3 4 3 2 2 5 5 8 6 4 6 7 5 0 6 5 6 7 1 1 1 7 7 6 0 9 4 3 2 1 1 0 0 9 2 5 4 0 3 1 5 4 3 0 8 4 6 0 4 0 3 7 2 6 7 0 1 4 8 7 2 2 7 6 5 5 9 2 0 4 4 8 7 4 7 8 4 2 7 9 8 6 4 6 9 9 6 0 9 7 8 0 5 0 3 9 7 5 2 3 1 9 7 8 7 4 4 6 5 4 1 1 3 1 3 2 9 4 8 9 5 4 2 2 9 1 5 3 0 0 6 7 1 5 7 0 5 6 0 0 0 8 7 4 9 2 5 3 1 9 8 8 8 7 8 5 0 5 3 7 4 0 5 7 9 9 7 4 3 2 6 2 0 2 7 8 3 7 7 1 6,8e79e6726a29e3838f83d680b57e973da9f2f450535faf9fdd7a5d00e57119e9
supplement,2,13004,5,0.9052924791086351,5 4 0 1 6 9 9 2 0 6 1 3 1 1 7 0 8 8 5 8 0 3 1 6 5 5 3 4 1 3 8 9 8 3 4 3 3 6 1 6 5 4 4 1 4 9 1 9 9 8 8 7 3 0 4 7 8 9 0 5 1 7 6 2 1 4 3 1 1 3 2 7 3 6 1 7 5 8 6 2 7 2 2 2 2 3 4 0 2 7 1 4 7 2 2 6 3 2 1 9 2 8 0 7 1 6 1 4 7 5 1 2 9 4 5 4 5 3 6 3 5 2 3 0 0 2 7 3 9 6 9 7 5 0 9 2 6 3 4 3 6 6 7 1 6 5 6 7 8 0 0 7 2 5 3 9 0 3 7 7 7 8 6 7 6 3 3 1 7 5 0 0 7 3 1 6 3 5 3 4 3 2 2 5 5 8 6 4 6 7 5 0 6 5 6 7 1 1 1 7 7 6 0 9 4 3 2 1 1 0 0 9 2 5 4 0 3 1 5 4 9 0 9 4 6 0 4 0 3 7 2 6 7 0 1 4 8 7 2 2 7 6 5 5 9 2 0 4 4 7 7 4 7 3 4 2 7 9 8 6 4 6 9 9 6 0 9 7 8 0 5 0 3 9 7 5 2 3 1 9 7 8 7 4 4 6 5 4 1 1 3 1 3 2 9 4 8 9 5 4 2 2 3 1 5 3 0 0 6 7 1 5 7 0 5 6 0 0 0 8 7 4 9 2 5 3 1 9 8 8 8 7 8 5 0 5 3 7 4 0 5 7 9 9 7 4 3 2 6 2 0 2 7 8 3 7 7 3 6,617a8cd01703574a737bd179ed77750326c00fd36bbb7fc8a19bb2c41b10b375
supplement,2,13005,1,0.6768802228412256,5 4 0 2 6 9 9 2 6 8 6 3 1 1 2 0 1 8 8 8 0 8 2 6 9 5 1 4 1 8 1 8 1 3 4 3 3 6 2 6 5 4 4 6 4 8 1 9 9 9 1 7 3 0 6 7 8 2 0 1 1 2 6 2 2 4 3 2 1 3 2 7 0 6 1 7 5 1 6 2 7 2 2 2 2 3 4 0 3 2 1 4 7 2 2 6 3 2 1 8 0 1 0 8 1 6 1 4 7 5 1 8 9 4 5 3 5 3 8 3 1 2 3 0 0 2 7 8 8 6 8 7 5 0 8 2 6 5 4 5 6 6 7 2 6 8 8 7 8 0 0 7 2 5 3 8 0 3 7 1 1 1 6 1 6 3 3 1 7 5 0 0 1 3 2 8 2 5 8 4 3 2 2 8 1 8 6 4 8 9 8 3 6 5 6 7 1 1 1 7 1 8 0 8 1 2 2 2 2 0 0 9 2 6 1 0 9 1 5 4 8 6 8 4 6 8 1 0 2 4 2 6 7 0 1 4 8 7 2 2 7 6 6 8 8 2 0 7 4 1 7 7 7 9 4 7 7 9 8 0 6 6 8 9 6 0 8 7 9 0 5 0 3 0 7 6 2 1 1 9 7 8 7 1 4 6 5 7 2 1 3 1 0 0 8 4 8 5 5 4 2 2 1 1 5 3 0 6 6 9 1 5 7 0 5 6 0 0 0 8 7 4 3 1 5 3 1 9 8 1 1 7 1 7 6 9 8 7 4 0 5 7 0 8 7 6 3 2 6 2 0 2 7 5 3 1 7 1 6,e026eafac48e150045131e1b57ca125a3da71d33f5140cd26248452c8a37c1ad
supplement,2,13005,2,0.8635097493036211,5 4 0 1 6 9 9 2 0 6 6 3 1 1 8 0 8 8 5 8 0 3 1 6 9 5 1 4 1 9 1 9 8 3 4 3 3 6 1 6 5 4 4 5 4 9 1 9 9 1 1 7 3 0 4 7 8 3 0 5 1 7 6 2 1 4 3 1 1 3 2 7 3 6 1 7 5 5 6 2 7 1 2 2 2 3 4 0 2 7 1 4 7 2 2 6 3 1 1 9 2 8 0 8 1 6 1 4 7 5 1 2 9 4 5 4 5 3 6 3 5 2 3 0 0 2 7 8 9 6 9 7 5 0 9 2 6 9 4 3 6 6 7 2 6 5 6 7 8 0 0 7 2 5 3 9 0 3 7 1 1 1 6 3 6 3 3 9 7 5 0 0 1 3 1 6 3 5 3 4 3 2 2 5 1 8 6 4 6 7 5 3 6 9 6 7 1 1 1 4 1 6 0 9 4 3 2 1 1 0 0 9 2 5 4 0 3 1 5 4 9 0 8 4 6 8 1 0 3 1 2 6 7 0 1 4 8 7 2 2 7 6 5 5 9 2 0 4 4 1 7 4 7 8 4 2 7 9 8 5 4 6 9 9 6 0 9 7 8 0 5 0 3 3 7 5 2 3 1 9 7 8 7 4 4 6 5 4 1 9 3 1 3 2 9 4 8 5 5 4 2 2 9 1 5 3 0 0 6 9 1 5 7 0 5 6 0 0 0 1 5 4 7 2 5 3 1 9 8 8 5 7 8 5 0 9 8 7 4 0 5 7 0 9 7 4 3 2 6 2 0 2 7 8 3 7 7 1 6,9005e8cc219d15346c36a8497e24c18451c364e727eb2e2b70389e28bd00a8d4
supplement,2,13005,3,0.8635097493036211,5 4 0 1 6 9 9 2 0 2 6 3 1 1 8 0 8 9 5 8 0 3 1 6 5 5 3 4 1 3 8 9 8 3 4 3 3 6 1 6 5 4 4 5 4 9 8 9 9 1 1 7 3 0 4 7 8 3 0 5 1 7 6 2 2 4 3 1 1 3 2 7 3 6 1 7 5 5 6 2 7 1 2 2 2 3 4 0 2 7 8 4 7 2 2 6 3 1 1 9 2 8 0 8 1 6 1 4 7 5 1 2 9 4 5 4 5 3 6 3 5 2 3 0 0 2 7 9 9 6 9 7 5 0 9 2 6 3 4 3 6 6 7 2 6 5 6 7 8 0 0 7 2 5 3 9 0 3 7 5 1 8 6 2 6 3 3 9 7 5 0 0 8 3 2 6 3 5 3 4 3 2 2 5 5 8 6 4 6 5 5 0 6 5 6 7 1 1 1 7 5 6 0 9 4 3 2 1 1 0 0 9 2 5 4 0 2 1 5 4 9 0 9 4 6 5 4 0 3 7 2 6 7 0 1 4 8 5 2 2 7 6 5 5 9 2 0 4 4 1 7 4 7 8 4 2 7 9 8 5 4 6 9 9 6 0 9 7 8 0 5 0 3 3 7 5 2 3 1 9 7 8 4 4 4 6 5 4 1 9 3 1 3 2 9 4 5 5 5 4 2 2 9 1 5 3 0 0 6 7 1 5 7 0 5 6 0 0 0 1 5 4 7 2 5 3 1 9 8 8 5 7 8 5 0 9 9 7 4 0 5 7 0 9 7 4 3 2 6 2 0 2 7 8 3 7 7 1 6,ab846f64070a3455ebe362c2b9f832b4125eb002987cdefd2aeea2b5f2610759
supplement,2,13005,4,0.8941504178272981,5 4 0 1 6 9 9 2 0 6 6 3 1 1 7 0 8 9 5 8 0 3 1 6 5 5 3 4 1 9 8 9 8 3 4 3 3 6 1 6 5 4 4 5 4 9 1 9 9 1 2 7 3 0 4 7 8 9 0 5 1 7 6 2 2 4 3 1 1 3 2 7 3 6 1 7 5 5 6 2 7 1 2 2 2 3 4 0 2 7 8 4 7 2 2 6 3 1 1 9 2 8 0 8 1 6 1 4 7 5 1 2 9 4 5 4 5 3 6 3 5 2 3 0 0 2 7 8 9 6 9 7 5 0 9 2 6 3 4 3 6 6 7 2 6 5 6 7 8 0 0 7 2 5 3 9 0 3 7 1 8 8 6 8 6 3 3 9 7 5 0 0 8 3 1 6 3 5 3 4 3 2 2 5 5 8 6 4 6 7 5 3 6 9 6 7 1 1 1 7 8 6 0 9 4 3 2 1 1 0 0 9 2 5 4 0 3 1 5 4 9 0 9 4 6 0 4 0 3 8 2 6 7 0 1 4 8 7 2 2 7 6 5 5 9 2 0 4 4 8 7 4 7 8 4 2 7 9 8 6 4 6 9 9 6 0 9 1 8 0 5 0 3 9 7 5 2 2 1 9 7 8 7 4 4 6 5 4 1 9 3 1 3 2 9 4 8 5 5 4 2 2 9 1 5 3 0 0 6 7 1 5 7 0 5 6 0 0 0 1 5 4 9 2 5 3 1 9 8 8 8 7 8 5 0 9 9 7 4 0 5 7 0 9 7 4 3 2 6 2 0 2 7 8 3 7 7 1 6,b3e993f0f4d2fc7df8d04ed40d2710f3d1d65c23e184a9bf3616eaf5e4b55e7c
supplement,2,13005,5,0.8969359331476323,5 4 0 1 6 9 9 2 6 6 6 3 1 1 7 0 8 9 5 8 0 9 1 6 5 5 1 4 1 9 8 9 8 3 4 3 3 6 1 6 5 4 4 5 4 9 8 9 9 1 1 7 3 0 4 7 8 9 0 5 1 7 6 2 2 4 3 1 1 3 2 7 9 6 1 7 5 5 6 2 7 1 2 2 2 3 4 0 2 7 8 4 7 2 2 6 3 1 1 9 2 8 0 8 1 6 1 4 7 5 1 2 9 4 5 4 5 3 6 3 5 2 3 0 0 2 7 9 9 6 9 7 5 0 9 2 6 9 4 3 6 6 7 1 6 5 6 7 8 0 0 7 2 5 3 9 0 3 7 7 1 8 6 8 6 3 3 9 7 5 0 0 8 3 1 6 3 5 3 4 3 2 2 5 5 1 6 4 6 7 5 3 6 5 6 7 1 1 1 7 5 6 0 9 4 3 1 1 1 0 0 9 2 5 4 0 3 1 5 4 9 0 9 4 6 0 4 0 3 8 2 6 7 0 1 4 8 7 2 2 7 6 5 5 9 2 0 4 4 8 7 4 7 8 4 2 7 9 8 5 4 6 9 9 6 0 9 7 8 0 5 0 3 9 7 5 2 2 1 9 7 8 7 4 4 6 5 4 1 9 3 1 3 2 9 4 8 5 5 4 2 2 9 1 5 3 0 0 6 7 1 5 7 0 5 6 0 0 0 8 5 4 9 2 5 3 1 9 8 8 5 7 8 5 0 9 9 7 4 0 5 7 0 9 7 4 3 2 6 2 0 2 7 8 3 7 7 1 6,2c9405ba2020ccebae3ba0981fdbb25842a7b86b14deacc1d6241a04ea21c740
supplement,2,13006,1,0.5766016713091922,8 9 0 1 0 9 9 1 6 0 0 1 1 1 4 0 1 7 5 4 0 3 1 0 8 4 3 4 1 5 4 9 1 3 4 3 3 6 1 0 5 4 4 6 4 9 1 2 9 1 1 3 3 2 4 3 8 3 0 8 1 4 6 1 1 4 3 1 1 3 2 3 0 0 1 7 5 9 0 2 3 1 2 0 2 3 4 0 2 4 1 6 3 5 2 0 3 1 1 3 3 0 4 3 1 6 1 4 2 5 1 0 9 4 5 6 8 3 0 3 8 2 3 0 0 1 9 3 0 0 9 7 5 0 9 2 0 0 4 3 0 6 4 1 0 5 6 3 1 0 0 1 5 9 3 9 0 3 3 8 4 1 6 2 0 3 3 1 5 5 0 0 2 3 1 0 3 5 1 4 3 2 2 9 8 1 6 4 0 9 7 0 6 5 0 1 1 1 1 7 9 0 0 9 1 3 1 1 1 0 5 9 2 5 6 0 3 1 9 4 9 0 2 4 0 0 4 0 7 3 2 6 3 0 1 4 7 4 2 2 1 6 5 8 9 2 0 4 4 3 1 4 3 0 4 2 2 2 2 8 4 6 0 0 0 4 0 1 1 0 5 0 3 2 2 5 2 3 1 2 2 7 4 6 4 0 5 4 1 1 8 1 3 2 9 0 8 9 4 4 2 2 0 1 5 3 0 0 6 9 1 9 2 0 3 0 0 0 0 1 8 4 9 8 5 9 1 9 0 8 8 1 4 5 0 5 9 7 4 0 8 8 8 9 9 4 3 2 8 2 0 8 4 4 3 7 4 8 6,261809d73e8ec08444eb375b5519250a09d3375b5704c48f889fb72be325e261
supplement,2,13006,2,0.8217270194986073,5 4 0 1 0 9 9 2 4 6 1 2 1 1 9 0 8 9 5 8 0 3 1 6 5 5 3 4 1 5 8 9 8 3 4 3 3 6 1 6 5 4 4 6 4 9 1 9 3 1 1 2 3 0 4 7 8 3 0 5 1 4 6 2 1 4 3 1 1 3 2 7 3 6 1 7 5 9 6 2 7 1 2 1 2 3 4 0 2 4 4 4 7 2 2 6 3 1 1 3 2 0 0 4 1 6 1 4 7 5 1 2 9 4 5 4 5 3 6 3 5 2 3 0 0 2 4 3 9 6 9 7 5 0 9 2 6 3 4 3 6 6 4 1 6 5 6 7 1 0 0 7 2 5 3 9 0 3 7 8 4 7 6 2 6 3 3 1 5 5 0 0 7 3 1 6 3 5 3 4 3 2 2 5 3 1 6 4 6 7 5 0 6 5 6 7 1 1 1 4 5 6 0 9 4 3 1 1 1 0 0 9 2 5 4 0 3 1 5 4 9 0 9 4 6 0 4 0 3 7 2 6 2 0 1 4 8 7 2 2 4 6 5 5 9 2 0 4 4 8 7 4 7 8 4 2 7 9 2 6 4 6 9 3 6 0 9 1 1 0 5 0 3 9 2 5 2 3 1 0 2 8 4 4 4 6 5 4 1 1 3 1 3 2 9 4 8 9 5 4 2 2 9 1 5 3 0 0 6 9 1 5 7 0 5 6 0 0 0 1 2 4 9 2 5 9 1 9 8 8 8 7 8 5 0 0 9 4 4 0 5 7 0 9 7 4 3 2 4 2 0 2 7 8 3 7 7 8 6,2a1c462e0eb80ed065064177cbf81b6287dab8b89470744e4e49bff2d68ecfeb
supplement,2,13006,3,0.8690807799442897,5 4 0 1 6 9 9 2 0 6 1 3 1 1 7 0 1 9 5 8 0 3 1 6 5 5 3 4 1 9 8 9 8 3 4 3 3 6 1 6 5 4 4 4 4 9 1 9 9 1 1 2 3 0 4 7 8 3 0 5 1 7 6 2 1 4 3 1 1 3 2 7 3 6 1 7 5 9 6 2 7 1 2 2 2 3 4 0 2 4 8 4 7 2 2 6 3 1 1 9 2 8 0 7 1 6 1 4 7 5 1 2 9 4 5 4 5 3 6 3 5 2 3 0 0 2 7 8 9 6 9 7 5 0 9 2 6 3 4 3 6 6 4 1 6 5 6 7 1 0 0 7 2 5 3 9 0 3 7 8 1 8 6 8 6 3 3 1 7 5 0 0 8 3 1 6 3 5 3 4 3 2 2 5 8 1 6 4 6 7 5 0 6 5 6 7 1 1 1 7 5 6 0 9 4 3 1 1 1 0 0 9 2 5 4 0 3 1 5 4 9 0 9 4 6 0 4 0 3 7 2 6 2 0 1 4 8 7 2 2 7 6 5 5 9 2 0 4 4 2 7 4 7 8 4 2 7 9 8 6 4 6 9 9 6 0 9 1 1 0 5 0 3 9 2 5 2 3 1 9 2 8 7 4 4 6 5 4 1 1 3 1 3 2 9 4 8 9 5 4 2 2 9 1 5 3 0 0 6 7 1 5 7 0 5 6 0 0 0 1 7 4 9 2 5 3 1 9 8 8 8 7 8 5 0 9 9 7 4 0 5 7 0 9 7 4 3 2 6 2 0 2 7 8 3 7 7 3 6,c4b261e319719bc917d4bed226d2bc756c3c578ea468a75c28600c8ae4aebdef
supplement,2,13006,4,0.8885793871866295,5 4 0 1 6 9 9 2 6 6 1 3 1 1 7 0 8 8 5 8 0 3 1 6 5 5 3 4 1 9 8 9 8 3 4 3 3 6 1 6 5 4 4 5 4 9 8 9 9 1 1 7 3 0 4 7 7 3 0 5 1 7 6 2 1 4 3 1 1 3 2 7 9 6 1 7 5 9 6 2 7 1 2 2 2 3 4 0 2 7 8 4 7 2 2 6 3 1 1 9 2 8 0 7 1 6 1 4 7 5 1 2 9 4 5 4 5 3 6 3 5 2 3 0 0 2 7 3 9 6 9 7 5 0 9 2 6 3 4 3 6 6 4 1 6 5 6 7 8 0 0 7 2 5 3 9 0 3 7 8 8 8 6 8 6 3 3 9 7 5 0 0 8 3 1 6 3 5 3 4 3 2 2 5 8 1 6 4 6 7 5 3 6 9 6 7 1 1 1 7 8 6 0 9 4 3 1 1 1 0 0 9 2 5 4 0 3 1 5 4 9 0 9 4 6 0 4 0 3 7 2 6 7 0 1 4 8 7 2 2 7 6 5 5 9 2 0 4 4 8 7 4 7 8 4 2 7 9 8 6 4 6 9 9 6 0 9 1 8 0 5 0 3 9 2 5 2 3 1 9 7 8 7 4 4 6 5 4 1 1 3 1 3 2 9 4 8 9 5 4 2 2 9 1 5 3 0 0 6 7 1 5 7 0 5 6 0 0 0 1 7 4 9 2 5 3 1 9 8 8 8 7 8 5 0 9 9 7 4 0 5 7 9 9 7 4 3 2 6 2 0 2 7 8 3 7 7 8 6,f9efe5beb6f4c23d777443df6f98a5ec2b010664c4f518327f00afd395039333
supplement,2,13006,5,0.9052924791086351,5 4 0 1 6 9 9 2 6 6 6 3 1 1 7 0 8 9 5 8 0 3 1 6 5 5 3 4 1 9 8 9 8 3 4 3 3 6 1 6 5 4 4 5 4 9 8 9 9 1 1 7 3 0 4 7 7 9 0 5 1 7 6 2 1 4 3 1 1 3 2 7 3 6 1 7 5 9 6 2 7 1 2 2 2 3 4 0 2 7 8 4 7 2 2 6 3 1 1 9 2 8 0 7 1 6 1 4 7 5 1 2 9 4 5 4 5 3 6 3 5 2 3 0 0 2 7 3 9 6 9 7 5 0 9 2 6 3 4 3 6 6 7 1 6 5 6 7 8 0 0 7 2 5 3 9 0 3 7 8 1 8 6 8 6 3 3 1 7 5 0 0 7 3 1 6 3 5 3 4 3 2 2 5 8 1 6 4 6 7 5 3 6 5 6 7 1 1 1 7 8 6 0 9 4 3 1 1 1 0 0 9 2 5 4 0 3 1 5 4 9 0 9 4 6 0 4 0 3 8 2 6 7 0 1 4 8 7 2 2 7 6 5 5 9 2 0 4 4 8 7 4 7 8 4 2 7 9 8 6 4 6 9 9 6 0 9 1 8 0 5 0 3 9 7 5 2 2 1 9 7 8 7 4 4 6 5 4 1 1 3 1 3 2 9 4 8 9 5 4 2 2 9 1 5 3 0 0 6 7 4 5 7 0 5 6 0 0 0 1 7 4 9 2 5 3 1 9 8 8 8 7 8 5 0 9 9 7 4 0 5 7 9 9 7 4 3 2 6 2 0 2 7 8 3 7 7 8 6,51ca64e7b2c37e1df1c596f22b863d981298219cf133d150b52e464f3d0ba5bf
supplement,2,13007,1,0.649025069637883,5 1 0 1 6 9 5 2 4 2 6 3 4 1 7 0 8 5 5 8 0 0 1 6 9 5 7 4 0 9 1 9 1 7 4 5 5 6 4 6 5 4 4 0 4 0 1 9 3 0 2 7 0 0 4 7 7 9 0 5 1 3 6 2 1 4 5 1 4 5 2 7 2 6 1 7 5 4 6 2 7 1 2 2 2 5 6 0 7 8 8 4 1 2 2 6 9 1 1 5 2 3 0 7 1 6 1 4 7 5 8 2 9 4 5 5 5 3 6 3 2 2 9 0 0 3 7 7 9 6 9 7 5 0 9 2 6 2 1 0 6 6 5 6 6 9 6 7 1 0 0 0 1 5 2 9 0 7 7 7 8 1 6 7 6 9 2 0 7 5 0 0 8 1 1 6 3 5 0 4 7 2 2 5 2 8 6 4 6 1 5 3 6 9 6 7 4 8 1 5 5 6 0 9 4 2 1 4 1 0 0 9 2 5 4 0 2 1 5 4 9 6 3 4 6 6 4 0 3 8 2 6 7 0 1 4 7 1 2 2 7 6 2 9 9 2 0 4 4 8 4 4 7 1 4 2 7 9 8 3 0 6 9 2 6 0 9 1 3 0 1 0 2 9 7 8 2 0 1 9 7 3 1 4 4 6 5 4 5 3 2 0 7 2 9 4 5 5 5 4 2 2 9 2 5 3 0 0 6 1 1 5 4 0 5 6 0 0 0 4 7 4 0 4 5 0 1 9 8 6 5 7 8 5 0 9 7 7 4 0 5 7 0 9 1 6 9 2 8 2 0 2 1 3 5 7 5 1 6,385bbee6f85dd3783b7985c15a37eece09bf598416c505bcd1fa838a8ed553fd
supplement,2,13007,2,0.8384401114206128,5 4 0 1 6 9 9 2 6 2 6 3 1 1 7 0 2 7 5 8 0 3 1 6 9 5 7 4 1 9 8 9 8 3 4 2 3 6 1 6 5 4 4 4 4 9 1 9 3 8 2 7 3 0 4 7 7 9 0 5 8 7 6 2 1 4 3 1 1 5 2 7 9 6 1 7 5 1 6 2 7 2 2 2 2 3 4 0 2 7 8 4 7 2 2 6 3 2 1 9 2 6 0 5 1 6 1 4 7 5 8 2 9 4 5 5 5 3 6 3 5 2 3 0 0 2 7 8 9 6 9 7 5 0 9 2 6 3 4 3 6 6 7 2 6 9 6 7 8 0 0 7 2 5 3 9 0 3 7 8 8 1 6 2 6 3 3 1 7 5 0 0 8 3 1 6 3 5 3 4 3 2 2 5 2 8 6 4 6 7 5 3 6 9 6 7 1 8 1 1 5 6 0 9 4 3 2 1 1 0 0 9 2 5 4 0 3 1 5 4 9 0 9 4 6 6 4 0 3 8 2 6 7 0 1 4 7 7 2 2 7 6 5 5 2 2 0 4 4 8 7 4 7 0 4 2 7 9 8 6 4 6 9 3 6 0 9 1 3 0 5 0 3 9 7 5 2 3 1 9 7 8 7 4 4 6 5 4 1 3 3 1 3 2 9 4 2 5 5 4 2 2 3 1 5 3 0 0 6 7 1 5 7 0 5 6 0 0 0 1 8 4 7 2 5 3 1 9 8 8 5 7 8 5 0 9 9 7 4 0 5 7 0 9 7 4 9 2 6 2 0 2 7 3 3 7 7 2 6,1aa6e63de58b64b66a07e6868647e403826dcaa0dfb26d6e1f45404686905d8b
supplement,2,13007,3,0.8690807799442897,5 4 0 1 6 9 9 2 0 6 6 3 1 1 7 0 8 9 5 8 0 3 1 6 9 5 7 4 1 9 8 9 8 3 4 3 3 6 1 6 5 4 4 1 4 9 1 9 3 8 1 7 3 0 4 7 7 9 0 5 1 7 6 2 1 4 3 1 1 3 2 7 9 6 1 7 5 5 6 2 7 1 2 2 2 3 4 0 2 7 8 4 7 2 2 6 3 1 1 5 2 1 0 7 1 6 1 4 7 5 1 2 9 4 5 4 5 3 6 3 5 2 3 0 0 2 7 3 9 6 9 7 5 0 9 2 6 3 4 3 6 6 4 1 6 5 6 7 8 0 0 7 2 5 3 9 0 3 7 8 8 1 6 2 6 3 3 1 7 5 0 0 8 3 1 6 3 5 3 4 3 2 2 5 8 8 6 4 6 7 5 0 6 9 6 7 1 1 1 7 8 6 0 9 4 3 1 1 1 0 0 9 2 5 4 0 3 1 5 4 9 0 9 4 6 0 4 0 3 8 2 6 7 0 1 4 8 7 2 2 7 6 5 5 9 2 0 4 4 8 7 4 4 8 4 2 7 9 8 6 4 6 9 3 6 0 9 1 8 0 5 0 3 9 7 5 2 3 1 9 7 8 7 4 4 6 5 4 1 3 3 1 3 2 9 4 8 5 5 4 2 2 3 1 5 3 0 0 6 7 1 5 7 0 5 6 0 0 0 1 8 4 9 3 5 3 1 9 8 8 5 7 8 5 0 9 9 7 4 0 5 7 9 9 7 4 3 2 6 2 0 2 7 3 3 7 7 2 6,8c48c904c345a1f880d2db7bdcafeeca110360cca1f94b31bddc9a0234c19738
supplement,2,13007,4,0.8746518105849582,5 4 0 1 6 9 9 2 0 6 4 3 1 1 7 0 2 8 5 8 0 3 1 6 9 5 7 4 1 9 8 9 8 3 4 3 3 6 1 6 5 4 4 1 4 9 1 9 3 2 2 7 3 0 4 7 7 9 0 5 1 7 6 2 1 4 3 1 1 3 2 7 3 6 1 7 5 5 6 2 7 1 2 2 2 3 4 0 2 7 8 4 7 2 2 6 3 1 1 9 2 8 0 7 1 6 1 4 7 5 1 2 9 4 5 4 5 3 6 3 5 2 3 0 0 2 7 8 9 6 3 7 5 0 9 2 6 3 4 3 6 6 4 1 6 5 6 7 8 0 0 7 2 5 3 9 0 3 7 8 8 8 6 2 6 3 3 1 7 5 0 0 8 3 1 6 3 5 3 4 3 2 2 5 2 1 6 4 6 7 5 0 6 9 6 7 1 1 1 7 8 6 0 9 4 3 1 1 1 0 0 9 2 5 4 0 3 1 5 4 9 0 9 4 6 0 4 0 3 8 2 6 7 0 1 4 8 7 2 2 7 6 5 5 9 2 0 4 4 8 7 4 4 8 4 2 7 9 8 6 4 6 9 3 6 0 9 1 3 0 5 0 3 9 7 5 2 3 1 9 7 2 7 4 4 6 5 4 1 3 3 1 3 2 9 4 8 5 5 4 2 2 3 1 5 3 0 0 6 7 1 5 7 0 5 6 0 0 0 8 8 4 9 2 5 3 1 9 8 8 5 7 8 5 0 9 3 7 4 0 5 7 9 9 7 4 3 2 6 2 0 2 7 8 3 7 7 1 6,e2dbf81c754635b2e4acb47171f8e8f130d42e1e17ca1510cbf0e7108ea3f9b7
supplement,2,13007,5,0.8802228412256268,5 4 0 1 6 9 9 2 6 6 4 3 1 1 7 0 8 9 5 8 0 3 1 6 9 5 7 4 1 9 8 9 8 3 4 3 3 6 1 6 5 4 4 5 4 9 1 9 9 1 2 7 3 0 4 7 7 9 0 5 1 7 6 2 1 4 3 1 1 3 2 7 9 6 1 7 5 5 6 2 7 1 2 2 2 3 4 0 2 7 8 4 7 2 2 6 3 1 1 9 2 8 0 7 1 6 1 4 7 5 1 2 9 4 5 4 5 3 6 3 5 2 3 0 0 2 7 8 9 6 9 7 5 0 9 2 6 3 4 3 6 6 4 1 6 9 6 7 8 0 0 7 2 5 3 9 0 3 7 8 1 6 6 8 6 3 3 1 7 5 0 0 8 3 1 6 3 5 3 4 3 2 2 5 5 1 6 4 6 7 5 3 6 9 6 7 1 1 1 7 8 6 0 9 4 3 1 1 1 0 0 9 2 5 4 0 3 1 5 4 9 0 9 4 6 0 4 0 3 8 2 6 7 0 1 4 8 7 2 2 7 6 5 5 9 2 0 4 4 8 7 4 7 8 4 2 7 9 8 6 4 6 9 9 6 0 9 1 8 0 5 0 3 9 7 5 2 3 1 9 7 2 7 4 4 6 5 4 1 9 3 1 3 2 9 4 8 9 5 4 2 2 9 1 5 3 0 0 6 7 1 5 7 0 5 6 0 0 0 1 7 4 9 2 5 3 1 9 8 8 5 7 8 5 0 9 9 7 4 0 5 7 9 9 7 4 3 2 6 2 0 2 7 8 3 7 7 3 6,2dd8acd4abe5b2fa89dc41096862a10a715c3b7df81a42d817503425ed6f0547
supplement,2,13008,1,0.5821727019498607,5 4 0 1 0 2 2 2 6 6 0 8 1 8 5 0 6 3 5 2 0 8 7 6 0 5 1 4 2 5 8 5 8 1 4 3 1 6 1 6 7 4 4 2 0 8 8 2 9 9 2 4 9 0 6 7 5 9 0 3 1 7 6 2 1 4 2 1 9 3 2 7 9 6 7 7 5 9 6 2 7 0 1 8 2 3 0 0 2 7 5 0 7 0 8 6 1 0 9 5 2 8 0 5 1 6 7 0 7 5 1 2 9 0 5 7 5 1 8 3 5 2 1 0 0 5 7 1 4 6 9 7 5 0 9 2 6 4 4 3 0 6 9 2 6 5 2 7 8 0 0 7 8 5 3 0 0 0 7 5 2 6 6 2 6 0 3 9 2 5 0 0 2 2 1 6 8 5 5 4 3 2 2 5 3 2 6 4 6 5 5 0 6 1 6 7 0 5 9 3 5 6 0 0 4 1 1 7 1 0 5 3 2 5 4 0 2 1 5 4 1 0 0 4 6 2 4 0 8 1 2 6 2 0 9 4 9 9 2 2 9 6 5 5 2 2 0 7 4 9 7 4 9 6 4 2 7 2 2 6 0 6 4 0 6 0 2 7 6 0 5 0 3 4 2 5 2 0 2 0 7 2 7 4 0 6 5 5 1 0 3 0 0 2 4 4 5 8 5 4 2 2 4 1 5 1 0 0 6 9 1 5 7 0 5 6 0 0 0 9 5 4 7 0 5 1 1 0 2 2 1 7 8 5 0 8 9 9 4 0 5 7 4 0 7 0 3 2 6 2 0 2 7 2 5 7 7 7 6,2e92ed59e50748be776b20900327c8ec847c0077bf57cbfba45b3661a6a2d910
supplement,2,13008,2,0.8189415041782729,5 4 0 1 6 9 9 2 6 6 6 3 1 1 7 0 1 9 5 8 0 3 1 6 5 5 7 4 1 3 8 9 8 3 4 3 3 6 1 6 5 4 4 2 4 9 1 9 9 1 2 7 3 0 4 7 5 9 0 1 7 7 6 2 1 4 3 1 1 3 2 7 9 6 1 7 5 9 6 2 7 1 2 2 2 3 4 0 2 7 8 4 7 2 2 6 3 0 9 9 2 1 0 7 1 6 1 4 7 5 1 2 9 4 5 4 5 3 6 3 5 2 3 0 0 2 7 1 9 6 9 7 5 0 9 2 6 3 4 3 6 6 4 1 6 5 6 7 8 0 0 7 2 5 3 9 0 3 7 1 7 6 6 2 6 3 3 9 7 5 0 0 7 3 1 6 3 5 3 4 3 2 2 5 1 2 6 4 6 7 5 3 6 3 6 7 1 2 1 7 5 6 0 9 4 3 1 1 1 0 0 9 2 5 4 0 3 1 5 4 9 0 9 4 6 0 4 0 3 7 2 6 7 0 9 4 3 7 2 2 7 6 5 5 4 2 0 4 4 5 7 4 4 3 4 2 7 9 2 6 4 6 9 9 6 0 9 7 6 0 5 0 3 9 7 5 2 0 1 9 7 2 7 4 4 6 5 4 1 1 3 1 3 2 9 4 3 5 5 4 2 2 1 1 5 3 0 0 6 7 1 5 7 0 5 6 0 0 0 1 5 4 7 3 5 3 1 9 3 2 1 7 8 5 0 0 9 4 4 0 5 7 0 9 7 4 3 2 6 2 0 2 7 8 3 7 7 1 6,f480fa51c2190d35bab2996f8422fb2359b7dce75f154854b5ec482578e8cd77
supplement,2,13008,3,0.8551532033426184,5 4 0 1 6 9 9 2 6 6 6 3 1 1 7 0 1 9 5 8 0 9 1 6 5 5 7 4 1 9 8 9 8 3 4 3 3 6 1 6 5 4 4 6 4 9 1 9 9 1 1 7 3 0 4 7 5 9 0 5 1 7 6 2 1 4 3 1 1 3 2 7 9 6 1 7 5 9 6 2 7 1 2 2 2 3 4 0 2 7 8 4 7 2 2 6 3 1 1 9 2 8 0 7 1 6 1 4 7 5 1 2 9 4 5 4 5 3 6 3 5 2 3 0 0 2 7 3 9 6 9 7 5 0 9 2 6 3 4 3 6 6 7 1 6 5 6 7 8 0 0 7 2 5 3 9 0 3 7 1 8 6 6 2 6 3 3 9 7 5 0 0 7 3 1 6 3 5 8 4 3 2 2 5 1 1 6 4 6 7 5 3 6 9 6 7 1 1 1 7 5 6 0 9 4 3 1 1 1 0 0 9 2 5 4 0 3 1 5 4 9 0 9 4 6 0 4 0 3 1 2 6 7 0 1 4 8 7 2 2 7 6 5 5 9 2 0 4 4 2 7 4 4 3 4 2 7 9 8 6 4 6 9 9 6 0 9 7 6 0 5 0 3 9 7 5 2 0 1 9 7 8 7 4 4 6 5 4 1 9 3 1 3 2 9 4 5 5 5 1 2 2 9 1 5 3 0 0 6 7 1 5 7 0 5 6 0 0 0 1 5 4 7 2 5 3 1 9 8 6 5 7 8 5 0 9 9 7 4 0 5 7 0 9 7 4 3 2 6 2 0 2 7 8 3 7 7 1 6,866c363cd92cfb736a87e816adaf2c343c784b96452ef0850a97f182e717adbb
supplement,2,13008,4,0.8857938718662952,5 4 0 1 6 9 9 2 6 6 1 3 1 1 7 0 8 9 5 8 0 9 1 6 5 5 2 4 1 9 8 9 8 3 4 3 3 6 1 6 5 4 4 5 4 9 1 9 9 1 1 7 3 0 4 7 5 9 0 5 8 7 6 2 1 4 3 1 1 3 2 7 9 6 1 7 5 9 6 2 7 1 2 2 2 3 4 0 2 7 8 4 7 2 2 6 3 1 1 9 2 8 0 7 1 6 1 4 7 5 1 2 9 4 5 4 5 3 6 3 5 2 3 0 0 2 7 8 9 6 9 7 5 0 9 2 6 3 4 3 6 6 4 1 6 5 6 7 8 0 0 7 2 5 3 9 0 3 7 8 8 6 6 2 6 3 3 9 7 5 0 0 7 3 1 6 3 5 8 4 3 2 2 5 5 8 6 4 6 7 5 0 6 5 6 7 1 1 1 7 5 6 0 9 4 3 1 1 1 0 0 9 2 5 4 0 3 1 5 4 9 0 9 4 6 0 4 0 3 8 2 6 7 0 1 4 8 7 2 2 7 6 5 5 9 2 0 4 4 8 7 4 7 8 4 2 7 9 8 6 4 6 9 9 6 0 9 1 6 0 5 0 3 9 7 5 2 2 1 9 7 8 7 4 4 6 5 4 1 9 3 1 3 2 9 4 8 5 5 4 2 2 3 1 5 3 0 0 6 7 1 5 7 0 5 6 0 0 0 1 5 4 9 2 5 3 1 9 8 8 8 7 8 5 0 9 9 7 4 0 5 7 0 9 7 4 3 2 6 2 0 2 7 8 3 7 7 1 6,b1e63c7110cab3b71dd03d3884a8f6b2bfe3ba1ede92753bef89bd37358d501f
supplement,2,13008,5,0.8969359331476323,5 4 0 1 6 9 9 2 6 6 6 3 1 1 7 0 8 9 5 8 0 9 1 6 5 5 7 4 1 9 8 9 8 3 4 3 3 6 1 6 5 4 4 5 4 9 8 9 9 8 2 7 9 0 4 7 8 9 0 5 1 7 6 2 1 4 3 1 1 3 2 7 9 6 1 7 5 9 6 2 7 1 2 2 2 3 4 0 2 7 8 4 7 2 2 6 3 1 1 9 2 8 0 7 1 6 1 4 7 5 1 2 9 4 5 4 5 3 6 3 5 2 3 0 0 2 7 9 9 6 9 7 5 0 9 2 6 3 4 3 6 6 7 1 6 5 6 7 8 0 0 7 2 5 3 9 0 3 7 8 1 6 6 8 6 3 3 9 7 5 0 0 7 3 1 6 3 5 8 4 3 2 2 5 5 1 6 4 6 7 5 0 6 5 6 7 1 1 1 7 5 6 0 9 4 3 1 1 1 0 0 9 2 5 4 0 3 1 5 4 9 0 9 4 6 0 4 0 3 8 2 6 7 0 1 4 8 7 2 2 7 6 5 5 9 2 0 4 4 8 7 4 7 8 4 2 7 9 8 6 4 6 9 9 6 0 9 7 8 0 5 0 3 9 7 5 2 2 1 9 7 8 7 4 4 6 5 4 1 1 3 1 3 2 9 4 3 9 5 4 2 2 9 1 5 3 0 0 6 7 1 5 7 0 5 6 0 0 0 1 5 4 9 2 5 3 1 9 8 8 8 7 8 5 0 9 9 7 4 0 5 7 9 9 7 4 3 2 6 2 0 2 7 8 3 7 7 1 6,6ab6344b13fc7907df642013004053e9cf73312bbdf09318dc9dfd0173a8950f
supplement,2,13009,1,0.5821727019498607,5 9 0 1 6 9 9 2 0 4 1 3 1 1 9 0 2 9 0 8 0 9 1 6 5 5 3 4 1 0 1 9 1 8 4 3 3 6 1 6 3 0 6 4 0 9 2 9 9 1 2 1 5 0 6 9 7 0 0 3 1 1 6 2 2 4 3 1 9 3 2 7 9 2 1 3 5 9 6 2 3 1 2 0 3 3 6 0 8 1 8 4 7 0 2 6 3 2 9 9 3 1 0 9 2 6 1 6 8 5 6 5 9 4 5 4 1 9 6 3 5 2 3 0 0 1 7 6 9 6 9 7 5 0 9 3 6 9 4 3 6 6 9 4 6 0 6 8 8 0 0 7 6 5 3 2 0 9 7 3 1 1 6 8 6 9 3 9 1 5 0 0 4 3 2 6 5 0 3 0 3 2 3 9 3 1 6 4 6 9 4 3 6 9 6 7 1 3 1 8 5 2 0 9 1 3 2 2 1 0 0 9 2 5 6 0 3 1 9 6 9 6 0 6 6 0 4 0 9 1 2 6 3 0 9 6 3 9 2 1 8 6 5 5 0 2 0 6 6 8 1 6 9 6 6 8 7 9 8 5 4 6 9 9 6 0 9 1 2 0 9 0 9 9 1 5 2 0 1 9 1 8 4 6 4 6 5 4 2 1 9 1 9 3 9 4 3 0 5 6 2 2 3 1 5 3 0 0 6 7 6 9 7 0 9 6 0 9 0 4 4 6 9 0 5 2 1 9 8 1 3 7 8 5 0 9 9 9 0 0 3 4 5 9 7 4 9 2 6 5 0 3 7 1 3 8 7 5 6,85ddd490d05ace86283c78862f6cf25fb4735beb742aabe048440d1aa52b36ec
supplement,2,13009,2,0.8356545961002786,5 4 0 1 6 9 9 2 6 6 1 3 1 1 7 0 8 9 5 8 0 3 1 6 5 5 3 4 1 9 1 9 8 3 4 3 3 6 1 6 5 4 4 5 4 9 1 9 9 1 2 1 3 0 6 7 7 3 0 3 1 7 6 2 2 1 3 1 1 3 2 7 9 6 1 7 5 9 6 2 7 1 2 2 2 3 4 0 8 7 1 4 7 2 2 6 3 1 1 9 2 1 0 7 1 6 1 4 7 5 1 2 9 4 5 4 5 3 6 3 5 2 3 0 0 2 7 6 9 6 9 7 5 0 9 2 6 9 4 3 6 6 7 1 6 0 6 7 8 0 0 7 2 5 3 9 0 3 7 5 1 1 6 8 6 3 3 1 7 5 0 0 7 3 2 6 3 5 3 4 3 2 2 5 8 1 6 4 6 7 5 3 6 9 6 7 1 8 1 7 7 6 0 9 4 9 2 1 1 0 0 9 2 5 4 0 3 1 5 4 9 0 9 4 6 0 4 0 3 1 2 6 7 0 1 4 8 7 2 2 7 6 5 5 9 2 0 4 4 7 7 4 7 5 4 2 7 9 8 6 4 6 9 9 6 0 9 1 2 0 9 0 3 9 7 5 2 0 1 9 7 8 7 4 4 6 5 4 2 1 3 1 3 2 9 4 8 9 5 4 2 2 3 1 5 3 0 0 6 7 1 9 7 0 5 6 0 0 0 1 5 4 9 8 5 3 1 9 8 8 5 7 8 5 0 9 9 7 4 0 5 7 9 9 7 4 3 2 6 2 0 2 7 8 3 7 7 1 6,1830b344c72fddbcc2b96c57565f6bf41f43549e560c5da57160b02308d83913
supplement,2,13009,3,0.8551532033426184,5 4 0 1 6 9 9 2 0 6 6 3 1 1 7 0 8 0 5 8 0 3 1 6 5 5 3 4 1 9 1 9 8 3 4 3 3 6 1 6 5 4 4 5 4 9 1 9 9 1 1 7 5 0 4 7 7 9 0 5 1 7 6 2 2 4 3 1 1 3 2 7 9 6 1 7 5 8 6 2 7 1 2 2 2 3 4 0 2 7 5 4 7 2 2 6 3 1 1 9 2 1 0 7 1 6 1 4 7 5 1 2 9 4 5 4 5 3 6 3 5 2 3 0 0 2 7 6 9 6 9 7 5 0 9 2 6 3 4 3 6 6 7 1 6 5 6 7 8 0 0 7 2 5 3 9 0 3 7 8 1 1 6 2 6 3 3 4 7 5 0 0 7 3 1 6 3 5 3 4 3 2 2 5 5 1 6 4 6 7 5 3 6 9 6 7 1 1 1 7 5 6 0 9 4 3 2 1 1 0 0 9 2 5 4 0 3 1 5 4 9 0 9 4 6 0 4 0 3 1 2 6 7 0 1 4 8 7 2 2 7 6 5 5 9 2 0 4 4 8 7 4 7 6 4 2 7 9 8 6 4 6 9 9 6 0 9 1 1 0 5 0 3 9 7 5 2 0 1 9 7 8 7 4 4 6 5 4 2 1 3 1 3 2 9 4 8 9 5 4 2 2 3 1 5 3 0 0 6 7 4 5 7 0 5 6 0 0 0 1 5 4 7 2 5 3 1 9 8 8 5 7 8 5 0 9 9 7 4 0 5 7 0 9 7 4 3 2 6 2 0 2 7 8 3 7 7 1 6,b274ea627bbe7a93196f6a7036aa0419d22dcec6895c5ce079262310e391472f
supplement,2,13009,4,0.8997214484679665,5 4 0 1 6 9 9 2 0 6 6 3 1 1 7 0 8 8 5 8 0 3 1 6 5 5 3 4 1 9 8 9 8 3 4 3 3 6 1 6 5 4 4 5 4 9 8 9 9 1 2 7 3 0 4 7 8 9 0 5 1 7 6 2 1 4 3 1 1 3 2 7 9 6 1 7 5 8 6 2 7 1 2 2 2 3 4 0 2 7 8 4 7 2 2 6 3 1 1 9 2 8 0 7 1 6 1 4 7 5 1 2 1 4 5 4 5 3 6 3 5 2 3 0 0 2 7 3 9 6 9 7 5 0 9 2 6 3 4 3 6 6 7 1 6 5 6 7 8 0 0 7 2 5 3 9 0 3 7 8 1 8 6 8 6 3 3 4 7 5 0 0 8 3 1 6 3 5 3 4 3 2 2 5 8 8 6 4 6 7 5 3 6 9 6 7 1 8 1 7 5 6 0 9 4 3 2 1 1 0 0 9 2 5 4 0 3 1 5 4 9 0 9 4 6 0 4 0 3 8 2 6 7 0 1 4 8 7 2 2 7 6 5 5 9 2 0 4 4 8 7 4 7 8 4 2 7 9 8 6 4 6 9 9 6 0 9 7 1 0 5 0 3 9 7 5 2 0 1 9 7 8 7 4 4 6 5 4 2 1 3 1 3 2 9 4 8 9 5 4 2 2 9 1 5 3 0 0 6 7 1 5 7 0 5 6 0 0 0 8 5 4 9 2 5 3 1 9 8 8 8 7 8 5 0 9 9 7 4 0 5 7 9 9 7 4 3 2 6 2 0 2 7 8 3 7 7 8 6,2c90dafb4cca120f4e2146a47cefc348ec9328c4c04b1f8a12bc4569678291f5
supplement,2,13009,5,0.8802228412256268,5 4 0 1 6 9 9 2 0 6 6 3 1 1 7 0 8 8 5 8 0 3 1 6 5 5 3 4 1 9 8 9 8 3 4 3 3 6 1 6 5 4 4 5 4 9 1 9 9 8 1 7 3 0 4 7 7 3 0 5 1 7 6 2 1 4 3 1 1 3 2 7 9 6 1 7 5 5 6 2 7 1 2 2 2 3 4 0 2 7 8 4 7 2 2 6 3 1 1 9 2 1 0 7 1 6 1 4 7 5 1 2 1 4 5 4 5 3 6 3 5 2 3 0 0 2 7 3 9 6 9 7 5 0 9 2 6 3 4 3 6 6 7 1 6 5 6 7 8 0 0 7 2 5 3 9 0 3 7 7 1 1 6 8 6 3 3 4 7 5 0 0 7 3 1 6 3 5 8 4 3 2 2 5 1 1 6 4 6 7 5 3 6 9 6 7 1 1 1 7 5 6 0 9 4 3 1 1 1 0 0 9 2 5 4 0 3 1 5 4 9 0 9 4 6 0 4 0 3 7 2 6 7 0 1 4 8 7 2 2 7 6 5 5 9 2 0 4 4 8 7 4 7 8 4 2 7 9 8 6 4 6 9 9 6 0 9 1 1 0 5 0 3 9 7 5 2 3 1 9 7 8 7 4 4 6 5 4 1 1 3 1 3 2 9 4 8 5 5 4 2 2 3 1 5 3 0 0 6 7 1 5 7 0 5 6 0 0 0 8 5 4 7 2 5 3 1 9 8 8 8 7 8 5 0 9 9 7 4 0 5 7 0 9 7 4 3 2 6 2 0 2 7 8 3 7 7 8 6,2c8deee5434b82a85b837c74cf78c8a80f5f796a04e84707d83deea02ba19d77
supplement,2,13010,1,0.5403899721448467,0 9 0 4 0 9 5 0 0 2 1 3 1 1 8 0 3 3 0 0 0 1 1 1 5 0 3 0 1 5 8 0 1 3 4 3 3 6 1 6 5 4 4 1 4 8 1 9 0 1 1 0 3 0 2 7 1 7 0 6 4 4 6 1 1 4 3 1 4 3 2 7 0 8 1 7 5 4 0 2 1 4 2 2 2 3 4 0 3 5 7 4 3 1 2 6 9 1 4 9 1 8 0 1 1 0 1 4 7 0 1 2 1 4 5 4 0 3 8 3 0 2 5 0 0 2 0 1 9 6 9 3 5 0 9 3 1 5 4 3 6 6 0 2 1 9 6 7 0 0 0 3 2 5 3 1 0 3 3 5 4 3 0 1 0 7 3 1 8 0 0 0 1 3 1 6 3 0 3 4 3 7 1 9 6 1 6 4 6 9 2 0 6 5 6 7 4 1 1 4 0 8 0 1 4 0 1 1 1 0 0 8 2 2 4 0 3 1 9 4 3 0 3 4 1 0 0 0 3 3 2 6 7 0 1 4 3 7 2 2 3 6 5 0 9 1 0 4 4 0 4 4 0 1 4 3 7 8 8 0 0 1 1 1 0 0 1 1 8 0 5 0 3 1 7 2 2 3 1 9 7 0 9 4 4 1 0 4 1 9 8 9 3 1 9 1 0 9 0 4 2 2 1 1 5 3 0 0 6 1 4 9 4 0 5 6 0 0 0 1 2 4 1 3 9 6 1 9 3 0 5 7 0 0 1 5 3 1 4 0 5 5 9 6 3 0 9 2 0 2 0 2 7 0 3 3 7 3 0,747c403bef60c1c6ce7064ccaac8c4a21f157bcbcd90e599313fc3d621ad1d64
supplement,2,13010,2,0.7910863509749304,5 4 0 1 6 9 9 2 0 1 1 3 1 1 7 0 8 9 0 8 0 3 1 6 5 5 3 4 1 9 8 9 1 3 4 3 3 6 1 6 5 4 4 1 4 9 1 9 9 7 2 7 3 0 4 7 1 9 0 1 7 7 6 2 1 4 3 1 4 3 2 7 3 6 1 7 5 9 6 2 7 4 2 2 2 3 4 0 3 7 7 4 7 2 2 6 3 1 1 9 2 1 0 1 1 6 1 4 7 5 1 2 1 4 5 4 5 3 6 3 5 2 3 0 0 2 7 3 9 6 9 7 5 0 9 2 6 3 4 3 6 6 7 2 6 0 6 7 0 0 0 7 2 5 3 8 0 3 7 8 7 8 6 1 6 3 3 1 7 5 0 0 1 3 1 6 3 9 3 4 3 2 2 9 3 1 6 4 6 7 2 0 6 9 6 7 4 1 1 4 5 6 0 9 4 3 1 1 1 0 0 9 2 5 4 0 3 1 9 4 3 0 9 4 1 0 4 0 3 7 2 6 7 0 1 4 3 1 2 2 7 6 5 0 9 2 0 4 4 1 7 4 7 3 4 3 7 9 8 0 4 6 3 9 6 0 9 1 8 0 5 0 3 9 7 5 2 3 1 9 7 2 7 4 4 1 5 4 1 9 3 9 3 2 9 4 0 9 5 4 2 2 2 1 5 3 0 0 6 7 1 9 7 0 5 6 0 0 0 1 2 4 1 3 5 3 1 9 8 8 8 7 0 5 0 9 3 7 4 0 5 7 9 9 7 4 3 2 0 2 0 2 7 2 3 7 7 3 6,d4857d6a9555fc03f2a49a12bd8d2ddde2c0d10e0ebda82965e8f65421e75227
supplement,2,13010,3,0.8467966573816156,5 4 0 1 6 9 9 2 0 6 1 3 1 1 7 0 8 3 0 8 0 3 1 6 5 5 3 4 1 9 8 9 1 3 4 3 3 6 1 6 5 4 4 6 4 9 1 9 9 7 1 7 3 0 4 7 8 3 0 5 7 7 6 2 1 4 3 1 4 3 2 7 3 6 1 7 5 7 6 2 7 7 2 2 2 3 4 0 3 7 7 4 7 2 2 6 3 7 1 9 2 8 0 1 1 6 1 4 7 5 1 2 1 4 5 4 5 3 6 3 5 2 3 0 0 2 7 3 9 6 9 7 5 0 9 2 6 3 4 3 6 6 7 1 6 9 6 7 8 0 0 7 2 5 3 9 0 3 7 8 7 8 6 1 6 3 3 1 7 5 0 0 8 3 1 6 3 5 3 4 3 2 2 5 1 1 6 4 6 7 5 3 6 9 6 7 1 1 1 7 5 6 0 9 4 3 1 1 1 0 0 9 2 5 4 0 3 1 5 4 9 0 3 4 6 0 4 0 3 7 2 6 7 0 1 4 8 7 2 2 7 6 5 5 9 2 0 4 4 8 7 4 7 3 4 7 7 9 8 6 4 6 9 9 6 0 9 1 8 0 5 0 3 3 7 5 2 3 1 3 7 8 7 4 4 6 5 4 1 1 3 1 3 2 9 4 8 9 5 4 2 2 3 1 5 3 0 0 6 7 1 5 7 0 5 6 0 0 0 1 5 4 7 3 5 3 1 9 8 8 8 7 8 5 0 9 3 7 4 0 5 7 9 9 7 4 3 2 6 2 0 2 7 0 3 7 7 3 6,28071c6bbb82a264489e3097226ec5a93c8c1a770bd82e5c441c1f15a7864a84
supplement,2,13010,4,0.8774373259052924,5 4 0 1 6 9 9 2 0 6 1 3 1 1 7 0 8 9 0 8 0 3 1 6 5 5 3 4 1 9 8 9 1 3 4 3 3 6 1 6 5 4 4 6 4 9 1 9 9 2 1 7 3 0 4 7 8 9 0 5 1 7 6 2 1 4 3 1 1 3 2 7 3 6 1 7 5 9 6 2 7 1 2 2 2 3 4 0 2 7 7 4 7 2 2 6 3 7 1 9 2 8 0 7 1 6 1 4 7 5 1 2 1 4 5 4 5 3 6 3 5 2 3 0 0 2 7 3 9 6 9 7 5 0 9 2 6 3 4 3 6 6 7 2 6 9 6 7 8 0 0 7 2 5 3 9 0 3 7 7 7 8 6 7 6 3 3 1 7 5 0 0 8 3 1 6 3 5 3 4 3 2 2 5 5 2 6 4 6 7 5 3 6 9 6 7 1 1 1 7 5 6 0 9 4 3 1 1 1 0 0 9 2 5 4 0 3 1 5 4 9 0 9 4 6 0 4 0 3 7 2 6 7 0 1 4 8 7 2 2 7 6 5 5 9 2 0 4 4 8 7 4 7 3 4 7 7 9 8 6 4 6 9 9 6 0 9 1 8 0 5 0 3 9 7 5 2 3 1 9 7 8 7 4 4 6 5 4 1 1 3 1 3 2 9 4 3 9 5 4 2 2 9 1 5 3 0 0 6 7 1 5 7 0 5 6 0 0 0 1 5 4 7 2 5 3 1 9 8 8 8 7 8 5 0 9 8 7 4 0 5 7 9 9 7 4 3 2 6 2 0 2 7 8 3 7 7 3 6,1384bcfb46bd0f1dd96e038cfa7c417e4868d3e9a54ddefbea8781b4e7d8fe8a
supplement,2,13010,5,0.9136490250696379,5 4 0 1 6 9 9 2 0 6 1 3 1 1 7 0 8 9 5 8 0 9 1 6 5 5 3 4 1 9 8 9 8 3 4 3 3 6 1 6 5 4 4 5 4 9 1 9 9 2 1 7 3 0 4 7 8 9 0 5 1 7 6 2 1 4 3 1 1 3 2 7 9 6 1 7 5 9 6 2 7 2 2 2 2 3 4 0 2 7 5 4 7 2 2 6 3 1 1 9 2 8 0 7 1 6 1 4 7 5 1 2 1 4 5 4 5 3 6 3 5 2 3 0 0 2 7 8 9 6 9 7 5 0 9 2 6 3 4 3 6 6 7 1 6 5 6 7 8 0 0 7 2 5 3 9 0 3 7 8 1 8 6 8 6 3 3 1 7 5 0 0 8 3 1 6 3 5 3 4 3 2 2 5 5 1 6 4 6 7 5 0 6 5 6 7 1 1 1 7 5 6 0 9 4 3 1 1 1 0 0 9 2 5 4 0 3 1 5 4 9 0 9 4 6 0 4 0 3 8 2 6 7 0 1 4 8 7 2 2 7 6 5 5 9 2 0 4 4 8 7 4 7 8 4 7 7 9 8 6 4 6 9 9 6 0 9 1 8 0 5 0 3 9 7 5 2 9 1 9 7 8 7 4 4 6 5 4 1 1 3 1 3 2 9 4 8 5 5 4 2 2 9 1 5 3 0 0 6 7 1 5 7 0 5 6 0 0 0 1 5 4 9 2 5 3 1 9 8 8 8 7 8 5 0 9 9 7 4 0 5 7 9 9 7 4 3 2 6 2 0 2 7 8 3 7 7 3 6,5c8c04007299c8deaf7cd510f224ca2ad99896607d8118cf0a329c403b5410c7
supplement,4,13001,1,0.6350974930362117,5 1 9 1 6 9 3 7 4 6 1 9 1 1 9 0 6 8 5 4 0 2 1 6 6 4 3 4 1 5 6 9 0 3 4 3 3 6 1 6 5 4 4 9 4 9 2 9 3 1 2 4 5 0 4 7 1 9 0 5 1 7 6 6 2 7 3 1 7 2 2 7 9 6 1 7 2 3 6 8 7 1 2 2 2 2 7 0 3 7 4 4 2 2 2 6 5 1 1 9 2 2 0 1 1 6 1 4 7 4 6 4 4 4 5 4 5 9 6 3 2 2 3 0 0 2 7 9 9 6 9 7 4 9 9 2 6 5 4 3 6 6 7 6 6 5 6 7 4 0 0 3 2 4 9 9 0 2 3 3 1 3 6 9 6 3 2 7 7 5 5 0 5 9 6 6 2 5 8 4 2 2 2 5 5 4 6 4 6 1 4 9 6 3 6 7 1 1 1 7 3 6 0 9 4 3 6 1 1 0 0 9 2 5 4 0 2 1 5 4 9 9 9 4 6 6 4 0 2 1 2 6 4 9 1 4 8 9 2 4 7 6 5 6 2 2 0 4 4 5 7 4 1 6 4 3 7 9 8 6 4 6 9 2 6 0 3 1 6 0 5 0 3 9 7 4 2 3 1 9 7 3 1 6 4 6 9 4 2 1 2 1 2 4 9 4 2 9 5 1 2 2 3 1 5 2 0 5 6 1 1 5 3 9 5 6 0 9 9 4 7 4 9 2 5 2 1 9 8 6 1 3 4 5 0 3 3 7 4 0 5 7 2 9 1 4 3 2 6 2 0 2 7 8 2 7 7 3 6,a101e2533a574c82b8d45136e0e94adfd69e5e46d68e05597f101e21657fe626
supplement,4,13001,2,0.8690807799442897,5 4 0 1 6 9 0 2 0 6 1 3 1 1 7 0 8 9 5 8 0 9 1 6 5 5 3 4 1 3 6 9 8 3 4 3 3 6 1 6 5 4 4 6 4 9 8 9 9 1 8 7 9 0 4 7 8 9 0 5 1 7 6 2 2 4 3 1 1 3 2 7 9 6 1 7 5 9 6 2 7 1 2 2 2 3 4 0 8 7 8 4 7 2 2 6 9 1 1 9 2 6 0 9 1 6 1 4 7 5 1 2 1 4 5 4 5 3 6 3 5 2 3 0 0 2 7 3 9 6 9 7 5 0 9 2 6 3 4 3 6 6 7 6 6 5 6 7 8 0 0 7 2 5 3 9 0 3 7 1 1 6 6 7 6 3 3 0 7 5 0 0 5 3 1 6 3 5 8 4 3 2 2 5 1 4 6 4 6 7 5 0 6 5 6 7 1 1 1 7 5 6 0 9 4 3 1 1 1 0 0 9 2 5 4 0 3 1 5 4 9 0 9 4 6 6 4 0 3 8 2 6 7 0 1 4 8 1 2 2 7 6 5 5 9 2 0 4 4 5 7 4 4 8 4 3 7 9 8 6 4 6 9 9 6 0 9 1 8 0 5 0 3 9 7 5 2 9 1 9 7 8 7 4 4 6 7 4 1 1 3 1 3 2 9 4 8 5 5 4 2 2 3 1 5 3 0 0 6 7 1 5 7 0 5 6 0 0 0 8 7 4 9 9 5 3 1 9 8 8 8 7 8 5 0 9 8 1 4 0 5 7 0 9 7 4 3 2 6 2 0 2 7 8 3 7 7 1 6,cdb5c0f464536cd5d8e01896f27dc057616ec84c22ce5996aa3e71c477b9ba4d
supplement,4,13001,3,0.9108635097493036,5 4 0 1 6 9 9 2 6 6 6 3 1 1 7 0 8 8 5 8 0 9 1 6 5 5 3 4 1 5 8 9 8 3 4 3 3 6 1 6 5 4 4 5 4 9 8 9 9 1 1 7 3 0 4 7 8 9 0 5 1 7 6 2 1 4 3 1 1 3 2 7 9 6 1 7 5 9 6 2 7 1 2 2 2 3 4 0 2 7 8 4 7 2 2 6 3 1 1 9 2 8 0 1 1 6 1 4 7 5 1 2 9 4 5 4 5 3 6 3 5 2 3 0 0 2 7 3 9 6 9 7 5 0 9 2 6 3 4 3 6 6 7 6 6 5 6 7 8 0 0 7 2 5 3 9 0 3 7 8 1 8 6 7 6 3 3 1 7 5 0 0 7 3 1 6 3 5 8 4 3 2 2 5 5 1 6 4 6 7 5 0 6 5 6 7 1 1 1 7 5 6 0 9 4 3 1 1 1 0 0 9 2 5 4 0 3 1 5 4 9 0 9 4 6 6 4 0 3 1 2 6 7 0 1 4 8 7 2 2 7 6 5 5 9 2 0 4 4 8 7 4 7 8 4 2 7 9 8 6 4 6 9 9 6 0 9 1 8 0 5 0 3 9 7 5 2 9 1 9 7 8 7 4 4 6 5 4 1 1 3 1 3 2 9 4 8 5 5 4 2 2 3 1 5 3 0 0 6 7 1 5 7 0 5 6 0 0 0 1 5 4 9 2 5 3 1 9 8 8 8 7 8 5 0 9 9 4 4 0 5 7 0 9 7 4 3 2 6 2 0 2 7 8 3 7 7 1 6,2a972e9fbb0b4087c8991882dcf8dbbedde70fc914f8cafa8c45de96c78f440e
supplement,4,13001,4,0.9025069637883009,5 4 0 1 6 9 9 2 6 6 6 3 1 1 7 0 8 9 5 8 0 9 1 6 5 5 3 4 1 3 8 9 8 3 4 2 3 6 1 6 5 4 4 5 4 9 8 9 9 1 2 7 9 0 4 7 8 9 0 5 1 7 6 2 1 4 3 1 1 3 2 7 9 6 1 7 5 9 6 2 7 1 2 2 2 3 4 0 2 7 8 4 7 2 2 6 3 1 1 9 2 8 0 7 1 6 1 4 7 5 1 2 9 4 5 4 5 3 6 3 5 2 3 0 0 2 7 3 9 6 9 7 5 0 9 2 6 3 4 3 6 6 7 1 6 5 6 7 8 0 0 7 2 5 3 9 0 3 7 8 1 8 6 7 6 3 3 1 7 5 0 0 7 3 1 6 3 5 8 4 3 2 2 5 5 1 6 4 6 7 5 0 6 5 6 7 1 1 1 7 5 6 0 9 4 3 1 1 1 0 0 9 2 5 4 0 3 1 5 4 9 0 9 4 6 0 4 0 3 8 2 6 7 0 1 4 8 7 2 2 7 6 5 5 9 2 0 4 4 8 7 4 7 8 4 2 7 9 8 6 4 6 9 9 6 0 9 1 8 0 5 0 3 9 7 5 2 9 1 9 7 8 7 4 4 6 5 4 1 1 3 1 3 2 9 4 8 9 5 4 2 2 9 1 5 3 0 0 6 7 1 5 7 0 5 6 0 0 0 1 7 4 7 2 5 3 1 9 8 8 8 7 8 5 0 9 9 7 4 0 5 7 0 9 7 4 3 2 6 2 0 2 7 8 3 7 7 1 6,bb4f6ba133b5b917c84a1945257d9f1a5e7107f57468ca6c42b9cee1fbfc53fc
supplement,4,13001,5,0.9080779944289693,5 4 0 1 6 9 9 2 6 6 6 3 1 1 7 0 8 9 5 8 0 9 1 6 5 5 3 4 1 9 8 9 8 3 4 3 3 6 1 6 5 4 4 5 4 9 8 9 9 1 1 7 9 0 4 7 8 9 0 5 1 7 6 2 1 4 3 1 1 3 2 7 9 6 1 7 5 9 6 2 7 1 2 2 2 3 4 0 2 7 8 4 7 2 2 6 3 1 1 9 2 8 0 5 1 6 1 4 7 5 1 2 1 4 5 4 5 3 6 3 5 2 3 0 0 2 7 3 9 6 9 7 5 0 9 2 6 3 4 3 6 6 7 1 6 5 6 7 8 0 0 7 2 5 3 9 0 3 7 8 1 8 6 7 6 3 3 1 7 5 0 0 7 3 1 6 3 5 8 4 3 2 2 5 5 1 6 4 6 7 5 0 6 5 6 7 1 1 1 7 5 6 0 9 4 3 1 1 1 0 0 9 2 5 4 0 3 1 5 4 9 0 9 4 6 0 4 0 3 8 2 6 7 0 1 4 8 7 2 2 7 6 5 5 9 2 0 4 4 8 7 4 7 8 4 2 7 9 8 6 4 6 9 9 6 0 9 1 8 0 5 0 3 9 7 5 2 0 1 9 7 8 7 4 4 6 5 4 1 1 3 1 3 2 9 4 8 9 5 4 2 2 9 1 5 3 0 0 6 7 1 5 7 0 5 6 0 0 0 1 5 4 7 2 5 3 1 9 8 8 8 7 8 5 0 9 8 7 4 0 5 7 9 9 7 4 3 2 6 2 0 2 7 8 3 7 7 8 6,6e7ea9ece61118ab3e6ffce402e3b381f2e57158653b007feb7b63dd865f9afd
supplement,4,13002,1,0.6044568245125348,9 4 0 1 0 9 4 2 6 1 1 9 8 1 7 0 2 9 4 0 0 9 1 6 9 5 7 4 1 3 6 3 7 3 4 2 3 6 1 6 5 4 4 0 4 3 1 9 9 1 1 7 9 0 4 7 7 3 0 9 1 4 6 2 2 4 3 1 1 8 2 7 2 6 1 7 9 7 6 2 7 1 2 2 2 3 0 0 2 8 8 4 7 2 9 6 9 1 1 3 2 9 0 7 1 6 1 4 4 9 1 2 3 4 5 4 9 9 6 3 5 1 3 0 0 2 7 8 9 6 3 7 9 0 3 2 1 9 4 3 0 6 4 2 6 9 6 7 2 0 0 7 1 4 3 9 0 3 7 5 8 6 6 7 1 3 3 1 4 9 0 0 7 9 6 6 2 5 2 4 3 2 2 3 9 1 6 4 6 7 9 3 6 3 6 7 1 7 1 4 5 6 0 9 4 3 1 1 1 0 5 9 2 5 4 0 2 1 5 4 3 4 7 4 1 4 4 0 9 5 1 4 4 0 1 4 3 5 2 1 7 6 5 9 9 1 0 7 4 8 7 4 4 9 4 1 7 3 8 6 4 6 9 9 6 0 9 1 1 0 9 0 3 9 4 5 2 2 1 9 4 3 7 4 4 1 9 4 6 9 3 9 3 2 9 4 8 9 5 4 2 1 3 1 9 9 0 0 1 9 1 3 7 0 9 6 0 0 0 8 1 4 3 2 9 9 1 3 3 3 2 7 4 5 0 0 7 6 4 0 9 7 0 9 7 4 9 2 0 2 0 2 7 9 3 7 7 7 6,9b83e94a93a3cd88939d397c23ad4ee601e7d634ff25a457b477f16b52122a3d
supplement,4,13002,2,0.8189415041782729,5 4 0 1 6 9 9 2 6 6 1 3 1 1 7 0 2 9 5 0 0 9 1 6 9 5 3 4 1 9 6 9 8 3 4 3 3 6 1 6 5 4 4 1 4 9 1 9 9 1 1 7 9 0 4 7 8 9 0 5 1 7 6 2 2 4 3 1 1 3 2 7 9 6 1 7 5 7 6 2 7 2 2 2 2 3 4 0 2 7 1 4 7 2 2 6 3 1 9 9 2 1 0 7 1 6 1 4 7 5 1 2 9 4 5 4 5 9 6 3 5 2 3 0 0 2 7 9 9 6 9 7 5 0 9 2 6 9 4 3 6 6 4 1 6 5 6 7 8 0 0 7 2 5 3 9 0 3 7 1 1 6 6 7 6 9 3 9 7 5 0 0 7 3 2 6 3 5 2 4 3 2 2 5 2 1 6 4 6 7 5 9 6 5 6 7 4 1 1 4 5 6 0 9 4 3 1 1 1 0 0 9 2 5 4 0 3 1 5 4 3 0 9 4 6 4 4 0 3 7 2 6 7 0 1 4 8 7 2 2 7 6 5 6 9 2 0 4 4 7 7 4 4 9 4 2 7 9 8 6 4 6 9 9 6 0 9 1 3 0 5 0 3 9 7 5 2 3 1 9 7 8 7 4 4 6 5 4 1 9 3 9 3 2 9 4 5 5 5 4 2 2 9 1 5 3 0 0 6 7 1 5 7 0 9 6 0 0 0 8 7 4 9 2 5 9 1 9 8 6 5 7 4 5 0 9 9 7 4 0 5 7 0 9 7 4 9 2 6 2 0 2 7 9 3 7 7 3 6,9639113c5e9e74932c1f20e11308bca9270e087926a8d19b054d8a31c46b41e3
supplement,4,13002,3,0.8495821727019499,5 4 0 1 6 9 9 2 6 6 1 3 1 1 7 0 2 9 5 8 0 9 1 6 9 5 3 4 1 9 4 9 8 3 4 3 3 6 1 6 5 4 4 1 4 9 1 9 9 1 1 7 9 0 4 7 7 9 0 5 1 7 6 2 1 4 3 1 1 3 2 7 9 6 1 7 5 7 6 2 7 1 2 2 2 3 4 0 2 7 1 4 7 2 2 6 3 1 1 9 2 8 0 7 1 6 1 4 7 5 1 2 9 4 5 4 5 3 6 3 5 2 3 0 0 2 7 9 9 6 9 7 5 0 9 2 6 3 4 3 6 6 4 1 6 5 6 7 8 0 0 7 2 5 3 9 0 3 7 7 1 6 6 7 6 3 3 1 7 5 0 0 7 3 1 6 3 5 3 4 3 2 2 5 2 1 6 4 6 7 5 3 6 5 6 7 4 1 1 4 7 6 0 9 4 3 1 1 1 0 0 9 2 5 4 0 3 1 5 4 9 0 9 4 6 0 4 0 3 7 2 6 7 0 1 4 8 7 2 2 7 6 5 6 9 2 0 4 4 7 7 4 4 8 4 2 7 9 8 6 4 6 9 9 6 0 9 7 1 0 9 0 3 9 7 5 2 3 1 9 7 8 7 4 4 6 5 4 1 9 3 1 3 2 9 4 8 9 5 4 2 2 3 1 5 3 0 0 6 7 1 5 7 0 5 6 0 0 0 8 7 4 7 2 5 3 1 9 8 6 3 7 8 5 0 9 9 7 4 0 5 7 0 9 7 4 3 2 6 2 0 2 7 3 3 7 7 3 6,3e3708ca8a46c913c77eed1e6ab1fcf45389afb40cf578c9fc82663dad01427f
supplement,4,13002,4,0.871866295264624,5 4 0 1 6 9 9 2 4 6 1 3 1 1 7 0 8 9 5 8 0 9 1 6 9 5 3 4 1 9 4 9 8 3 4 3 3 6 1 6 5 4 4 5 4 9 1 9 9 1 1 7 9 0 4 7 7 9 0 5 1 7 6 2 1 4 3 1 1 3 2 7 9 6 1 7 5 7 6 2 7 1 2 2 2 3 4 0 2 7 1 4 7 2 2 6 3 1 1 9 2 8 0 7 1 6 1 4 7 5 1 2 9 4 5 4 5 3 6 3 5 2 3 0 0 2 7 9 9 6 9 7 5 0 9 2 6 3 4 3 6 6 4 1 6 5 6 7 8 0 0 7 2 5 3 9 0 3 7 7 1 8 6 7 6 3 3 1 7 5 0 0 7 3 1 6 3 5 3 4 3 2 2 5 3 8 6 4 6 7 5 9 6 9 6 7 1 1 1 7 7 6 0 9 4 3 2 1 1 0 0 9 2 5 4 0 3 1 5 4 9 0 9 4 6 4 4 0 3 7 2 6 7 0 1 4 8 7 2 2 7 6 5 5 9 2 0 4 4 7 7 4 7 8 4 7 7 9 8 6 4 6 9 9 6 0 9 1 8 0 9 0 3 9 7 5 2 3 1 9 7 8 7 4 4 6 5 4 1 1 3 1 3 2 9 4 8 9 5 4 2 2 3 1 5 3 0 0 6 7 1 5 7 0 5 6 0 0 0 8 7 4 7 3 5 3 1 9 8 8 8 7 8 5 0 9 9 7 4 0 5 7 9 9 7 4 3 2 6 2 0 2 7 3 3 7 7 3 6,950c7befa6581974320abbdeb2944f9b1eb2e32c715e31c774c5396a27256a46
supplement,4,13002,5,0.8690807799442897,5 4 0 1 6 9 9 2 6 6 1 3 1 1 7 0 8 9 5 8 0 3 1 6 9 5 3 4 1 9 1 9 8 3 4 3 3 6 1 6 5 4 4 5 4 9 8 9 9 1 8 7 9 0 4 7 7 9 0 5 1 7 6 2 2 4 3 1 1 3 2 7 9 6 1 7 5 7 6 2 7 1 2 2 2 3 4 0 3 7 1 4 7 2 2 6 3 1 1 9 2 8 0 7 1 6 1 4 7 5 1 2 1 4 5 4 5 3 6 3 5 2 3 0 0 2 7 3 9 6 9 7 5 0 9 2 6 3 4 3 6 6 7 1 6 9 6 7 8 0 0 7 2 5 3 9 0 3 7 8 8 6 6 7 6 3 3 1 7 5 0 0 7 3 2 6 3 5 3 4 3 2 2 5 5 8 6 4 6 7 5 3 6 9 6 7 1 1 1 7 7 6 0 9 4 3 2 1 1 0 0 9 2 5 4 0 3 1 5 4 9 0 9 4 6 0 4 0 3 8 2 6 7 0 1 4 8 7 2 2 7 6 5 5 9 2 0 4 4 7 7 4 7 3 4 2 7 9 8 6 4 6 9 9 6 0 9 1 8 0 5 0 3 9 7 5 2 3 1 9 7 8 7 4 4 6 5 4 1 1 3 1 3 2 9 4 8 5 5 4 2 2 3 1 5 3 0 0 6 7 1 5 7 0 5 6 0 0 0 8 7 4 7 3 5 3 1 9 8 8 8 7 8 5 0 9 9 7 4 0 5 7 9 9 7 4 3 2 6 2 0 2 7 3 3 7 7 3 6,e2bcf255d6df53e9eb32008dc4aa88c61d0a9738d8028e1c17121e221f8e0359
supplement,4,13003,1,0.5013927576601671,5 9 0 1 6 0 3 1 8 8 4 3 1 1 7 0 0 6 9 0 0 9 1 6 0 5 7 7 1 0 6 9 1 3 6 3 3 6 1 0 9 4 0 8 4 9 3 0 9 8 1 7 3 1 6 7 7 3 0 9 1 7 6 1 5 9 3 1 1 3 3 7 3 0 1 3 5 7 6 8 7 9 1 1 1 3 1 6 3 7 1 6 7 1 1 6 3 4 9 3 3 6 9 9 1 6 1 4 7 1 1 1 9 4 0 5 0 3 0 3 5 1 3 0 0 3 7 8 9 6 9 7 5 0 9 3 6 3 4 3 6 6 3 1 6 5 6 7 0 0 0 7 1 9 3 9 0 3 7 7 1 0 6 7 4 3 3 9 7 5 0 0 7 3 5 6 3 0 3 4 3 3 3 9 5 1 6 6 6 7 5 8 6 0 6 6 1 8 9 1 5 6 0 9 9 3 1 1 1 0 9 3 3 7 1 0 3 9 9 6 9 0 9 6 6 0 6 6 3 4 3 6 7 0 9 6 3 9 1 1 7 6 5 0 3 1 8 1 6 3 7 6 4 1 4 3 7 9 3 6 0 6 9 9 6 0 9 7 8 0 0 0 3 3 7 5 3 9 7 9 7 3 7 6 4 6 1 9 1 9 3 9 3 3 3 7 3 9 9 9 1 1 0 1 0 3 0 0 6 7 1 0 7 8 0 6 0 0 0 1 7 1 7 9 9 3 1 9 6 6 3 7 1 7 0 0 9 3 8 8 9 3 9 9 7 7 3 3 6 1 1 1 7 3 3 6 7 3 0,4bee1bbc08ef00f67002f2423869306a00f595959e368485a10251f13e26b3ff
supplement,4,13003,2,0.807799442896936,5 4 0 1 6 9 9 2 0 6 4 3 1 1 7 0 8 9 0 8 0 9 1 6 3 5 3 4 1 9 8 9 1 3 4 3 3 6 1 6 5 4 4 8 4 9 1 9 9 8 1 7 3 0 4 7 8 9 0 3 1 7 6 1 1 4 3 1 1 3 2 7 9 6 1 7 5 7 6 2 7 1 2 2 2 3 0 0 3 7 1 4 7 2 1 6 3 8 9 9 2 8 0 7 1 6 1 4 7 5 1 1 9 4 5 4 5 3 6 3 5 2 3 0 0 2 7 3 9 6 9 7 5 0 9 2 6 3 4 3 6 6 7 1 6 5 6 7 8 0 0 7 2 5 3 9 0 3 7 7 7 8 6 7 4 3 3 9 7 5 0 0 7 3 1 6 3 5 3 4 3 2 3 5 3 1 6 4 6 7 5 0 6 9 6 7 1 1 1 4 5 6 0 9 4 3 1 1 1 0 0 9 2 7 6 0 3 1 9 4 9 0 9 4 6 0 4 0 3 4 2 6 7 0 1 4 3 7 2 1 7 6 5 5 9 2 0 4 4 3 7 4 4 3 4 2 7 9 2 6 0 6 9 9 6 0 9 7 8 0 5 0 3 9 7 5 2 2 1 9 7 2 7 4 4 6 1 4 1 9 3 9 3 2 9 4 3 9 5 4 2 2 9 1 5 3 0 0 6 7 1 5 7 0 5 6 0 0 0 1 7 4 7 9 5 3 1 9 3 3 3 7 8 5 0 9 9 4 4 0 5 7 9 9 7 4 3 2 6 2 0 2 7 3 3 7 7 3 6,055db5fc5d4edae8022596c5c29a6927dde79c196c2bf87222450497e56700d7
supplement,4,13003,3,0.8746518105849582,5 4 0 1 6 9 9 2 0 6 6 3 1 1 7 0 8 9 0 8 0 9 1 6 5 5 3 4 1 9 8 9 8 3 4 3 3 6 1 6 5 4 4 5 4 9 1 9 9 8 1 7 3 0 4 7 8 9 0 5 1 7 6 2 1 4 3 1 1 3 2 7 9 6 1 7 5 7 6 2 7 8 2 2 2 3 4 0 2 7 1 4 7 2 2 6 3 8 1 9 2 8 0 8 1 6 1 4 7 5 1 2 9 4 5 4 5 3 6 3 5 2 3 0 0 2 7 3 9 6 9 7 5 0 9 2 6 9 4 3 6 6 7 1 6 5 6 7 8 0 0 7 2 5 3 9 0 3 7 7 7 8 6 7 6 3 3 9 7 5 0 0 7 3 1 6 3 5 3 4 3 2 2 5 5 1 6 4 6 7 5 0 6 5 6 7 1 1 1 7 5 6 0 9 4 3 1 1 1 0 0 9 2 5 4 0 3 1 5 4 9 0 9 4 6 0 4 0 3 8 2 6 7 0 1 4 3 7 2 2 7 6 5 5 9 2 0 4 4 7 7 4 4 3 4 2 7 9 2 6 4 6 9 9 6 0 9 1 8 0 5 0 3 9 7 5 2 2 1 9 7 2 7 4 4 6 5 4 1 9 3 1 3 2 9 4 3 9 5 4 2 2 9 1 5 3 0 0 6 7 1 5 7 0 5 6 0 0 0 1 7 4 7 2 5 3 1 9 8 8 3 7 8 5 0 9 3 7 4 0 5 7 9 9 7 4 3 2 6 2 0 2 7 3 3 7 7 3 6,e5ea4598dcfa2eeadaca3cadb689eec99b984c3904b7111b518da8826544f7fd
supplement,4,13003,4,0.8662952646239555,5 4 0 1 6 9 9 2 0 6 4 3 1 1 7 0 8 9 0 8 0 9 1 6 5 5 3 4 1 9 8 9 8 3 4 3 3 6 1 6 5 4 4 5 4 9 1 9 9 8 2 7 3 0 4 7 8 9 0 5 1 7 6 2 2 4 3 1 1 3 2 7 9 6 1 7 5 7 6 2 7 1 2 2 2 3 4 0 2 7 1 4 7 2 2 6 3 8 1 9 2 8 0 7 1 6 1 4 7 5 1 2 9 4 5 4 5 3 6 3 5 2 3 0 0 2 7 3 9 6 9 7 5 0 9 2 6 9 4 3 6 6 7 1 6 5 6 7 8 0 0 7 2 5 3 9 0 3 7 8 1 8 6 7 6 3 3 9 7 5 0 0 7 3 1 6 3 5 3 4 3 2 2 5 5 1 6 4 6 7 5 9 6 9 6 7 1 1 1 7 5 6 0 9 4 3 2 1 1 0 0 9 2 5 4 0 3 1 5 4 9 0 9 4 6 0 4 0 3 8 2 6 7 0 1 4 3 7 2 2 7 6 5 5 9 2 0 4 4 7 7 4 7 3 4 2 7 9 2 6 4 6 9 9 6 0 9 7 8 0 5 0 3 9 7 5 2 9 1 9 7 8 7 4 4 6 5 4 1 1 3 9 3 2 9 4 3 9 5 4 2 2 9 1 5 3 0 0 6 7 1 5 7 0 5 6 0 0 0 1 7 4 7 2 5 3 1 9 8 8 3 7 8 5 0 9 9 7 4 0 5 7 9 9 7 4 3 2 6 2 0 2 7 3 3 7 7 3 6,2bad153d41decb09ce57421b8c59c6e0c4f946e30e3a9b34748ccfae04649c86
supplement,4,13003,5,0.9052924791086351,5 4 0 1 6 9 9 2 0 5 6 3 1 1 7 0 8 9 5 8 0 9 1 6 5 5 3 4 1 9 8 9 8 3 4 3 3 6 1 6 5 4 4 5 4 9 8 9 9 8 1 7 3 0 4 7 8 9 0 5 1 7 6 2 1 4 3 1 1 3 2 7 9 6 1 7 5 5 6 2 7 1 2 2 2 3 4 0 2 7 8 4 7 2 2 6 3 8 1 9 2 8 0 7 1 6 1 4 7 5 1 2 9 4 5 4 5 3 6 3 5 2 3 0 0 2 7 3 9 6 9 7 5 0 9 2 6 3 4 3 6 6 7 1 6 5 6 7 8 0 0 7 2 5 3 9 0 3 7 8 1 8 6 8 6 3 3 1 7 5 0 0 7 3 1 6 3 5 3 4 3 2 2 5 5 8 6 4 6 7 5 3 6 5 6 7 1 1 1 7 5 6 0 9 4 3 1 1 1 0 0 9 2 5 4 0 3 1 5 4 9 0 9 4 6 0 4 0 3 8 2 6 7 0 1 4 8 7 2 2 7 6 5 5 9 2 0 4 4 8 7 4 7 3 4 2 7 9 8 6 4 6 9 9 6 0 9 1 8 0 5 0 3 9 7 5 2 2 1 9 7 8 7 4 4 6 5 4 1 9 3 1 3 2 9 4 5 5 5 4 2 2 9 1 5 3 0 0 6 7 1 5 7 0 5 6 0 0 0 1 5 4 7 2 5 3 1 9 8 8 5 7 8 5 0 9 9 7 4 0 5 7 9 9 7 4 3 2 6 2 0 2 7 3 3 7 7 3 6,493bfcce30786446046e13acd9f060a4333c09564fcb85562f2a54c3544ac96a
supplement,4,13004,1,0.5598885793871866,5 9 2 1 6 9 0 1 4 1 6 9 1 1 1 0 8 8 9 9 0 9 1 6 8 2 7 4 1 2 1 9 1 3 4 2 3 6 1 0 5 4 6 0 4 9 1 8 9 1 1 7 8 6 6 7 9 3 0 1 1 1 7 1 1 4 3 1 1 3 1 7 2 0 1 6 5 8 6 1 7 1 8 9 8 3 4 0 2 1 1 0 7 2 2 6 3 1 3 3 2 8 4 4 1 6 1 4 0 5 1 1 9 4 9 0 8 3 2 3 1 9 3 0 0 1 4 8 9 6 5 5 5 4 9 3 6 2 4 1 6 6 4 1 1 9 0 7 1 0 0 8 9 5 3 7 0 3 7 7 1 7 6 7 6 2 2 8 9 2 0 0 1 3 1 6 2 9 1 4 3 2 2 5 1 1 6 0 0 9 5 2 6 5 6 7 8 1 1 1 7 9 6 9 4 9 1 1 1 0 4 2 2 0 4 0 2 8 9 4 5 0 8 6 1 9 4 0 3 9 8 6 7 0 3 4 8 9 2 1 4 6 6 8 9 9 2 4 4 7 1 6 7 2 4 8 7 9 8 1 4 6 9 9 6 6 9 1 7 0 5 0 3 9 7 6 2 3 1 9 7 6 9 4 4 1 6 0 1 3 2 3 3 2 9 4 2 5 5 4 2 1 9 1 5 3 0 0 4 9 1 5 8 0 2 6 0 2 4 8 9 4 3 8 5 8 1 9 8 8 1 7 8 3 0 2 3 7 4 0 5 2 9 9 7 4 3 2 6 0 2 2 1 1 3 6 7 9 6,588d1192f0f50b055a57f7705d780a304815c97f56ff2662cfdc615ce2d7521e
supplement,4,13004,2,0.8495821727019499,5 4 0 1 6 9 8 2 0 1 1 3 1 1 7 0 8 8 9 8 0 3 1 6 3 5 1 4 1 9 1 9 8 3 4 3 3 6 1 6 5 4 4 1 4 9 1 9 9 1 1 7 3 0 4 7 8 9 0 5 1 7 6 2 1 4 3 1 1 3 2 7 3 6 1 7 5 8 6 2 7 8 2 2 2 3 4 0 2 7 1 4 7 2 2 6 3 7 4 5 2 8 0 8 1 6 1 4 7 5 1 2 9 4 5 4 5 3 6 3 5 2 3 0 0 1 7 8 9 6 3 7 5 0 9 2 6 3 4 3 6 6 7 1 6 9 6 7 8 0 0 7 2 5 3 9 0 3 7 7 1 8 6 7 6 3 3 4 7 5 0 0 1 3 1 6 3 5 3 4 3 2 2 5 5 1 6 4 6 7 5 9 6 5 6 7 1 1 1 4 5 6 0 9 4 3 1 1 1 0 0 9 2 5 4 0 3 1 9 4 5 0 8 4 6 6 4 0 3 7 2 6 7 0 1 4 8 7 2 2 7 6 5 5 9 2 0 4 4 7 7 4 7 8 4 8 7 9 8 6 4 6 9 9 6 0 9 1 7 0 5 0 3 9 7 5 2 8 1 9 7 8 7 4 4 6 5 4 1 9 3 3 3 2 9 4 8 9 5 4 2 2 9 1 5 3 0 0 6 7 1 5 7 0 5 6 0 0 4 8 7 4 9 8 5 8 1 9 8 8 5 7 8 5 0 5 3 7 4 0 5 7 9 9 7 4 3 2 6 2 0 2 7 8 3 7 7 1 6,6dd80bc70b6a3c5df712e7d0930b2673c982d550d5270ae3e621ffba8dcc95fc
supplement,4,13004,3,0.8885793871866295,5 4 0 1 6 9 8 2 0 6 1 3 1 1 7 0 8 8 9 8 0 3 1 6 5 5 1 4 1 3 8 9 8 3 4 3 3 6 1 6 5 4 4 1 4 9 1 9 9 8 1 7 3 0 4 7 8 3 0 1 1 7 6 2 1 4 3 1 1 3 2 7 3 6 1 7 5 8 6 2 7 1 2 2 2 3 4 0 2 7 1 4 7 2 2 6 3 8 1 9 2 8 0 8 1 6 1 4 7 5 1 2 9 4 5 4 5 3 6 3 5 2 3 0 0 2 7 8 9 6 3 7 5 0 9 2 6 3 4 3 6 6 7 1 6 5 6 7 8 0 0 7 2 5 3 9 0 3 7 7 1 8 6 7 6 3 3 1 7 5 0 0 7 3 1 6 3 5 3 4 3 2 2 5 5 8 6 4 6 7 5 3 6 5 6 7 1 1 1 7 7 6 0 9 4 3 1 1 1 0 0 9 2 5 4 0 3 1 5 4 3 0 8 4 6 6 4 0 3 8 2 6 7 0 1 4 8 7 2 2 7 6 5 5 9 2 0 4 4 8 7 4 7 3 4 2 7 9 8 6 4 6 9 9 6 0 9 7 1 0 5 0 3 3 7 5 2 3 1 9 7 8 7 4 4 6 5 4 1 9 3 1 3 2 9 4 8 9 5 4 2 2 9 1 5 3 0 0 6 7 1 5 7 0 5 6 0 0 0 8 8 4 9 2 5 8 1 9 8 8 8 7 8 5 0 5 3 7 4 0 5 7 9 9 7 4 3 2 8 2 0 2 7 8 3 7 7 1 6,2e950b4daef5cd529ec85f407e8ed805306b5d246489b6b28229cfc96c19e5dd
supplement,4,13004,4,0.8913649025069638,5 4 0 1 6 9 8 2 0 6 1 3 1 1 7 0 8 8 9 8 0 3 1 6 5 5 3 4 1 9 8 9 8 3 4 3 3 6 1 6 5 4 4 8 4 9 8 9 9 1 2 7 3 0 4 7 8 9 0 5 1 7 6 2 1 4 3 1 1 3 2 7 3 6 1 7 5 8 6 2 7 1 2 2 2 3 4 0 2 7 1 4 7 2 2 6 3 7 1 9 2 8 0 7 1 6 1 4 7 5 1 2 9 4 5 4 5 3 6 3 5 2 3 0 0 2 7 8 9 6 9 7 5 0 9 2 6 3 4 3 6 6 7 1 6 5 6 7 8 0 0 7 2 5 3 9 0 3 7 7 1 8 6 7 6 3 3 1 7 5 0 0 7 3 1 6 3 5 3 4 3 2 2 5 5 8 6 4 6 7 5 0 6 5 6 7 1 1 1 7 7 6 0 9 4 3 2 1 1 0 0 9 2 5 4 0 3 1 5 4 3 0 8 4 6 0 4 0 3 7 2 6 7 0 1 4 8 7 2 2 7 6 5 5 9 2 0 4 4 8 7 4 7 8 4 2 7 9 8 6 4 6 9 9 6 0 9 7 8 0 5 0 3 3 7 5 2 3 1 9 7 8 7 4 4 6 5 4 1 1 3 1 3 2 9 4 8 5 5 4 2 2 3 1 5 3 0 0 6 7 1 5 7 0 5 6 0 0 0 8 7 4 7 2 5 3 1 9 8 8 8 7 8 5 0 5 3 7 4 0 5 7 9 9 7 4 3 2 6 2 0 2 7 8 3 7 7 1 6,eb98c278283e89f3e4fbff7851a58384078a18d9b7b5e0928fd38c1f778c46d3
supplement,4,13004,5,0.9025069637883009,5 4 0 1 6 9 9 2 0 6 1 3 1 1 7 0 8 8 5 8 0 3 1 6 5 5 3 4 1 9 8 9 8 3 4 3 3 6 1 6 5 4 4 8 4 9 8 9 9 8 2 7 3 0 4 7 8 9 0 5 1 7 6 2 1 4 3 1 1 3 2 7 9 6 1 7 5 5 6 2 7 1 2 2 2 3 4 0 2 7 1 4 7 2 2 6 3 8 1 9 2 8 0 5 1 6 1 4 7 5 1 2 1 4 5 4 5 3 6 3 5 2 3 0 0 2 7 3 9 6 9 7 5 0 9 2 6 3 4 3 6 6 7 1 6 5 6 7 8 0 0 7 2 5 3 9 0 3 7 7 1 8 6 7 6 3 3 1 7 5 0 0 7 3 1 6 3 5 3 4 3 2 2 5 5 8 6 4 6 7 5 3 6 5 6 7 1 1 1 7 7 6 0 9 4 3 2 1 1 0 0 9 2 5 4 0 3 1 5 4 9 0 9 4 6 0 4 0 3 7 2 6 7 0 1 4 8 7 2 2 7 6 5 5 9 2 0 4 4 8 7 4 7 3 4 2 7 9 8 6 4 6 9 9 6 0 9 7 8 0 5 0 3 9 7 5 2 3 1 9 7 8 7 4 4 6 5 4 1 9 3 1 3 2 9 4 8 5 5 4 2 2 3 1 5 3 0 0 6 7 1 5 7 0 5 6 0 0 0 8 7 4 9 3 5 3 1 9 8 8 8 7 8 5 0 5 3 7 4 0 5 7 9 9 7 4 3 2 6 2 0 2 7 8 3 7 7 3 6,023b6595ff206c3a4bb09623e82c483eb7b212352bb2549d63faa9c5cab9167e
supplement,4,13005,1,0.6350974930362117,5 4 0 1 6 9 9 2 6 8 6 3 1 1 2 0 1 1 8 8 0 0 1 6 9 5 1 4 8 9 9 0 0 3 4 3 3 6 2 6 1 4 4 6 6 9 1 9 9 9 1 7 3 0 6 7 8 5 0 1 1 2 6 2 2 4 3 1 1 3 2 7 0 8 1 7 5 1 6 2 7 1 2 2 2 3 4 0 0 7 1 6 7 2 2 6 3 6 1 8 0 8 0 1 1 6 1 4 7 5 1 8 9 4 5 3 8 3 8 3 1 2 3 0 0 2 7 9 8 6 9 7 5 0 3 2 6 8 3 5 6 6 7 2 6 8 8 7 8 0 0 7 2 5 3 8 0 3 7 1 1 1 6 1 0 3 3 9 7 5 0 0 1 3 2 8 3 4 5 6 3 2 2 5 1 8 6 4 6 9 5 3 6 5 6 7 1 1 1 7 1 8 0 8 1 9 2 2 2 0 0 9 2 6 4 0 3 1 8 4 8 6 8 6 6 8 4 0 2 7 2 6 7 0 1 4 1 5 2 2 7 6 0 5 8 2 0 7 4 1 7 7 7 9 4 7 7 9 8 0 6 6 8 9 6 0 8 7 9 0 5 0 3 0 7 0 2 0 1 9 7 2 7 4 4 6 5 3 2 1 9 1 0 0 8 4 8 8 9 4 2 2 5 1 5 3 0 6 6 4 1 9 7 6 9 6 9 0 0 1 7 4 3 1 5 9 1 9 8 0 1 7 8 6 6 9 8 7 4 0 5 3 0 9 7 6 3 2 6 6 0 2 7 8 3 8 7 1 6,10253502cd8bba8a3ce2d49d8873a875cf330868b53cb09a89ce57f21c1bb37b
supplement,4,13005,2,0.8579387186629527,5 4 0 1 6 9 9 2 0 6 6 3 1 1 8 0 8 8 5 8 0 3 1 6 5 5 1 4 1 9 1 9 8 3 4 3 3 6 1 6 5 4 4 5 4 9 8 9 9 1 1 7 3 0 4 7 8 9 0 5 1 7 6 2 1 4 3 1 1 3 2 7 3 6 1 7 5 5 6 2 7 1 2 2 2 3 4 0 2 7 1 4 7 2 2 6 3 1 1 3 2 8 0 7 1 6 1 4 7 5 1 2 9 4 5 4 5 3 6 3 5 2 3 0 0 2 7 8 9 6 9 7 5 0 9 2 6 9 4 3 6 6 7 2 6 5 6 7 8 0 0 7 2 5 3 9 0 3 7 1 1 1 6 8 6 3 3 9 7 5 0 0 8 3 1 6 3 5 3 4 3 2 2 5 1 8 6 4 6 7 5 3 6 9 6 7 1 1 1 7 8 6 0 9 4 3 2 1 1 0 0 9 2 5 4 0 3 1 5 4 9 0 9 4 6 9 4 0 3 1 2 6 7 0 1 4 8 5 2 2 7 6 5 5 9 2 0 7 4 1 7 4 7 8 4 7 7 9 8 5 4 6 9 9 6 0 9 7 8 0 5 0 3 0 7 5 2 3 1 9 7 8 7 4 4 6 5 4 1 1 3 1 3 2 9 4 8 9 5 4 2 2 9 1 5 3 0 0 6 7 1 5 7 0 5 6 0 0 0 1 5 4 7 1 5 3 1 9 8 8 5 7 1 5 0 9 9 7 4 0 5 7 0 9 7 4 3 2 6 2 0 2 7 8 3 7 7 1 6,478c78fbb5abde2030c4f8db08f7d8db689241c5914b73e554b141f524f9e5ae
supplement,4,13005,3,0.8662952646239555,5 4 0 1 6 9 9 2 0 2 6 3 1 1 7 0 8 9 5 8 0 3 1 6 5 5 3 4 1 3 1 9 8 3 4 3 3 6 1 6 5 4 4 5 4 9 8 9 9 1 1 7 3 0 4 7 8 9 0 5 1 7 6 2 2 4 3 1 1 3 2 7 3 6 1 7 5 5 6 2 7 2 2 2 2 3 4 0 2 7 8 4 7 2 2 6 3 1 1 9 2 8 0 8 1 6 1 4 7 5 1 2 9 4 5 4 5 3 6 3 5 2 3 0 0 2 7 9 9 6 9 7 5 0 9 2 6 9 4 3 6 6 7 2 6 5 6 7 8 0 0 7 2 5 3 9 0 3 7 7 1 8 6 8 6 3 3 9 7 5 0 0 8 3 1 6 3 5 3 4 3 2 2 5 5 2 6 4 6 7 5 3 6 5 6 7 1 1 1 7 5 6 0 9 4 3 2 1 1 0 5 9 2 5 4 0 3 1 5 4 9 0 9 4 6 0 4 0 3 7 2 6 7 0 1 4 8 5 2 2 7 6 5 5 9 2 0 4 4 8 7 4 7 9 4 2 7 9 8 5 4 6 9 9 6 0 9 7 8 0 5 0 3 3 7 5 2 2 1 3 7 8 7 4 4 6 5 4 1 9 3 1 3 2 9 4 5 5 5 4 2 2 9 1 5 3 0 0 6 7 1 5 7 0 5 6 0 0 0 1 5 4 7 2 5 3 1 9 8 8 5 7 8 5 0 9 9 7 4 0 5 7 0 9 7 4 3 2 6 2 0 2 7 8 3 7 7 1 6,f6b17cc8a2ba703a7e84495af46eea7d1b436df24cc4c3185b291c42e72ff6a4
supplement,4,13005,4,0.8913649025069638,5 4 0 1 6 9 9 2 0 6 6 3 1 1 7 0 8 9 5 8 0 3 1 6 9 5 3 4 1 3 8 9 8 3 4 3 3 6 1 6 5 4 4 5 4 9 1 9 9 1 1 7 3 0 4 7 8 9 0 5 1 7 6 2 1 4 3 1 1 3 2 7 9 6 1 7 5 5 6 2 7 1 2 2 2 3 4 0 2 7 8 4 7 2 2 6 3 1 1 9 2 8 0 8 1 6 1 4 7 5 1 2 9 4 5 4 5 3 6 3 5 2 3 0 0 2 7 9 9 6 9 7 5 0 9 2 6 3 4 3 6 6 7 1 6 5 6 7 8 0 0 7 2 5 3 9 0 3 7 7 1 8 6 8 6 3 3 9 7 5 0 0 8 3 1 6 3 5 3 4 3 2 2 5 5 1 6 4 6 8 5 3 6 9 6 7 1 1 1 7 8 6 0 9 4 3 2 1 1 0 0 9 2 5 4 0 3 1 5 4 9 0 9 4 6 0 4 0 3 8 2 6 7 0 1 4 8 7 2 2 7 6 5 5 9 2 0 4 4 8 7 4 7 8 4 2 7 9 8 6 4 6 9 9 6 0 9 1 8 0 5 0 3 9 7 5 2 2 1 9 7 8 7 4 4 6 5 4 1 9 3 1 3 2 9 4 8 5 5 4 2 2 3 1 5 3 0 0 6 7 1 5 7 0 5 6 0 0 0 1 7 4 9 2 5 3 1 9 8 8 5 7 8 5 0 9 9 7 4 0 5 7 0 9 7 4 3 2 6 2 0 2 7 8 3 7 7 1 6,87c31bfb1e3dcaebe7d65ec3233120d8dbe15698778763ce04a6f6f11739a5dd
supplement,4,13005,5,0.883008356545961,5 4 0 1 6 9 9 2 6 6 6 3 1 1 7 0 8 9 5 8 0 3 1 6 5 5 1 4 1 9 8 9 8 3 4 3 3 6 1 6 5 4 4 5 4 9 1 9 9 1 1 7 3 0 4 7 8 9 0 5 1 7 6 2 2 4 3 1 1 3 2 7 9 6 1 7 5 5 6 2 7 1 2 2 2 3 4 0 2 7 8 4 7 2 2 6 3 1 1 9 2 8 0 8 1 6 1 4 7 5 1 2 1 4 5 4 5 3 6 3 5 2 3 0 0 2 7 9 9 6 9 7 5 0 9 2 6 9 4 3 6 6 7 6 6 5 6 7 8 0 0 7 2 5 3 9 0 3 7 7 1 8 6 2 6 3 3 9 7 5 0 0 7 3 1 6 3 5 3 4 3 2 2 5 5 1 6 4 6 7 5 3 6 9 6 7 1 1 1 7 8 6 0 9 4 3 2 1 1 0 0 9 2 5 4 0 3 1 5 4 9 0 9 4 6 0 4 0 3 7 2 6 7 0 1 4 8 7 2 2 7 6 5 5 9 2 0 4 4 8 7 4 7 8 4 2 7 9 8 5 4 6 9 9 6 0 9 1 8 0 5 0 3 9 7 5 2 2 1 9 7 8 7 4 4 6 5 4 1 9 3 1 3 2 9 4 8 5 5 4 2 2 9 1 5 3 0 0 6 7 1 5 7 0 5 6 0 0 0 1 7 4 9 2 5 3 1 9 8 8 8 7 8 5 0 9 9 7 4 0 5 7 0 9 7 4 3 2 6 2 0 2 7 8 3 7 7 1 6,a9f1577f323e1b2a6156644be144dd17d6d402b3a16b2211a28abbabfd164ee6
supplement,4,13006,1,0.5487465181058496,9 9 0 1 0 9 0 1 6 0 0 1 1 1 9 0 1 9 5 9 0 0 1 0 9 4 8 4 1 5 7 5 1 3 4 3 3 6 1 0 5 4 4 6 4 0 1 4 3 1 1 3 3 0 4 1 2 3 0 8 1 4 0 1 1 4 3 1 1 3 2 2 2 0 1 7 5 9 0 6 3 1 2 0 2 3 4 0 2 4 1 6 3 2 2 6 3 0 1 5 8 0 4 3 1 0 1 4 2 5 1 0 9 4 3 9 8 3 0 3 8 2 3 0 0 1 4 9 9 0 9 7 5 0 9 2 0 3 4 0 0 0 4 1 0 5 6 3 1 0 0 2 0 5 3 9 0 3 3 8 4 1 0 2 0 3 3 1 5 5 0 0 2 3 1 0 8 4 1 4 3 2 2 5 8 1 6 4 0 9 7 0 6 5 6 3 1 1 1 1 8 0 0 9 1 3 1 1 1 0 5 9 2 4 6 0 0 1 3 4 9 0 0 4 6 6 4 0 1 3 2 0 3 0 1 4 7 9 2 2 1 6 5 9 9 2 0 4 4 3 1 4 0 0 4 1 2 2 2 0 4 6 2 0 6 4 9 1 1 0 5 0 3 3 2 5 2 3 1 2 2 7 4 6 4 0 5 4 1 1 8 1 3 2 9 0 8 9 5 4 2 2 9 1 5 3 0 0 0 9 1 9 2 0 5 0 0 0 0 1 8 4 9 8 5 9 1 3 7 7 8 1 4 3 0 9 9 3 4 0 3 8 0 9 3 4 3 2 0 2 0 2 2 4 3 1 4 8 6,c09b98efa7948247765211013aa4307ed91f54a1b35e65fd78a9f53b32a7d139
supplement,4,13006,2,0.8328690807799443,5 4 0 1 6 9 9 1 4 6 1 2 1 1 7 0 8 8 5 8 0 3 1 6 5 5 3 4 1 5 8 9 8 3 4 3 3 6 1 6 5 4 4 6 4 9 1 9 3 1 1 2 3 0 4 7 8 3 0 8 1 7 6 2 1 4 3 1 1 3 2 7 3 6 1 7 5 9 6 2 7 1 2 2 2 3 4 0 2 4 8 4 7 2 2 6 3 1 1 9 2 1 0 7 1 6 1 4 7 5 1 2 9 4 5 4 5 3 6 3 5 2 3 0 0 2 4 9 9 6 9 7 5 0 9 2 6 3 4 3 6 6 4 1 6 5 6 7 1 0 0 7 2 5 3 9 0 3 7 8 1 7 6 2 6 3 3 1 7 5 0 0 7 3 1 6 3 5 1 4 3 2 2 5 8 1 6 4 6 7 5 0 6 5 6 7 1 1 1 4 5 6 0 9 4 3 1 1 1 0 0 9 2 5 4 0 3 1 5 4 9 0 9 4 6 0 4 0 3 1 2 6 2 0 1 4 8 7 2 2 7 6 5 5 9 2 0 4 4 8 7 4 4 7 4 2 7 9 8 6 4 6 9 3 6 0 9 1 1 0 5 0 3 3 2 5 2 3 1 0 2 8 4 4 4 6 5 4 1 1 3 1 3 2 9 4 8 9 5 4 2 2 3 1 5 3 0 0 6 7 1 5 7 0 5 6 0 0 0 1 7 4 9 3 5 3 1 9 8 8 8 7 8 5 0 0 9 7 4 0 5 7 0 9 7 4 3 2 6 2 0 2 7 4 3 7 7 1 6,72d201fe6fc0a6f2727206fb80b2551e9f9f7a3fe480e33863b1049e9eaf9744
supplement,4,13006,3,0.8662952646239555,5 4 0 1 6 9 9 2 4 6 1 3 1 1 7 0 8 9 5 8 0 3 1 6 5 5 3 4 1 9 8 9 8 3 4 3 3 6 1 6 5 4 4 6 4 9 1 9 9 1 1 7 3 0 4 7 2 3 0 3 1 7 6 2 1 4 3 1 1 3 2 7 3 6 1 7 5 9 6 2 7 1 2 2 2 3 4 0 2 4 1 4 7 2 2 6 3 1 1 9 2 8 0 7 1 6 1 4 7 5 1 2 9 4 5 4 5 3 6 3 5 2 3 0 0 2 7 3 9 6 9 7 5 0 9 2 6 3 4 3 6 6 4 1 6 9 6 7 1 0 0 7 2 5 3 9 0 3 7 8 1 8 6 2 6 3 3 1 7 5 0 0 7 3 1 6 3 5 3 4 3 2 2 5 8 1 6 4 6 7 5 0 6 9 6 7 1 1 1 7 5 6 0 9 4 3 1 1 1 0 0 9 2 5 4 0 3 1 5 4 9 0 9 4 6 0 4 0 3 7 2 6 7 0 1 4 8 7 2 2 7 6 5 5 9 2 0 4 4 2 7 4 7 8 4 2 7 9 8 6 4 6 3 9 6 0 9 1 1 0 5 0 3 9 2 5 2 3 1 0 2 8 7 4 4 6 5 4 1 1 3 1 3 2 9 4 8 9 5 4 2 2 9 1 5 3 0 0 6 9 1 5 7 0 5 6 0 0 0 1 7 4 9 2 5 3 1 9 8 8 8 7 8 5 0 9 9 7 4 0 5 7 0 9 7 4 3 2 6 2 0 2 7 8 3 7 7 3 6,c6c51205b9a8864eb030a75ed94eef1a478cdb691ac27380325fc1e5ad5caf24
supplement,4,13006,4,0.8997214484679665,5 4 0 1 6 9 9 2 0 6 1 3 1 1 7 0 8 9 5 8 0 3 1 6 5 5 3 4 1 9 8 9 8 3 4 3 3 6 1 6 5 4 4 5 4 9 8 9 9 1 1 7 3 0 4 7 7 3 0 5 1 7 6 2 1 4 3 1 1 3 2 7 9 6 1 7 5 9 6 2 7 1 2 2 2 3 4 0 2 7 8 4 7 2 2 6 3 1 1 9 2 8 0 7 1 6 1 4 7 5 1 2 9 4 5 4 5 3 6 3 5 2 3 0 0 2 7 3 9 6 9 7 5 0 9 2 6 3 4 3 6 6 7 1 6 5 6 7 8 0 0 7 2 5 3 9 0 3 7 8 1 8 6 8 6 3 3 1 7 5 0 0 7 3 1 6 3 5 3 4 3 2 2 5 5 1 6 4 6 5 5 3 6 9 6 7 1 1 1 7 5 6 0 9 4 3 1 1 1 0 0 9 2 5 4 0 3 1 5 4 9 0 9 4 6 0 4 0 3 8 2 6 7 0 1 4 8 7 2 2 7 6 5 5 9 2 0 4 4 8 7 4 7 8 4 2 7 9 8 6 4 6 9 3 6 0 9 1 8 0 5 0 3 9 7 5 2 3 1 9 7 8 7 4 4 6 5 4 1 1 3 1 3 2 9 4 8 5 5 4 2 2 9 1 5 3 0 0 6 7 1 5 7 0 5 6 0 0 0 8 7 4 9 3 5 3 1 9 8 8 8 7 8 5 0 9 9 7 4 0 5 7 9 9 7 4 3 2 6 2 0 2 7 8 3 7 7 8 6,831f0149e832387510f78995259366df3e6ddad502032ca07e1aadc270e58d3c
supplement,4,13006,5,0.9080779944289693,5 4 0 1 6 9 9 2 0 6 6 3 1 1 7 0 8 9 5 8 0 3 1 6 5 5 3 4 1 9 8 9 8 3 4 3 3 6 1 6 5 4 4 5 4 9 8 9 9 8 1 7 3 0 4 7 8 9 0 5 1 7 6 2 1 4 3 1 1 3 2 7 9 6 1 7 5 9 6 2 7 1 2 2 2 3 4 0 2 7 8 4 7 2 2 6 3 8 1 9 2 8 0 7 1 6 1 4 7 5 1 2 9 4 5 4 5 3 6 3 5 2 3 0 0 2 7 3 9 6 9 7 5 0 9 2 6 3 4 3 6 6 7 1 6 5 6 7 8 0 0 7 2 5 3 9 0 3 7 8 1 8 6 8 6 3 3 9 7 5 0 0 7 3 1 6 3 5 8 4 3 2 2 5 8 1 6 4 6 7 5 3 6 9 6 7 1 1 1 7 5 6 0 9 4 3 1 1 1 0 0 9 2 5 4 0 3 1 5 4 9 0 9 4 6 0 4 0 3 8 2 6 7 0 1 4 8 7 2 2 7 6 5 5 9 2 0 4 4 8 7 4 7 8 4 2 7 9 8 6 4 6 9 9 6 0 9 1 8 0 5 0 3 9 7 5 2 3 1 9 7 8 7 4 4 6 5 4 1 1 3 1 3 2 9 4 8 9 5 4 2 2 9 1 5 3 0 0 6 7 1 5 7 0 5 6 0 0 0 8 7 4 9 2 5 3 1 9 8 8 8 7 8 5 0 9 9 7 4 0 5 7 0 9 7 4 3 2 6 2 0 2 7 8 3 7 7 8 6,e73877165f3c8706cb0c77698a562a50b16c8367989ba0536b38a9da88b7abdf
supplement,4,13007,1,0.6239554317548747,5 1 0 4 6 9 8 2 6 2 6 3 4 1 7 0 8 1 9 5 0 0 1 6 9 5 7 4 8 9 1 9 2 4 4 5 5 6 1 6 5 4 4 0 4 0 4 9 3 0 2 0 0 0 4 7 1 9 0 5 1 5 6 2 2 4 0 1 4 5 2 7 2 6 4 7 5 1 6 2 7 2 2 2 2 5 0 0 2 4 8 4 1 2 2 6 9 0 4 5 2 3 0 1 8 6 1 4 7 5 6 2 9 4 5 4 5 3 6 3 2 2 9 0 0 3 7 7 9 6 9 7 5 0 5 2 6 9 5 2 6 6 5 6 6 9 6 7 3 0 0 4 6 5 2 9 0 5 7 7 8 1 6 7 6 9 2 0 7 5 0 0 8 0 2 6 3 5 0 4 0 2 2 5 8 8 6 4 6 8 5 9 6 9 6 7 4 8 1 4 5 6 0 9 4 3 6 4 4 0 0 9 2 5 4 0 2 1 5 4 9 0 9 4 6 6 4 0 3 0 1 6 7 0 8 4 1 1 2 2 1 6 5 9 9 2 0 7 4 2 4 4 7 6 4 3 7 9 8 5 4 6 9 0 6 0 9 1 3 0 5 0 0 9 7 5 2 0 1 9 7 2 7 4 4 6 5 4 2 3 9 0 5 2 9 4 8 5 5 4 2 2 9 2 5 3 0 0 6 1 4 5 5 0 5 6 0 0 0 4 8 4 0 1 5 0 1 8 8 6 5 7 3 5 0 9 8 7 4 0 5 7 0 9 1 0 9 2 0 2 0 2 1 3 5 4 5 1 6,33f396c1ff4db9d1c57cae5b8d3ffef24b0e8079c3a380f76086c0f924e21678
supplement,4,13007,2,0.8105849582172702,5 4 0 1 6 9 5 2 6 2 6 3 1 1 7 0 8 5 5 5 0 3 1 6 9 5 1 4 1 9 1 9 8 3 4 5 3 6 1 6 5 4 4 0 4 9 1 9 3 8 2 7 5 0 4 7 7 3 0 5 1 7 6 2 1 4 3 1 1 5 2 7 3 6 1 7 5 5 6 2 7 1 2 2 2 3 0 0 7 7 8 4 7 2 2 6 3 1 1 5 2 1 0 5 1 6 1 4 7 5 1 2 9 4 5 4 5 3 6 3 5 2 9 0 0 2 7 9 9 6 9 7 5 0 5 2 6 3 4 3 6 6 7 1 6 5 6 7 8 0 0 7 2 5 3 9 0 3 7 5 8 1 6 2 6 3 3 1 7 5 0 0 7 3 1 6 3 5 2 4 3 2 2 5 2 8 6 4 6 5 5 3 6 9 6 7 1 8 1 1 5 6 0 9 4 3 2 1 1 0 0 9 2 5 4 0 3 1 5 4 9 0 8 4 6 0 4 0 3 8 2 6 7 0 1 4 8 1 2 2 7 6 5 5 9 2 0 4 4 2 7 4 7 8 4 2 7 9 8 6 4 6 9 3 6 0 9 1 2 0 5 0 3 9 7 5 2 3 1 9 7 2 7 4 4 6 5 5 1 3 3 1 5 2 9 4 5 5 5 4 2 2 9 1 5 3 0 0 6 1 1 5 7 0 5 6 0 0 0 1 8 4 9 2 5 3 1 9 8 8 5 7 8 5 0 9 9 7 4 0 5 7 9 9 7 4 9 2 6 2 0 2 7 3 3 7 7 1 6,8885369fff993540b7dec3b40c25399c7e958eb3cbe5dcc49d25dcabae917a14
supplement,4,13007,3,0.8662952646239555,5 4 0 1 6 9 9 2 6 6 6 3 1 1 7 0 8 8 5 8 0 3 1 6 9 5 1 4 1 9 8 9 8 3 4 3 3 6 1 6 5 4 4 1 4 9 1 9 3 8 2 7 3 0 4 7 7 3 0 5 1 7 6 2 1 4 3 1 1 3 2 7 9 6 1 7 5 5 6 2 7 1 2 2 2 3 4 0 2 7 8 4 7 2 2 6 3 1 1 9 2 8 0 7 1 6 1 4 7 5 1 2 9 4 5 4 5 3 6 3 5 2 3 0 0 2 7 8 9 6 3 7 5 0 9 2 6 3 4 3 6 6 7 1 6 5 6 7 8 0 0 7 2 5 3 9 0 3 7 8 8 1 6 2 6 3 3 1 7 5 0 0 2 3 1 6 3 5 8 4 3 2 2 5 5 8 6 4 6 7 5 3 6 9 6 7 1 1 1 4 5 6 0 9 4 3 2 1 1 0 0 9 2 5 4 0 3 1 5 4 9 0 9 4 6 0 4 0 3 7 2 6 7 0 1 4 8 7 2 2 7 6 5 5 9 2 0 4 4 2 7 4 4 8 4 2 7 9 8 6 4 6 9 3 6 0 9 1 8 0 5 0 3 9 7 5 2 3 1 9 7 8 7 4 4 6 5 4 1 1 3 1 3 2 9 4 2 5 5 4 2 2 3 1 5 3 0 0 6 7 1 5 7 0 5 6 0 0 0 1 7 4 9 3 5 3 1 9 8 8 5 7 8 5 0 9 8 7 4 0 5 7 9 9 7 4 3 2 6 2 0 2 7 3 3 7 7 1 6,dd7988a1f6423b01eb9c58b2506ebab40dce226a85fd980dccfe107af0294b19
supplement,4,13007,4,0.8551532033426184,5 4 0 1 6 9 3 2 6 6 6 3 1 1 7 0 8 9 5 8 0 3 1 6 9 5 2 4 1 9 8 9 8 3 4 3 3 6 1 6 5 4 4 1 4 9 1 9 3 2 2 7 3 0 4 7 7 3 0 5 1 7 6 2 2 4 3 1 1 3 2 7 3 6 1 7 5 5 6 2 7 1 2 2 2 3 4 0 2 7 8 4 7 2 2 6 3 2 1 9 2 8 0 7 1 6 1 4 7 5 1 2 9 4 5 4 5 3 6 3 5 2 3 0 0 2 7 8 9 6 3 7 5 0 9 2 6 3 4 3 6 6 4 1 6 5 6 7 8 0 0 7 2 5 3 9 0 3 7 8 1 8 6 2 6 3 3 1 7 5 0 0 7 3 2 6 3 5 3 4 3 2 2 5 2 1 6 4 6 7 5 3 6 9 6 7 1 2 1 7 5 6 0 9 4 3 1 1 1 0 0 9 2 5 4 0 3 1 5 4 3 0 9 4 6 0 4 0 3 8 2 6 7 0 1 4 8 7 2 2 7 6 5 5 9 2 0 4 4 2 7 4 4 3 4 2 7 9 8 6 4 6 9 3 6 0 9 1 8 0 5 0 3 3 7 5 2 3 1 9 7 8 7 4 4 6 5 4 1 3 3 1 3 2 9 4 3 5 5 4 2 2 9 1 5 3 0 0 6 7 1 5 7 0 5 6 0 0 0 1 5 4 9 2 5 3 1 9 8 8 5 7 8 5 0 9 3 7 4 0 5 7 9 9 7 4 3 2 6 2 0 2 7 2 3 7 7 1 6,1bab020fc243fbe0b6859e52c1ac9348ef5d4217a1d897291a7b81e460f02715
supplement,4,13007,5,0.8913649025069638,5 4 0 1 6 9 9 2 6 6 6 3 1 1 7 0 8 9 5 8 0 3 1 6 5 5 3 4 1 9 8 9 8 3 4 3 3 6 1 6 5 4 4 1 4 9 1 9 9 8 2 7 3 0 4 7 7 9 0 5 1 7 6 2 1 4 3 1 1 3 2 7 9 6 1 7 5 5 6 2 7 1 2 2 2 3 4 0 2 7 8 4 7 2 2 6 3 1 1 9 2 8 0 7 1 6 1 4 7 5 1 2 9 4 5 4 5 3 6 3 5 2 3 0 0 2 7 8 9 6 9 7 5 0 9 2 6 3 4 3 6 6 7 1 6 5 6 7 8 0 0 7 2 5 3 9 0 3 7 8 1 6 6 2 6 3 3 1 7 5 0 0 7 3 1 6 3 5 3 4 3 2 2 5 5 1 6 4 6 7 5 0 6 9 6 7 1 1 1 7 5 6 0 9 4 3 1 1 1 0 0 9 2 5 4 0 3 1 5 4 9 0 9 4 6 0 4 0 3 8 2 6 7 0 1 4 8 7 2 2 7 6 5 5 9 2 0 4 4 8 7 4 7 8 4 2 7 9 8 6 4 6 9 9 6 0 9 1 8 0 5 0 3 9 7 5 2 3 1 9 7 2 7 4 4 6 5 4 1 1 3 1 3 2 9 4 8 9 5 4 2 2 9 1 5 3 0 0 6 7 1 5 7 0 5 6 0 0 0 1 7 4 9 2 5 3 1 9 8 8 5 7 8 5 0 9 9 7 4 0 5 7 9 9 7 4 3 2 6 2 0 2 7 8 3 7 7 2 6,ffb22fefe2f0cdafdd08e5a7ba94a50b51d6ffe4c1bef18d64164672dea14d9f
supplement,4,13008,1,0.6016713091922006,5 4 0 7 0 2 0 2 6 6 1 8 1 2 8 0 6 9 5 6 0 8 1 6 5 5 3 4 2 8 8 5 8 3 4 3 1 6 1 6 5 4 0 2 0 8 8 2 9 9 2 7 3 0 4 7 5 8 0 5 1 7 6 2 1 4 2 1 9 3 2 7 9 6 7 7 5 9 6 2 7 0 2 8 2 3 0 0 2 7 2 0 7 2 8 6 8 0 9 5 2 8 0 5 1 6 9 0 7 5 1 2 9 0 5 7 5 8 6 1 5 2 3 0 0 2 7 6 4 6 9 7 5 0 9 2 6 8 4 8 0 6 9 1 6 5 6 7 8 0 0 7 8 5 3 8 0 3 7 9 2 6 6 2 6 8 3 9 2 5 0 0 2 2 1 6 8 5 8 4 1 2 2 5 5 2 6 4 6 7 5 8 6 1 6 7 0 5 6 3 5 6 0 1 4 8 1 7 2 0 5 2 2 5 1 0 2 1 5 4 8 0 8 4 6 2 4 0 3 8 2 6 2 0 9 4 8 5 2 2 7 6 5 5 2 2 0 7 5 5 7 4 4 6 5 2 7 2 5 6 0 6 8 4 6 0 0 7 6 0 5 0 3 8 2 5 2 0 2 4 7 2 7 4 0 6 5 5 1 0 2 9 8 2 4 4 5 8 5 4 2 2 2 2 5 8 0 0 6 9 1 5 7 0 5 6 0 0 0 9 3 4 9 0 5 2 1 8 2 2 5 7 8 5 0 8 8 9 4 0 5 7 8 8 7 0 3 2 0 2 0 2 7 2 5 7 7 1 6,a135d0b4de3f0822aca9cb6faa2de709dbcc3e99df1ed630db71744b0a9abe0b
supplement,4,13008,2,0.807799442896936,5 4 0 1 6 3 9 2 6 6 6 3 1 1 7 0 2 9 5 8 0 9 1 6 6 5 3 4 1 3 8 9 8 3 4 3 3 6 1 6 5 4 4 2 4 9 1 9 0 1 2 7 3 0 4 7 7 3 0 1 1 7 6 2 1 4 3 1 1 3 2 7 9 6 1 7 5 7 6 2 7 1 2 2 2 3 4 0 2 7 8 4 7 2 2 6 3 1 1 9 2 8 0 7 1 6 1 4 7 5 1 2 9 4 5 4 5 3 6 3 5 2 3 0 0 2 7 1 9 6 9 7 5 0 9 2 6 2 4 3 6 6 4 1 6 5 6 7 8 0 0 7 2 5 3 9 0 3 7 1 7 6 6 2 6 3 3 9 7 5 0 0 7 3 1 6 3 5 3 4 3 2 2 5 1 1 6 4 6 7 5 0 6 3 6 7 1 2 1 7 5 6 0 9 4 3 1 1 1 0 0 3 2 5 4 0 3 1 5 4 3 0 3 4 6 0 4 0 3 5 2 6 7 0 1 4 3 7 2 2 7 6 5 6 0 2 0 4 4 2 7 4 4 6 4 2 7 9 2 6 4 6 9 9 6 0 9 7 6 0 5 0 3 9 7 5 2 2 1 3 7 2 7 4 4 6 5 4 1 3 3 1 3 2 9 4 3 9 5 4 2 2 9 1 5 3 0 0 6 7 1 5 7 0 5 6 0 0 0 1 7 4 9 3 5 3 1 9 8 6 1 7 8 5 0 9 3 7 4 0 5 7 0 9 7 4 3 2 6 2 0 2 7 3 3 7 7 1 6,93522836e1c5283b33fcf18a679743ac510f528e87abd8c9c00380ae344ce0ba
supplement,4,13008,3,0.8607242339832869,5 4 0 1 6 9 9 2 6 6 6 3 1 1 7 0 1 9 5 8 0 9 1 6 5 5 7 4 1 9 8 9 8 3 4 3 3 6 1 6 5 4 4 5 4 9 8 9 9 1 1 7 3 0 4 7 5 9 0 5 1 7 6 2 1 4 3 1 1 3 2 7 9 6 1 7 5 5 6 2 7 1 2 2 2 3 4 0 2 7 8 4 7 2 2 6 3 1 1 9 2 8 0 7 1 6 1 4 7 5 1 2 9 4 5 4 5 3 6 3 5 2 3 0 0 2 7 3 9 6 9 7 5 0 9 2 6 3 4 3 6 6 7 1 6 5 6 7 8 0 0 7 2 5 3 9 0 3 7 1 8 6 6 2 6 3 3 9 7 5 0 0 7 3 1 6 3 5 3 4 3 2 2 5 5 2 6 4 6 7 5 0 6 9 6 7 1 1 1 7 5 6 0 9 4 3 1 1 1 0 0 9 2 5 4 0 3 1 5 4 9 0 9 4 6 0 4 0 3 8 2 6 7 0 1 4 8 7 2 2 7 6 5 5 9 2 0 4 4 2 7 4 7 3 4 7 7 9 8 6 4 6 9 9 6 0 9 7 1 0 5 0 3 9 7 5 2 0 1 9 7 8 7 4 4 6 5 4 1 9 3 1 3 2 9 4 3 5 5 4 2 2 9 1 5 3 0 0 6 7 1 5 7 0 5 6 0 0 0 1 7 4 7 2 5 3 1 9 8 8 5 7 8 5 0 9 9 7 4 0 5 7 0 9 7 4 3 2 6 2 0 2 7 8 3 7 7 3 6,4086b4d6b44350475ad5d9959f98d5b2c1ebe466830a6bf6d2d96da5c26157d4
supplement,4,13008,4,0.8802228412256268,5 4 0 1 6 9 9 2 6 6 1 3 1 1 7 0 8 9 5 8 0 9 1 6 5 5 3 4 1 3 8 9 8 3 4 3 3 6 1 6 5 4 4 6 4 9 1 9 9 1 2 7 3 0 4 7 8 9 0 5 8 7 6 2 1 4 3 1 1 3 2 7 9 6 1 7 5 5 6 2 7 1 2 2 2 3 4 0 2 7 8 4 7 2 2 6 3 1 1 9 2 8 0 7 8 6 1 4 7 5 1 2 9 4 5 4 5 3 6 3 5 2 3 0 0 2 7 1 9 6 9 7 5 0 9 2 6 3 4 3 6 6 7 1 6 5 6 7 8 0 0 7 2 5 3 9 0 3 7 8 8 6 6 2 6 3 3 9 7 5 0 0 7 3 1 6 3 5 8 4 3 2 2 5 5 8 6 4 6 7 5 0 6 5 6 7 1 1 1 7 5 6 0 9 4 3 2 1 1 0 0 9 2 5 4 0 3 1 5 4 9 0 9 4 6 0 4 0 3 7 2 6 7 0 1 4 8 7 2 2 7 6 5 5 9 2 0 4 4 8 7 4 7 8 4 2 7 9 8 6 4 6 9 9 6 0 9 7 6 0 5 0 3 9 7 5 2 0 1 9 7 8 7 4 4 6 5 4 1 1 3 1 3 2 9 4 8 5 5 4 2 2 9 1 5 3 0 0 6 7 1 5 7 0 5 6 0 0 0 1 5 4 9 2 5 3 1 9 8 8 8 7 8 5 0 9 9 7 4 0 5 7 0 9 7 4 3 2 6 2 0 2 7 8 3 7 7 1 6,130792a744b3bc65473e3b4f134d84a526242c2015f9398716374cf3f0f36042
supplement,4,13008,5,0.8774373259052924,5 4 0 1 6 9 9 2 6 6 6 3 1 1 7 0 8 9 5 8 0 9 1 6 5 5 2 4 1 9 8 9 8 3 4 3 3 6 1 6 5 4 4 5 4 9 1 9 9 1 2 7 3 0 4 7 5 9 0 5 8 7 6 2 1 4 3 1 1 3 2 7 9 6 1 7 5 9 6 2 7 1 2 2 2 3 4 0 2 7 8 4 7 2 2 6 3 1 1 9 2 8 0 7 1 6 1 4 7 5 1 2 9 4 5 4 5 3 6 3 5 2 3 0 0 2 7 9 9 6 9 7 5 0 9 2 6 3 4 3 6 6 7 1 6 5 6 7 8 0 0 7 2 5 3 9 0 3 7 8 8 6 6 2 6 3 3 9 7 5 0 0 7 3 1 6 3 5 3 4 3 2 2 5 5 1 6 4 6 7 5 0 6 5 6 7 1 1 1 7 5 6 0 9 4 3 1 1 1 0 0 9 2 5 4 0 3 1 5 4 9 0 9 4 6 0 4 0 3 8 2 6 7 0 1 4 8 7 2 2 7 6 5 5 9 2 0 4 4 8 7 4 7 3 4 2 7 9 8 6 4 6 9 9 6 0 9 7 1 0 5 0 3 9 7 5 2 2 1 9 7 8 7 4 4 6 5 4 1 1 3 1 3 2 9 4 3 5 5 4 2 2 9 1 5 3 0 0 6 7 1 5 7 0 5 6 0 0 0 8 5 4 7 2 5 3 1 9 8 8 5 7 8 5 0 9 9 7 4 0 5 7 0 9 7 4 3 2 6 2 0 2 7 8 3 7 7 1 6,5b9a67e427583951e2c66ac151ccee6ada73a848cf1e18e095c38b834ad28c87
supplement,4,13009,1,0.5766016713091922,5 9 0 1 6 0 0 2 0 4 1 9 1 1 9 0 2 0 5 8 0 0 1 6 5 5 3 0 2 0 1 9 1 8 1 3 3 6 2 6 5 2 6 4 0 0 2 9 9 1 2 1 0 0 6 7 9 0 0 3 1 1 6 2 2 6 5 1 9 3 2 7 9 6 1 7 5 8 6 2 3 1 8 0 8 3 6 0 8 1 1 4 7 0 8 6 3 1 1 9 3 2 0 4 1 6 1 4 4 5 1 5 4 4 5 4 5 3 6 8 5 2 9 0 0 5 7 5 9 6 9 7 5 0 9 8 6 9 0 3 6 6 2 4 6 0 6 7 8 0 0 7 6 5 5 2 0 9 7 8 1 0 6 8 6 3 3 0 1 5 0 0 3 3 2 6 3 5 3 0 3 2 3 5 3 1 6 6 6 9 4 0 6 9 6 7 1 8 1 3 5 2 0 9 1 5 2 2 1 0 0 9 2 5 4 0 3 1 9 6 9 6 0 6 4 0 4 0 8 1 2 6 8 0 1 6 8 9 2 2 8 6 5 5 0 0 0 4 6 8 1 6 9 5 6 3 7 9 8 5 0 6 9 9 6 0 9 2 2 0 5 0 9 9 3 5 2 0 2 9 1 8 7 6 4 6 5 0 2 1 3 1 9 3 9 4 3 9 5 6 2 2 2 1 5 3 0 0 6 9 4 9 8 0 5 6 0 0 0 4 8 4 9 8 5 6 1 9 8 1 3 7 8 5 0 9 7 2 0 0 5 8 5 9 7 6 9 2 5 5 0 0 3 8 3 8 7 5 5,dd0deea6dfbd7988614dd2ea9f37ac981bc78691e77f3f56abe870ef88546515
supplement,4,13009,2,0.8328690807799443,5 4 0 1 6 9 9 2 0 6 6 3 1 1 7 0 2 7 5 5 0 3 1 6 5 5 7 4 1 9 1 9 8 3 4 3 3 6 1 6 5 4 4 5 4 9 1 9 9 1 2 1 3 0 4 7 7 9 0 5 1 7 6 2 2 4 3 1 1 3 2 7 9 6 1 7 5 5 6 2 7 1 2 2 2 3 4 0 2 7 7 4 7 2 2 6 3 1 1 9 2 2 0 7 1 6 1 4 7 5 1 2 9 4 5 4 5 3 6 3 5 2 3 0 0 2 7 9 9 6 9 7 5 0 9 2 6 9 4 3 6 6 7 4 6 9 6 7 8 0 0 7 2 5 3 9 0 3 7 8 1 1 6 8 6 3 3 1 7 5 0 0 7 3 2 6 3 5 3 4 3 2 2 5 3 1 6 4 6 7 5 3 6 9 6 7 1 7 1 7 7 6 0 9 4 9 2 1 1 0 0 9 2 5 4 0 3 1 5 4 9 0 9 4 6 0 4 0 2 1 2 6 1 0 1 4 8 7 2 2 7 6 5 5 9 2 0 4 4 8 7 4 7 5 4 2 7 9 8 6 4 6 9 9 6 0 9 1 1 0 5 0 3 9 7 5 2 0 1 9 7 9 7 4 4 6 5 4 2 1 3 1 3 2 9 4 8 9 5 4 2 2 9 1 5 3 0 0 6 7 1 9 7 0 5 6 0 0 0 4 5 4 9 0 5 3 1 9 8 8 5 7 8 5 0 0 9 7 4 0 5 7 0 9 7 4 3 2 6 2 0 2 7 8 3 7 7 5 6,339edc0b18c5fc297c31dbb545d290ba658590d8555eea27e121cc3931941897
supplement,4,13009,3,0.8579387186629527,5 4 0 1 6 9 9 2 0 6 6 3 1 1 7 0 8 5 5 8 0 9 1 6 5 5 1 4 1 9 1 9 8 3 4 2 3 6 1 6 5 4 4 5 4 9 1 9 9 1 1 7 5 0 4 7 7 9 0 5 1 7 6 2 2 4 3 1 1 3 2 7 9 6 1 7 5 5 6 2 7 1 2 2 2 3 4 0 2 7 5 4 7 2 2 6 3 1 1 9 2 1 0 7 1 6 1 4 7 5 1 2 9 4 5 4 5 3 6 3 5 2 3 0 0 2 7 9 9 6 9 7 5 0 9 2 6 9 4 3 6 6 4 1 6 5 6 7 8 0 0 7 2 5 3 9 0 3 7 5 1 6 6 8 6 3 3 1 7 5 0 0 7 3 1 6 3 5 8 4 3 2 2 5 5 1 6 4 6 7 5 3 6 9 6 7 1 1 1 7 5 6 0 9 4 3 1 1 1 0 0 9 2 5 4 0 3 1 5 4 9 0 0 4 6 0 4 0 3 7 2 6 7 0 1 4 8 7 2 2 7 6 5 5 9 2 0 4 4 8 7 4 4 5 4 2 7 9 8 6 4 6 9 9 6 0 9 7 1 0 5 0 3 9 7 5 2 0 1 9 7 8 7 4 4 6 5 4 2 1 3 1 3 2 9 4 8 5 5 4 2 2 9 1 5 3 0 0 6 7 1 5 7 0 5 6 0 0 0 1 5 4 9 2 5 3 1 9 8 8 8 7 8 5 0 9 9 7 4 0 5 7 0 9 7 4 3 2 6 2 0 2 7 8 3 7 7 1 6,dfecd9fa928d57ae71fca73c521281d38729f7111d3d7d61940a8c191fc135f9
supplement,4,13009,4,0.8774373259052924,5 4 0 1 6 9 9 2 0 6 6 3 1 1 7 0 8 9 5 8 0 3 1 6 5 5 3 4 1 9 1 9 8 3 4 3 3 6 1 6 5 4 4 5 4 9 1 9 9 1 2 7 3 0 4 7 8 9 0 5 1 7 6 2 1 4 3 1 1 3 2 7 9 6 1 7 5 7 6 2 7 1 2 2 2 3 4 0 2 7 8 4 7 2 2 6 3 1 1 9 2 1 0 7 1 6 1 4 7 5 1 2 9 4 5 4 5 3 6 3 5 2 3 0 0 2 7 3 9 6 9 7 5 0 9 2 6 3 4 3 6 6 7 1 6 5 6 7 8 0 0 7 2 5 3 9 0 3 7 8 1 8 6 8 6 3 3 4 7 5 0 0 8 3 1 6 3 5 3 4 3 2 2 5 8 2 6 4 6 7 5 3 6 9 6 7 1 8 1 7 5 6 0 9 4 3 2 1 1 0 0 9 2 5 4 0 3 1 5 4 9 0 9 4 6 0 4 0 3 8 2 6 7 0 1 4 8 7 2 2 7 6 5 5 9 2 0 4 4 8 7 4 7 8 4 2 7 9 8 6 4 6 9 9 6 0 9 7 1 0 5 0 3 3 7 5 2 0 1 9 7 8 7 4 4 6 5 4 2 1 3 1 3 2 9 4 8 9 5 4 2 2 3 1 5 3 0 0 6 7 1 5 7 0 5 6 0 0 0 1 5 4 9 2 5 3 1 9 8 8 8 7 8 5 0 9 9 7 4 0 5 7 0 9 7 4 3 2 6 2 0 2 7 8 3 7 7 8 6,e20300c753b6d01905d5488231a850adfe8136d8491e47e1d4b8ee31e82e0683
supplement,4,13009,5,0.8857938718662952,5 4 0 1 6 9 9 2 0 6 6 3 1 1 7 0 8 8 5 8 0 3 1 6 5 5 3 4 1 9 1 9 8 3 4 3 3 6 1 6 5 4 4 5 4 9 1 9 9 1 1 7 3 0 4 7 8 3 0 5 1 7 6 2 1 4 3 1 1 3 2 7 9 6 1 7 5 5 6 2 7 1 2 2 2 3 4 0 2 7 8 4 7 2 2 6 3 1 1 9 2 1 0 7 1 6 1 4 7 5 1 2 9 4 5 4 5 3 6 3 5 2 3 0 0 2 7 8 9 6 9 7 5 0 9 2 6 3 4 3 6 6 7 1 6 5 6 7 8 0 0 7 2 5 3 9 0 3 7 8 1 1 6 7 6 3 3 4 7 5 0 0 7 3 1 6 3 5 3 4 3 2 2 5 5 1 6 4 6 7 5 3 6 5 6 7 1 1 1 7 5 6 0 9 4 3 1 1 1 0 0 9 2 5 4 0 3 1 5 4 3 0 9 4 6 0 4 0 3 7 2 6 7 0 1 4 8 7 2 2 7 6 5 5 9 2 0 4 4 8 7 4 7 3 4 2 7 9 8 6 4 6 9 9 6 0 9 1 8 0 5 0 3 9 7 5 2 3 1 9 7 8 7 4 4 6 5 4 1 1 3 1 3 2 9 4 8 5 5 4 2 2 3 1 5 3 0 0 6 7 1 5 7 0 5 6 0 0 0 1 5 4 7 2 5 3 1 9 8 8 8 7 8 5 0 9 9 7 4 0 5 7 0 9 7 4 3 2 6 2 0 2 7 8 3 7 7 8 6,7316d8f33e222aaaea8a3524accc8e5326dca8f3ec54ff2a2b37de9f867b00ef
supplement,4,13010,1,0.5431754874651811,0 9 0 4 6 9 8 1 0 2 1 3 1 1 8 0 8 1 0 0 0 3 1 0 0 7 7 0 1 5 8 9 1 3 4 3 3 6 1 6 5 4 4 2 0 9 1 4 0 1 8 0 3 0 4 7 9 7 0 1 4 7 6 1 2 4 3 1 4 1 2 7 8 8 1 7 2 4 0 2 7 4 2 2 2 3 4 0 3 5 0 4 7 3 5 0 9 1 4 9 1 8 0 1 4 6 1 4 7 5 1 2 1 4 5 4 0 3 8 3 0 1 7 0 0 2 7 9 9 0 5 1 5 0 0 8 1 5 4 3 6 0 7 2 1 0 6 7 0 0 0 7 2 5 3 1 0 3 3 8 4 1 0 1 0 9 3 4 8 5 0 0 8 3 1 6 0 0 8 4 3 7 1 0 8 4 6 4 0 1 2 0 6 5 0 7 4 1 1 7 7 8 0 8 4 0 1 1 1 0 0 8 2 2 4 0 3 4 5 4 3 0 7 4 1 0 4 0 3 3 2 6 7 0 4 4 1 7 2 1 7 6 1 0 9 2 0 4 4 0 7 4 0 1 4 3 7 8 4 0 0 1 3 9 0 0 1 1 8 0 0 0 3 1 7 0 2 3 1 9 7 8 4 4 4 1 0 4 1 8 8 9 3 2 9 1 0 9 5 4 2 2 3 1 0 3 0 0 0 1 1 9 7 0 5 6 0 0 0 1 2 4 1 3 5 8 1 0 0 0 8 7 0 2 0 5 9 1 0 6 5 4 8 0 3 0 3 2 0 2 0 2 7 0 3 4 7 3 0,89e207719acf68b2b35b5e74b23b5294f79b17670116b22069cf8939ba967905
supplement,4,13010,2,0.7966573816155988,5 4 0 1 6 0 9 2 0 2 1 3 1 1 7 0 8 9 0 8 0 3 1 6 5 5 3 4 1 9 1 9 1 3 4 3 3 6 1 6 5 4 4 2 4 9 1 9 9 4 1 7 3 0 4 7 1 3 0 1 7 7 6 2 1 4 3 1 4 3 2 7 3 6 1 7 5 9 6 2 7 4 2 2 2 3 4 0 3 7 7 4 7 2 2 6 3 1 4 9 2 1 0 1 1 6 1 4 7 5 1 2 1 4 5 4 5 3 6 3 5 2 3 0 0 2 7 3 9 6 9 7 5 0 9 2 6 3 4 3 6 6 7 2 6 0 6 7 8 0 0 7 2 5 3 9 0 3 7 8 7 8 6 1 0 3 3 9 7 5 0 0 8 3 1 6 3 5 3 4 3 2 2 5 2 2 6 4 6 7 2 0 6 5 6 7 1 1 1 7 5 6 0 9 4 3 1 1 1 0 0 3 2 5 4 0 3 1 5 4 3 0 9 4 1 0 4 0 3 7 2 6 7 0 1 4 3 4 2 2 7 6 5 0 9 2 0 4 4 8 7 4 7 3 4 3 7 3 8 6 4 6 3 9 6 0 9 1 8 0 5 0 3 9 7 5 2 3 1 9 7 2 4 4 4 1 5 4 1 9 3 1 3 2 9 4 3 9 5 4 2 2 2 1 5 3 0 0 6 7 1 9 7 0 5 6 0 0 0 1 2 4 1 2 5 3 1 9 8 8 8 7 0 5 0 9 3 7 4 0 5 7 9 9 7 4 3 2 0 2 0 2 7 2 3 7 7 3 6,781ff97898c145e402431d63d6384d1278180be35ce48816aacc1d87d7c79f89
supplement,4,13010,3,0.8440111420612814,5 4 0 1 6 9 9 2 0 6 1 3 1 1 7 0 8 3 5 8 0 3 1 6 5 5 3 4 1 9 8 3 1 3 4 3 3 6 1 6 5 4 4 1 4 9 1 9 9 8 8 7 3 0 4 7 8 3 0 1 7 7 6 2 1 4 3 1 1 3 2 7 3 6 1 7 5 5 6 2 7 7 2 2 2 3 4 0 3 7 7 4 7 2 2 6 3 7 1 3 3 8 0 1 1 6 1 4 7 5 1 2 1 4 5 4 5 3 6 3 5 2 3 0 0 2 7 3 9 6 9 7 5 0 3 2 6 3 4 3 6 6 7 2 6 0 6 7 8 0 0 7 2 5 3 9 0 3 7 8 7 8 6 1 6 3 3 1 7 5 0 0 8 3 1 6 3 5 3 4 3 2 3 5 8 2 6 4 6 7 5 3 6 9 6 7 1 1 1 7 5 6 0 9 4 3 2 1 1 0 0 9 2 5 4 0 3 1 5 4 3 0 3 4 6 0 4 0 3 7 2 6 7 0 1 4 8 7 2 2 7 6 5 5 9 2 0 4 4 8 7 4 7 3 4 3 7 9 8 6 4 6 9 9 6 0 9 1 8 0 5 0 3 9 7 5 2 3 1 9 7 8 7 4 4 6 5 4 1 1 3 1 3 2 9 4 8 9 5 4 2 2 3 1 5 3 0 0 6 7 1 5 7 0 5 6 0 0 0 1 2 4 7 3 5 3 1 9 8 8 8 7 8 5 0 9 3 7 4 0 5 7 9 9 7 4 3 2 6 2 0 2 7 8 3 7 7 3 6,db5dba6e00ba5175a9b97da7b086d66782a35077223c6c02d567bd031657497e
supplement,4,13010,4,0.8774373259052924,5 4 0 1 6 9 9 2 0 6 1 3 1 1 7 0 8 9 0 8 0 3 1 6 5 5 3 4 1 9 8 9 8 3 4 3 3 6 1 6 5 4 4 1 4 9 1 9 9 2 1 7 3 0 4 7 8 9 0 5 1 7 6 2 1 4 3 1 1 3 2 7 3 6 1 7 5 9 6 2 7 1 2 2 2 3 4 0 3 7 7 4 7 2 2 6 3 7 1 9 2 1 0 7 1 6 1 4 7 5 1 2 9 4 5 4 5 3 6 3 5 2 3 0 0 2 7 3 9 6 9 7 5 0 9 2 6 3 4 3 6 6 7 2 6 5 6 7 8 0 0 7 2 5 3 9 0 3 7 8 7 8 6 7 6 3 3 1 7 5 0 0 8 3 1 6 3 5 3 4 3 2 2 5 5 2 6 4 6 7 5 3 6 9 6 7 1 1 1 7 5 6 0 9 4 3 2 1 1 0 0 9 2 5 4 0 3 1 5 4 9 0 9 4 6 0 4 0 3 7 2 6 7 0 1 4 8 7 2 2 7 6 5 5 9 2 0 4 4 8 7 4 7 3 4 7 7 9 8 6 4 6 9 9 6 0 9 1 8 0 5 0 3 9 7 5 2 3 1 9 7 8 7 4 4 6 5 4 1 1 3 1 3 2 9 4 3 9 5 4 2 2 3 1 5 3 0 0 6 7 1 5 7 0 5 6 0 0 0 1 5 4 7 2 5 3 1 9 8 8 8 7 8 5 0 9 9 7 4 0 5 7 9 9 7 4 3 2 6 2 0 2 7 8 3 7 7 3 6,39cf515387eb87cc152e94e0811809c482e0ab829b33423f74826b02cc900439
supplement,4,13010,5,0.9052924791086351,5 4 0 1 6 9 9 2 0 6 1 3 1 1 7 0 8 9 5 8 0 3 1 6 5 5 3 4 1 9 8 9 8 3 4 3 3 6 1 6 5 4 4 1 4 9 1 9 9 2 1 7 9 0 4 7 8 3 0 5 1 7 6 2 1 4 3 1 1 3 2 7 9 6 1 7 5 7 6 2 7 2 2 2 2 3 4 0 2 7 8 4 7 2 2 6 3 1 1 9 2 8 0 7 1 6 1 4 7 5 1 2 9 4 5 4 5 3 6 3 5 2 3 0 0 2 7 8 9 6 9 7 5 0 9 2 6 3 4 3 6 6 7 1 6 5 6 7 8 0 0 7 2 5 3 9 0 3 7 8 1 8 6 8 6 3 3 1 7 5 0 0 8 3 1 6 3 5 3 4 3 2 2 5 5 1 6 4 6 7 5 0 6 5 6 7 1 1 1 7 8 6 0 9 4 3 2 1 1 0 0 9 2 5 4 0 3 1 5 4 9 0 9 4 6 0 4 0 3 8 2 6 7 0 1 4 8 7 2 2 7 6 5 5 9 2 0 4 4 8 7 4 7 8 4 7 7 9 8 6 4 6 9 9 6 0 9 1 8 0 5 0 3 9 7 5 2 9 1 9 7 8 7 4 4 6 5 4 1 1 3 1 3 2 9 4 8 5 5 4 2 2 9 1 5 3 0 0 6 7 1 5 7 0 5 6 0 0 0 1 7 4 7 2 5 3 1 9 8 8 8 7 8 5 0 9 9 7 4 0 5 7 9 9 7 4 3 2 6 2 0 2 7 8 3 7 7 3 6,978921b857ac293953c17ae11970b11f176a78a0054fa2d690fac879a71a269f
supplement,8,13001,1,0.6239554317548747,5 1 0 1 6 9 8 4 4 1 1 9 1 1 9 0 8 9 9 4 0 9 1 6 6 4 3 4 1 6 3 9 4 8 4 2 9 6 1 6 5 4 4 4 4 9 2 9 9 1 2 7 0 0 6 7 1 9 0 9 4 7 6 6 2 1 9 1 1 9 2 7 9 6 4 7 2 3 6 2 7 1 2 2 2 5 4 0 5 7 7 4 1 2 2 6 9 1 1 9 2 3 0 1 1 6 1 4 7 4 4 4 9 4 5 4 1 2 6 9 1 2 3 0 0 2 7 2 9 6 9 7 4 9 9 2 6 9 4 8 6 6 7 8 6 9 6 7 8 0 0 7 2 5 8 9 0 2 1 7 4 3 6 5 6 3 2 0 7 2 0 0 5 9 2 6 2 8 8 4 2 2 2 5 9 4 6 4 6 1 5 9 6 5 6 7 7 9 1 7 2 6 0 9 4 3 8 1 1 0 0 9 2 2 6 0 2 7 5 4 9 9 9 4 6 6 4 0 2 4 2 6 4 0 1 4 8 9 2 4 7 6 5 5 9 2 0 4 4 9 7 4 1 8 4 3 7 9 2 6 4 6 9 9 6 0 9 1 3 0 5 0 9 9 7 4 2 2 1 9 7 3 1 1 4 6 4 4 2 1 3 1 2 9 9 4 8 9 5 1 2 2 9 1 4 2 0 4 6 1 1 5 3 9 5 6 0 9 3 9 7 4 9 9 5 2 1 9 8 6 1 9 4 5 0 2 9 7 4 0 4 7 2 9 1 4 9 2 6 2 0 2 7 4 9 7 7 1 6,b554601b3fed278932bbd3938a4fcd2e840963dfd976e68ba6d99b98a5dfea56
supplement,8,13001,2,0.8523676880222841,5 4 0 1 6 9 9 2 0 6 6 3 1 1 7 0 8 9 5 8 0 3 1 6 5 5 3 4 1 3 8 9 8 3 4 3 3 6 1 6 5 4 4 6 4 9 8 9 9 1 2 7 5 0 4 7 8 9 0 5 1 7 6 2 2 4 3 1 1 3 2 7 9 6 1 7 5 9 6 2 7 1 2 2 2 3 4 0 3 7 7 4 7 2 2 6 3 1 1 9 2 6 0 9 1 6 1 4 7 5 6 2 9 4 5 4 5 3 6 3 5 2 3 0 0 2 7 9 9 6 9 7 5 0 9 2 6 3 4 3 6 6 7 6 6 5 6 7 8 0 0 7 2 5 3 9 0 3 7 7 1 6 6 7 6 3 3 0 7 5 0 0 7 9 2 6 3 5 8 4 3 2 2 5 5 1 6 4 6 7 5 0 6 5 6 7 1 1 1 7 5 6 0 9 4 3 6 1 1 0 0 9 2 5 4 0 3 1 5 4 9 0 9 4 6 6 4 0 3 1 2 6 7 0 1 4 8 9 2 2 7 6 5 5 9 2 0 4 4 5 7 4 7 3 4 3 7 9 8 6 4 6 9 9 6 0 9 1 6 0 5 0 3 9 7 5 2 9 1 9 7 8 7 4 4 6 5 4 2 1 3 1 3 2 9 4 8 9 5 4 2 2 3 1 5 2 0 0 6 7 1 5 7 0 5 6 0 0 0 8 7 4 9 9 5 3 1 9 8 6 8 7 8 5 0 3 3 7 4 0 5 7 0 9 7 4 3 2 6 2 0 2 7 8 3 7 7 1 6,bfebd550a30e7f75dff2395314a1f23e058284d64c3f4bb13d95a0e0a2e27f34
supplement,8,13001,3,0.8885793871866295,5 4 0 1 6 9 3 2 0 6 1 3 1 1 7 0 8 8 5 8 0 3 1 6 5 5 3 4 1 5 8 9 8 3 4 3 3 6 1 6 5 4 4 5 4 9 8 9 9 1 1 7 3 0 4 7 8 9 0 5 1 7 6 2 2 4 3 1 1 3 2 7 3 6 1 7 5 9 6 2 7 1 2 2 2 3 4 0 8 7 8 4 7 2 2 6 3 1 1 9 2 8 0 7 1 6 1 4 7 5 1 2 9 4 5 4 5 3 6 3 5 2 3 0 0 2 7 3 9 6 9 7 5 0 9 2 6 3 4 3 6 6 7 5 6 5 6 7 8 0 0 7 2 5 3 9 0 3 7 7 1 6 6 8 6 3 3 1 7 5 0 0 7 3 2 6 3 5 3 4 3 2 2 5 5 1 6 4 6 7 5 0 6 5 6 7 1 1 1 7 5 6 0 9 4 3 1 1 1 0 0 9 2 5 4 0 3 1 5 4 9 0 9 4 6 6 4 0 3 8 2 6 7 0 1 4 8 7 2 2 7 6 5 5 9 2 0 4 4 8 7 4 7 3 4 3 7 9 8 6 4 6 9 9 6 0 9 1 8 0 5 0 3 9 7 5 2 9 1 9 7 8 7 4 4 6 5 4 1 1 3 1 3 2 9 4 8 5 5 4 2 2 3 1 5 3 0 0 6 7 1 5 7 0 5 6 0 0 0 8 5 4 9 2 5 3 1 9 8 8 8 7 8 5 0 9 3 7 4 0 5 7 0 9 7 4 3 2 6 2 0 2 7 8 3 7 7 3 6,a40d09eee4f8473f796382b726dd8de06e2423bea761ddf26e7218af9e1e5cd4
supplement,8,13001,4,0.9164345403899722,5 4 0 1 6 9 9 2 0 6 6 3 1 1 7 0 8 9 5 8 0 3 1 6 5 5 3 4 1 3 8 9 8 3 4 3 3 6 1 6 5 4 4 5 4 9 8 9 9 1 2 7 3 0 4 7 8 9 0 5 1 7 6 2 1 4 3 1 1 3 2 7 9 6 1 7 5 9 6 2 7 1 2 2 2 3 4 0 2 7 1 4 7 2 2 6 3 1 1 9 2 8 0 7 1 6 1 4 7 5 1 2 9 4 5 4 5 3 6 3 5 2 3 0 0 2 7 3 9 6 9 7 5 0 9 2 6 3 4 3 6 6 7 1 6 5 6 7 8 0 0 7 2 5 3 9 0 3 7 8 1 8 6 7 6 3 3 1 7 5 0 0 7 3 1 6 3 5 8 4 3 2 2 5 5 1 6 4 6 7 5 0 6 5 6 7 1 1 1 7 5 6 0 9 4 3 1 1 1 0 0 9 2 5 4 0 3 1 5 4 9 0 9 4 6 0 4 0 3 8 2 6 7 0 1 4 8 7 2 2 7 6 5 5 9 2 0 4 4 8 7 4 7 8 4 2 7 9 8 6 4 6 9 9 6 0 9 1 8 0 5 0 3 9 7 5 2 9 1 9 7 8 7 4 4 6 5 4 1 1 3 1 3 2 9 4 8 5 5 4 2 2 9 1 5 3 0 0 6 7 1 5 7 0 5 6 0 0 0 1 7 4 9 2 5 3 1 9 8 8 8 7 8 5 0 9 9 7 4 0 5 7 0 9 7 4 3 2 6 2 0 2 7 8 3 7 7 1 6,df6a7adfd504d49fc5f283adb3aa6978fb4d278a3093eaf0cd0e3b7f9aa9bc5f
supplement,8,13001,5,0.9052924791086351,5 4 0 1 6 9 9 2 6 6 6 3 1 1 7 0 8 8 5 8 0 9 1 6 5 5 3 4 1 3 8 9 8 3 4 3 3 6 1 6 5 4 4 5 4 9 8 9 9 1 1 7 3 0 4 7 8 9 0 5 1 7 6 2 1 4 3 1 1 3 2 7 9 6 1 7 5 9 6 2 7 1 2 2 2 3 4 0 2 7 8 4 7 2 2 6 3 1 1 9 2 8 0 7 1 6 1 4 7 5 1 2 9 4 5 4 5 3 6 3 5 2 3 0 0 2 7 9 9 6 9 7 5 0 9 2 6 3 4 3 6 6 7 1 6 5 6 7 8 0 0 7 2 5 3 9 0 3 7 8 1 6 6 8 6 3 3 1 7 5 0 0 7 3 1 6 3 5 3 4 3 2 2 5 5 1 6 4 6 7 5 0 6 5 6 7 1 1 1 7 5 6 0 9 4 3 1 1 1 0 0 9 2 5 4 0 3 1 5 4 9 0 9 4 6 0 4 0 3 8 2 6 7 0 1 4 8 7 2 2 7 6 5 5 9 2 0 4 4 8 7 4 7 8 4 2 7 9 8 6 4 6 9 9 6 0 9 7 8 0 5 0 3 9 7 5 2 9 1 9 7 8 7 4 4 6 5 4 1 1 3 1 3 2 9 4 8 5 5 4 2 2 3 1 5 3 0 0 6 7 1 5 7 0 5 6 0 0 0 8 5 4 7 2 5 3 1 9 8 8 8 7 8 5 0 9 8 7 4 0 5 7 0 9 7 4 3 2 6 2 0 2 7 8 3 7 7 1 6,9b5960a1a79b6c4cae861698f1d6e9939a8b6eb9aeea8f22089028b6282a166d
supplement,8,13001,6,0.9052924791086351,5 4 0 1 6 9 9 2 0 6 6 3 1 1 7 0 8 9 5 8 0 3 1 6 5 5 3 4 1 9 8 9 8 3 4 3 3 6 1 6 5 4 4 5 4 9 8 9 9 1 8 7 3 0 4 7 8 9 0 5 1 7 6 2 1 4 3 1 1 3 2 7 3 6 1 7 5 9 6 2 7 1 2 2 2 3 4 0 2 7 8 4 7 2 2 6 3 1 1 9 2 8 0 7 1 6 1 4 7 5 1 2 9 4 5 4 5 3 6 3 5 2 3 0 0 2 7 3 9 6 9 7 5 0 9 2 6 3 4 3 6 6 7 1 6 5 6 7 8 0 0 7 2 5 3 9 0 3 7 8 1 6 6 7 6 3 3 1 7 5 0 0 7 3 1 6 3 5 8 4 3 2 2 5 5 1 6 4 6 7 5 0 6 5 6 7 1 1 1 7 5 6 0 9 4 3 1 1 1 0 0 9 2 5 4 0 3 1 5 4 9 0 9 4 6 0 4 0 3 1 2 6 7 0 1 4 8 7 2 2 7 6 5 5 9 2 0 4 4 8 7 4 7 8 4 2 7 9 8 6 4 6 9 9 6 0 9 1 8 0 5 0 3 9 7 5 2 3 1 9 7 8 7 4 4 6 5 4 1 1 3 1 3 2 9 4 8 9 5 4 2 2 9 1 5 3 0 0 6 7 1 5 7 0 5 6 0 0 0 1 7 4 7 2 5 3 1 9 8 8 8 7 8 5 0 9 8 7 4 0 5 7 0 9 7 4 3 2 6 2 0 2 7 8 3 7 7 8 6,b0b9a46caf54e7782593e96e189391453e0b3f97a21e893fe4d1b4ada098f447
supplement,8,13001,7,0.9025069637883009,5 4 0 1 6 9 9 2 0 6 6 3 1 1 7 0 8 9 5 8 0 9 1 6 5 5 3 4 1 3 8 9 8 3 4 3 3 6 1 6 5 4 4 5 4 9 1 9 9 1 1 7 9 0 4 7 8 9 0 5 1 7 6 2 1 4 3 1 1 3 2 7 9 6 1 7 5 5 6 2 7 1 2 2 2 3 4 0 2 7 8 4 7 2 2 6 3 1 1 9 2 8 0 7 1 6 1 4 7 5 1 2 9 4 5 4 5 3 6 3 5 2 3 0 0 2 7 3 9 6 9 7 5 0 9 2 6 3 4 3 6 6 7 1 6 5 6 7 8 0 0 7 2 5 3 9 0 3 7 8 1 8 6 7 6 3 3 1 7 5 0 0 7 3 1 6 3 5 3 4 3 2 2 5 5 1 6 4 6 7 5 0 6 5 6 7 1 1 1 7 5 6 0 9 4 3 1 1 1 0 0 9 2 5 4 0 3 1 5 4 9 0 9 4 6 0 4 0 3 1 2 6 7 0 1 4 8 7 2 2 7 6 5 5 9 2 0 4 4 8 7 4 7 8 4 2 7 9 8 6 4 6 9 9 6 0 9 1 8 0 5 0 3 9 7 5 2 3 1 9 7 8 7 4 4 6 5 4 1 1 3 1 3 2 9 4 8 5 5 4 2 2 9 1 5 3 0 0 6 7 1 5 7 0 5 6 0 0 0 1 7 4 9 2 5 3 1 9 8 8 8 7 8 5 0 9 9 7 4 0 5 7 0 9 7 4 3 2 6 2 0 2 7 8 3 7 7 8 6,5e6e0956e9fcefcfdaaef01714d04fd8ce55721a56fc6ec70ab658eaa885718d
supplement,8,13001,8,0.9108635097493036,5 4 0 1 6 9 9 2 0 6 6 3 1 1 7 0 8 8 5 8 0 9 1 6 5 5 3 4 1 9 8 9 8 3 4 3 3 6 1 6 5 4 4 5 4 9 8 9 9 1 1 7 3 0 4 7 8 9 0 5 1 7 6 2 1 4 3 1 1 3 2 7 9 6 1 7 5 8 6 2 7 1 2 2 2 3 4 0 2 7 8 4 7 2 2 6 3 1 1 9 2 8 0 7 1 6 1 4 7 5 1 2 9 4 5 4 5 3 6 3 5 2 3 0 0 2 7 3 9 6 9 7 5 0 9 2 6 3 4 3 6 6 7 1 6 5 6 7 8 0 0 7 2 5 3 9 0 3 7 8 1 8 6 1 6 3 3 1 7 5 0 0 7 3 1 6 3 5 3 4 3 2 2 5 5 1 6 4 6 7 5 0 6 5 6 7 1 1 1 7 5 6 0 9 4 3 1 1 1 0 0 9 2 5 4 0 3 1 5 4 9 0 9 4 6 0 4 0 3 1 2 6 7 0 1 4 8 7 2 2 7 6 5 5 9 2 0 4 4 8 7 4 7 8 4 2 7 9 8 6 4 6 9 9 6 0 9 1 8 0 5 0 3 9 7 5 2 2 1 9 7 8 7 4 4 6 5 4 1 1 3 1 3 2 9 4 8 5 5 4 2 2 9 1 5 3 0 0 6 7 1 5 7 0 5 6 0 0 0 1 5 4 9 2 5 3 1 9 8 8 8 7 8 5 0 9 9 7 4 0 5 7 0 9 7 4 3 2 6 2 0 2 7 8 3 7 7 8 6,c1e483356815096d2fa19a00d12a4fabcf25a4aa01f8f0b0f3d0c9ad8a630474
supplement,8,13001,9,0.9108635097493036,5 4 0 1 6 9 9 2 6 6 6 3 1 1 7 0 8 8 5 8 0 9 1 6 5 5 7 4 1 9 8 9 8 3 4 3 3 6 1 6 5 4 4 5 4 9 8 9 9 1 1 7 9 0 4 7 8 9 0 5 1 7 6 2 1 4 3 1 1 3 2 7 9 6 1 7 5 5 6 2 7 1 2 2 2 3 4 0 2 7 8 4 7 2 2 6 3 1 1 9 2 8 0 7 1 6 1 4 7 5 1 2 9 4 5 4 5 3 6 3 5 2 3 0 0 2 7 3 9 6 9 7 5 0 9 2 6 3 4 3 6 6 7 1 6 5 6 7 8 0 0 7 2 5 3 9 0 3 7 8 1 8 6 7 6 3 3 1 7 5 0 0 7 3 1 6 3 5 3 4 3 2 2 5 5 1 6 4 6 7 5 0 6 5 6 7 1 1 1 7 8 6 0 9 4 3 1 1 1 0 0 9 2 5 4 0 3 1 5 4 9 0 9 4 6 0 4 0 3 8 2 6 7 0 1 4 8 7 2 2 7 6 5 5 9 2 0 4 4 8 7 4 7 8 4 2 7 9 8 6 4 6 9 9 6 0 9 1 8 0 5 0 3 9 7 5 2 3 1 9 7 8 7 4 4 6 5 4 1 1 3 1 3 2 9 4 8 5 5 4 2 2 9 1 5 3 0 0 6 7 1 5 7 0 5 6 0 0 0 1 5 4 9 2 5 3 1 9 8 8 8 7 8 5 0 9 9 7 4 0 5 7 0 9 7 4 3 2 6 2 0 2 7 8 3 7 7 3 6,4343840198274e22408cd9e66d1973d52d6064769640af709dbd549c308ecfcf
supplement,8,13001,10,0.9192200557103064,5 4 0 1 6 9 9 2 0 6 6 3 1 1 7 0 8 9 5 8 0 9 1 6 5 5 3 4 1 9 8 9 8 3 4 3 3 6 1 6 5 4 4 5 4 9 8 9 9 1 1 7 3 0 4 7 8 9 0 5 1 7 6 2 1 4 3 1 1 3 2 7 9 6 1 7 5 8 6 2 7 1 2 2 2 3 4 0 2 7 8 4 7 2 2 6 3 1 1 9 2 8 0 7 1 6 1 4 7 5 1 2 9 4 5 4 5 3 6 3 5 2 3 0 0 2 7 9 9 6 9 7 5 0 9 2 6 3 4 3 6 6 7 1 6 5 6 7 8 0 0 7 2 5 3 9 0 3 7 8 1 8 6 7 6 3 3 1 7 5 0 0 7 3 1 6 3 5 3 4 3 2 2 5 5 1 6 4 6 7 5 3 6 5 6 7 1 1 1 7 5 6 0 9 4 3 1 1 1 0 0 9 2 5 4 0 3 1 5 4 9 0 9 4 6 0 4 0 3 8 2 6 7 0 1 4 8 7 2 2 7 6 5 5 9 2 0 4 4 8 7 4 7 8 4 2 7 9 8 6 4 6 9 9 6 0 9 1 8 0 5 0 3 9 7 5 2 3 1 9 7 8 7 4 4 6 5 4 1 1 3 1 3 2 9 4 8 5 5 4 2 2 9 1 5 3 0 0 6 7 1 5 7 0 5 6 0 0 0 1 5 4 9 2 5 3 1 9 8 8 8 7 8 5 0 9 9 7 4 0 5 7 9 9 7 4 3 2 6 2 0 2 7 8 3 7 7 3 6,8dcd5a7b38bfb55e9e7d254fa49cff779295b654874e125f18ba1876e4eae503
supplement,8,13001,11,0.9136490250696379,5 4 0 1 6 9 9 2 0 6 6 3 1 1 7 0 8 8 5 8 0 9 1 6 5 5 3 4 1 9 8 9 8 3 4 3 3 6 1 6 5 4 4 5 4 9 8 9 9 1 1 7 9 0 4 7 8 9 0 5 1 7 6 2 1 4 3 1 1 3 2 7 9 6 1 7 5 8 6 2 7 1 2 2 2 3 4 0 2 7 8 4 7 2 2 6 3 1 1 9 2 8 0 7 1 6 1 4 7 5 1 2 9 4 5 4 5 3 6 3 5 2 3 0 0 2 7 8 9 6 9 7 5 0 9 2 6 3 4 3 6 6 7 1 6 5 6 7 8 0 0 7 2 5 3 9 0 3 7 8 1 8 6 7 6 3 3 1 7 5 0 0 7 3 1 6 3 5 3 4 3 2 2 5 5 1 6 4 6 7 5 0 6 5 6 7 1 1 1 7 5 6 0 9 4 3 1 1 1 0 0 9 2 5 4 0 3 1 5 4 9 0 9 4 6 0 4 0 3 8 2 6 7 0 1 4 8 7 2 2 7 6 5 5 9 2 0 4 4 8 7 4 7 8 4 2 7 9 8 6 4 6 9 9 6 0 9 1 8 0 5 0 3 9 7 5 2 3 1 9 7 8 7 4 4 6 5 4 1 1 3 1 3 2 9 4 8 9 5 4 2 2 9 1 5 3 0 0 6 7 1 5 7 0 5 6 0 0 0 1 5 4 9 2 5 3 1 9 8 8 8 7 8 5 0 9 9 7 4 0 5 7 9 9 7 4 3 2 6 2 0 2 7 8 3 7 7 8 6,28a5dcaa56e3d5683b3ff319234e2227b0999fb70c726dec3d236ef66e5cadfb
supplement,8,13001,12,0.9192200557103064,5 4 0 1 6 9 9 2 0 6 1 3 1 1 7 0 8 8 5 8 0 9 1 6 5 5 3 4 1 3 8 9 8 3 4 3 3 6 1 6 5 4 4 5 4 9 8 9 9 1 1 7 9 0 4 7 8 9 0 5 1 7 6 2 1 4 3 1 1 3 2 7 3 6 1 7 5 8 6 2 7 1 2 2 2 3 4 0 2 7 8 4 7 2 2 6 3 1 1 9 2 8 0 8 1 6 1 4 7 5 1 2 9 4 5 4 5 3 6 3 5 2 3 0 0 2 7 8 9 6 9 7 5 0 9 2 6 3 4 3 6 6 7 1 6 5 6 7 8 0 0 7 2 5 3 9 0 3 7 8 1 8 6 7 6 3 3 1 7 5 0 0 7 3 1 6 3 5 8 4 3 2 2 5 5 1 6 4 6 7 5 0 6 5 6 7 1 1 1 7 5 6 0 9 4 3 1 1 1 0 0 9 2 5 4 0 3 1 5 4 9 0 9 4 6 0 4 0 3 8 2 6 7 0 1 4 8 7 2 2 7 6 5 5 9 2 0 4 4 8 7 4 7 3 4 2 7 9 8 6 4 6 9 9 6 0 9 1 8 0 5 0 3 9 7 5 2 2 1 9 7 8 7 4 4 6 5 4 1 1 3 1 3 2 9 4 8 5 5 4 2 2 9 1 5 3 0 0 6 7 1 5 7 0 5 6 0 0 0 8 5 4 9 2 5 3 1 9 8 8 8 7 8 5 0 9 9 7 4 0 5 7 0 9 7 4 3 2 6 2 0 2 7 8 3 7 7 3 6,b356bad23782c3b62598de8f0b5bf237848ce939e2fc4d98d869dbd3e2611f89
supplement,8,13001,13,0.9136490250696379,5 4 0 1 6 9 9 2 0 6 1 3 1 1 7 0 8 8 5 8 0 9 1 6 5 5 3 4 1 3 8 9 8 3 4 3 3 6 1 6 5 4 4 5 4 9 8 9 9 1 1 7 9 0 4 7 8 9 0 5 1 7 6 2 1 4 3 1 1 3 2 7 9 6 1 7 5 8 6 2 7 1 2 2 2 3 4 0 2 7 8 4 7 2 2 6 3 1 1 9 2 8 0 7 1 6 1 4 7 5 1 2 9 4 5 4 5 3 6 3 5 2 3 0 0 2 7 8 9 6 9 7 5 0 9 2 6 3 4 3 6 6 7 1 6 5 6 7 8 0 0 7 2 5 3 9 0 3 7 8 1 8 6 8 6 3 3 1 7 5 0 0 7 3 1 6 3 5 8 4 3 2 2 5 5 1 6 4 6 7 5 3 6 5 6 7 1 1 1 7 5 6 0 9 4 3 1 1 1 0 0 9 2 5 4 0 3 1 5 4 9 0 9 4 6 0 4 0 3 8 2 6 7 0 1 4 8 7 2 2 7 6 5 5 9 2 0 4 4 8 7 4 7 3 4 2 7 9 8 6 4 6 9 9 6 0 9 1 8 0 5 0 3 9 7 5 2 9 1 9 7 8 7 4 4 6 5 4 1 1 3 1 3 2 9 4 8 5 5 4 2 2 9 1 5 3 0 0 6 7 1 5 7 0 5 6 0 0 0 1 5 4 9 2 5 3 1 9 8 8 8 7 8 5 0 9 9 7 4 0 5 7 9 9 7 4 3 2 6 2 0 2 7 8 3 7 7 8 6,9a87480357e42ba7cb7c88ee2a0d0563defb6a4fb3bfa1cde6a821170de8c4cc
supplement,8,13001,14,0.9136490250696379,5 4 0 1 6 9 9 2 0 6 6 3 1 1 7 0 8 8 5 8 0 9 1 6 5 5 3 4 1 9 8 9 8 3 4 3 3 6 1 6 5 4 4 5 4 9 8 9 9 1 1 7 9 0 4 7 8 9 0 5 1 7 6 2 1 4 3 1 1 3 2 7 3 6 1 7 5 8 6 2 7 1 2 2 2 3 4 0 2 7 8 4 7 2 2 6 3 1 1 9 2 8 0 7 1 6 1 4 7 5 1 2 9 4 5 4 5 3 6 3 5 2 3 0 0 2 7 8 9 6 9 7 5 0 9 2 6 3 4 3 6 6 7 1 6 5 6 7 8 0 0 7 2 5 3 9 0 3 7 8 1 8 6 7 6 3 3 1 7 5 0 0 7 3 1 6 3 5 3 4 3 2 2 5 5 8 6 4 6 7 5 0 6 5 6 7 1 1 1 7 5 6 0 9 4 3 1 1 1 0 0 9 2 5 4 0 3 1 5 4 9 0 9 4 6 0 4 0 3 8 2 6 7 0 1 4 8 7 2 2 7 6 5 5 9 2 0 4 4 8 7 4 7 8 4 2 7 9 8 6 4 6 9 9 6 0 9 1 1 0 5 0 3 9 7 5 2 2 1 9 7 8 7 4 4 6 5 4 1 1 3 1 3 2 9 4 8 9 5 4 2 2 9 1 5 3 0 0 6 7 1 5 7 0 5 6 0 0 0 1 5 4 9 2 5 9 1 9 8 8 8 7 8 5 0 9 9 7 4 0 5 7 9 9 7 4 3 2 6 2 0 2 7 8 3 7 7 3 6,e6a7a4cf2ae3e342fb4d37699fd6aa44741f6b93d2919cbb5162f5e877cb505e
supplement,8,13001,15,0.9164345403899722,5 4 0 1 6 9 9 2 0 6 1 3 1 1 7 0 8 9 5 8 0 9 1 6 5 5 3 4 1 9 8 9 8 3 4 3 3 6 1 6 5 4 4 5 4 9 8 9 9 1 1 7 9 0 4 7 8 9 0 5 1 7 6 2 1 4 3 1 1 3 2 7 9 6 1 7 5 9 6 2 7 1 2 2 2 3 4 0 2 7 8 4 7 2 2 6 3 1 1 9 2 8 0 8 1 6 1 4 7 5 1 2 9 4 5 4 5 3 6 3 5 2 3 0 0 2 7 8 9 6 9 7 5 0 9 2 6 3 4 3 6 6 7 1 6 5 6 7 8 0 0 7 2 5 3 9 0 3 7 8 1 8 6 8 6 3 3 1 7 5 0 0 7 3 1 6 3 5 3 4 3 2 2 5 5 1 6 4 6 7 5 0 6 5 6 7 1 1 1 7 5 6 0 9 4 3 1 1 1 0 0 9 2 5 4 0 3 1 5 4 9 0 9 4 6 0 4 0 3 8 2 6 7 0 1 4 8 7 2 2 7 6 5 5 9 2 0 4 4 8 7 4 7 8 4 2 7 9 8 6 4 6 9 9 6 0 9 1 8 0 5 0 3 9 7 5 2 2 1 9 7 8 7 4 4 6 5 4 1 1 3 1 3 2 9 4 8 9 5 4 2 2 9 1 5 3 0 0 6 7 1 5 7 0 5 6 0 0 0 1 5 4 9 2 5 3 1 9 8 8 8 7 8 5 0 9 9 7 4 0 5 7 9 9 7 4 3 2 6 2 0 2 7 8 3 7 7 3 6,1af66eeb99d500038b2f1b0414b0b721740f847d980c42d118cac1a3dac0b9c7
supplement,8,13001,16,0.9136490250696379,5 4 0 1 6 9 9 2 6 6 1 3 1 1 7 0 8 8 5 8 0 9 1 6 5 5 3 4 1 3 8 9 8 3 4 3 3 6 1 6 5 4 4 5 4 9 1 9 9 1 1 7 3 0 4 7 8 9 0 5 1 7 6 2 1 4 3 1 1 3 2 7 3 6 1 7 5 5 6 2 7 1 2 2 2 3 4 0 2 7 8 4 7 2 2 6 3 1 1 9 2 8 0 8 1 6 1 4 7 5 1 2 9 4 5 4 5 3 6 3 5 2 3 0 0 2 7 8 9 6 9 7 5 0 9 2 6 3 4 3 6 6 7 1 6 5 6 7 8 0 0 7 2 5 3 9 0 3 7 8 1 8 6 8 6 3 3 1 7 5 0 0 7 3 1 6 3 5 3 4 3 2 2 5 5 8 6 4 6 7 5 0 6 9 6 7 1 1 1 7 5 6 0 9 4 3 1 1 1 0 0 9 2 5 4 0 3 1 5 4 9 0 9 4 6 0 4 0 3 8 2 6 7 0 1 4 8 7 2 2 7 6 5 5 9 2 0 4 4 8 7 4 7 8 4 2 7 9 8 6 4 6 9 9 6 0 9 1 8 0 5 0 3 9 7 5 2 0 1 9 7 8 7 4 4 6 5 4 1 1 3 1 3 2 9 4 8 5 5 4 2 2 9 1 5 3 0 0 6 7 1 5 7 0 5 6 0 0 0 1 8 4 9 2 5 3 1 9 8 8 8 7 8 5 0 9 9 7 4 0 5 7 9 9 7 4 3 2 6 2 0 2 7 8 3 7 7 3 6,72670b630f75941705964cbd0372f8b4e11cc32ed31b8fcd23dbbc1007d0bb23
supplement,8,13001,17,0.9080779944289693,5 4 0 1 6 9 9 2 0 6 6 3 1 1 7 0 8 9 5 8 0 9 1 6 5 5 3 4 1 9 8 9 8 3 4 3 3 6 1 6 5 4 4 5 4 9 8 9 9 1 1 7 9 0 4 7 8 9 0 5 1 7 6 2 1 4 3 1 1 3 2 7 9 6 1 7 5 8 6 2 7 1 2 2 2 3 4 0 2 7 8 4 7 2 2 6 3 1 1 9 2 8 0 7 1 6 1 4 7 5 1 2 9 4 5 4 5 3 6 3 5 2 3 0 0 2 7 9 9 6 9 7 5 0 9 2 6 3 4 3 6 6 7 1 6 5 6 7 8 0 0 7 2 5 3 9 0 3 7 8 1 6 6 8 6 3 3 1 7 5 0 0 7 3 1 6 3 5 8 4 3 2 2 5 5 1 6 4 6 7 5 0 6 5 6 7 1 1 1 7 5 6 0 9 4 3 1 1 1 0 0 9 2 5 4 0 3 1 5 4 9 0 9 4 6 0 4 0 3 8 2 6 7 0 1 4 8 7 2 2 7 6 5 5 9 2 0 4 4 8 7 4 7 8 4 2 7 9 8 6 4 6 9 9 6 0 9 1 1 0 5 0 3 9 7 5 2 2 1 9 7 8 7 4 4 6 5 4 1 1 3 1 3 2 9 4 8 9 5 4 2 2 9 1 5 3 0 0 6 7 1 5 7 0 5 6 0 0 0 1 5 4 9 2 5 3 1 9 8 8 8 7 8 5 0 9 9 7 4 0 5 7 9 9 7 4 3 2 6 2 0 2 7 8 3 7 7 3 6,aec213ababc2d1167784466ac9b6ee241da6edec58bae80a7b0a80a9d2ec91a2
supplement,8,13001,18,0.9220055710306406,5 4 0 1 6 9 9 2 0 6 1 3 1 1 7 0 8 8 5 8 0 3 1 6 5 5 3 4 1 9 8 9 8 3 4 3 3 6 1 6 5 4 4 5 4 9 8 9 9 1 1 7 3 0 4 7 8 9 0 5 1 7 6 2 1 4 3 1 1 3 2 7 3 6 1 7 5 8 6 2 7 1 2 2 2 3 4 0 2 7 8 4 7 2 2 6 3 1 1 9 2 8 0 8 1 6 1 4 7 5 1 2 9 4 5 4 5 3 6 3 5 2 3 0 0 2 7 8 9 6 9 7 5 0 9 2 6 3 4 3 6 6 7 1 6 5 6 7 8 0 0 7 2 5 3 9 0 3 7 8 1 8 6 8 6 3 3 1 7 5 0 0 7 3 1 6 3 5 8 4 3 2 2 5 5 1 6 4 6 7 5 3 6 5 6 7 1 1 1 7 5 6 0 9 4 3 1 1 1 0 0 9 2 5 4 0 3 1 5 4 9 0 9 4 6 0 4 0 3 8 2 6 7 0 1 4 8 7 2 2 7 6 5 5 9 2 0 4 4 8 7 4 7 8 4 2 7 9 8 6 4 6 9 9 6 0 9 1 8 0 5 0 3 9 7 5 2 2 1 9 7 8 7 4 4 6 5 4 1 1 3 1 3 2 9 4 8 5 5 4 2 2 9 1 5 3 0 0 6 7 1 5 7 0 5 6 0 0 0 8 5 4 9 2 5 3 1 9 8 8 8 7 8 5 0 9 9 7 4 0 5 7 9 9 7 4 3 2 6 2 0 2 7 8 3 7 7 1 6,d8335d0af2b0eead22028fb67352afd52e9c747429defb5ff182d178c0f0fabc
supplement,8,13001,19,0.9220055710306406,5 4 0 1 6 9 9 2 0 6 1 3 1 1 7 0 8 8 5 8 0 9 1 6 5 5 3 4 1 9 8 9 8 3 4 3 3 6 1 6 5 4 4 5 4 9 8 9 9 1 1 7 9 0 4 7 8 9 0 5 1 7 6 2 1 4 3 1 1 3 2 7 9 6 1 7 5 8 6 2 7 1 2 2 2 3 4 0 2 7 8 4 7 2 2 6 3 1 1 9 2 8 0 8 1 6 1 4 7 5 1 2 9 4 5 4 5 3 6 3 5 2 3 0 0 2 7 8 9 6 9 7 5 0 9 2 6 3 4 3 6 6 7 1 6 5 6 7 8 0 0 7 2 5 3 9 0 3 7 8 1 8 6 8 6 3 3 1 7 5 0 0 7 3 1 6 3 5 8 4 3 2 2 5 5 1 6 4 6 7 5 0 6 5 6 7 1 1 1 7 5 6 0 9 4 3 1 1 1 0 0 9 2 5 4 0 3 1 5 4 9 0 9 4 6 0 4 0 3 8 2 6 7 0 1 4 8 7 2 2 7 6 5 5 9 2 0 4 4 8 7 4 7 8 4 2 7 9 8 6 4 6 9 9 6 0 9 1 8 0 5 0 3 9 7 5 2 2 1 9 7 8 7 4 4 6 5 4 1 1 3 1 3 2 9 4 8 5 5 4 2 2 9 1 5 3 0 0 6 7 1 5 7 0 5 6 0 0 0 1 8 4 9 2 5 9 1 9 8 8 8 7 8 5 0 9 9 7 4 0 5 7 9 9 7 4 3 2 6 2 0 2 7 8 3 7 7 3 6,093b91a8fd52d530741f9969a0c1ac69d6d656f7870987b47fe2571e6b9659b8
supplement,8,13001,20,0.9275766016713092,5 4 0 1 6 9 9 2 0 6 1 3 1 1 7 0 8 8 5 8 0 9 1 6 5 5 3 4 1 9 8 9 8 3 4 3 3 6 1 6 5 4 4 5 4 9 8 9 9 1 1 7 3 0 4 7 8 9 0 5 1 7 6 2 1 4 3 1 1 3 2 7 9 6 1 7 5 8 6 2 7 1 2 2 2 3 4 0 2 7 8 4 7 2 2 6 3 1 1 9 2 8 0 7 1 6 1 4 7 5 1 2 9 4 5 4 5 3 6 3 5 2 3 0 0 2 7 8 9 6 9 7 5 0 9 2 6 3 4 3 6 6 7 1 6 5 6 7 8 0 0 7 2 5 3 9 0 3 7 8 1 8 6 8 6 3 3 1 7 5 0 0 7 3 1 6 3 5 8 4 3 2 2 5 5 1 6 4 6 7 5 3 6 5 6 7 1 1 1 7 5 6 0 9 4 3 1 1 1 0 0 9 2 5 4 0 3 1 5 4 9 0 9 4 6 0 4 0 3 8 2 6 7 0 1 4 8 7 2 2 7 6 5 5 9 2 0 4 4 8 7 4 7 8 4 2 7 9 8 6 4 6 9 9 6 0 9 1 8 0 5 0 3 9 7 5 2 2 1 9 7 8 7 4 4 6 5 4 1 1 3 1 3 2 9 4 8 9 5 4 2 2 9 1 5 3 0 0 6 7 1 5 7 0 5 6 0 0 0 8 5 4 9 2 5 3 1 9 8 8 8 7 8 5 0 9 8 7 4 0 5 7 9 9 7 4 3 2 6 2 0 2 7 8 3 7 7 3 6,f0805b01088ff394396b88e5c6a35ac5c9f2803ef479df3c9db8e64a8375df89
supplement,8,13002,1,0.5626740947075209,8 4 0 1 0 9 4 1 1 1 1 9 1 1 7 0 3 9 3 0 0 9 1 6 9 4 5 4 1 3 6 3 1 3 4 3 3 6 1 6 5 4 4 1 4 3 1 9 9 1 1 2 9 0 4 4 1 3 0 9 1 4 6 1 1 4 3 1 1 8 1 4 9 6 1 7 9 8 6 6 7 1 9 2 3 3 4 0 1 8 3 4 7 1 9 6 9 1 9 3 1 0 0 9 1 6 1 4 4 5 1 1 6 4 9 4 9 9 6 3 5 1 3 0 0 2 7 6 9 6 3 8 5 0 3 2 1 9 4 3 6 6 4 6 6 9 6 7 2 0 0 7 1 4 3 9 0 3 7 5 1 6 6 5 6 3 3 9 3 9 0 0 1 3 6 6 3 9 3 4 3 2 2 3 3 1 6 4 6 3 1 9 6 3 6 4 6 1 1 4 5 6 0 3 4 3 6 1 8 0 3 9 2 5 4 0 3 1 5 4 3 0 9 4 1 6 4 0 9 5 1 6 4 0 9 4 3 7 2 1 7 6 5 9 3 1 0 4 4 5 4 4 4 9 4 1 7 9 1 6 4 6 9 9 6 0 3 8 6 0 9 0 3 9 4 5 2 3 1 3 4 3 7 4 4 6 0 4 6 9 3 9 3 1 9 4 8 9 5 4 2 1 3 1 3 9 0 0 1 3 1 3 4 0 9 6 0 0 0 1 1 4 3 1 3 8 1 9 6 3 3 7 4 5 0 5 3 7 4 0 8 7 0 9 7 4 3 2 1 2 0 1 7 3 3 7 4 3 6,e00f03f50af8ec9878593034a263de033f147b6393cb4f73e50c6964fbc39ca6
supplement,8,13002,2,0.8467966573816156,5 4 0 1 6 9 9 2 6 6 1 3 1 1 7 0 8 9 5 8 0 9 1 6 9 5 7 4 1 5 8 9 8 3 4 3 3 6 1 6 5 4 4 1 4 9 1 9 9 1 1 7 9 0 4 7 8 9 0 5 1 7 6 2 2 4 3 1 4 3 2 7 9 6 1 7 5 9 6 2 7 1 2 2 2 3 4 0 1 8 1 4 7 2 2 6 9 1 9 9 2 8 0 7 1 6 1 4 7 5 1 2 9 4 5 4 5 3 6 3 5 2 3 0 0 2 7 8 9 6 9 7 5 0 9 2 6 9 4 3 6 6 4 1 6 5 6 7 8 0 0 7 2 5 3 9 0 3 7 8 1 6 6 7 6 3 3 9 7 5 0 0 7 3 2 6 3 5 3 4 3 2 2 5 3 1 6 4 6 7 5 9 6 5 6 7 4 1 1 4 5 6 0 9 4 3 1 1 1 0 0 9 2 5 4 0 2 1 5 4 9 0 9 4 6 6 4 0 3 8 2 6 7 0 1 4 8 7 2 2 7 6 5 8 9 2 0 4 4 5 7 4 4 8 4 2 7 9 8 6 4 6 9 9 6 0 9 1 3 0 9 0 3 9 7 5 2 3 1 9 7 8 7 4 4 6 5 4 1 9 3 9 3 1 9 4 8 9 5 4 2 2 9 1 5 3 0 0 6 7 1 5 7 0 5 6 0 0 0 8 7 4 9 2 5 9 1 9 8 8 5 7 8 5 0 9 9 7 4 0 5 7 0 9 7 4 9 2 6 2 0 2 7 8 3 7 7 3 6,d4dcdeb7e3a80270b959a9c3f190a4a00fecf3606c547bb2a82212c4910fa5c7
supplement,8,13002,3,0.8690807799442897,5 4 0 1 6 9 9 2 6 6 1 3 1 1 7 0 8 8 5 8 0 9 1 6 9 5 3 4 1 9 8 9 8 3 4 3 3 6 1 6 5 4 4 1 4 9 8 9 9 1 1 7 9 0 4 7 8 9 0 5 1 7 6 2 2 4 3 1 1 3 2 7 3 6 1 7 5 7 6 2 7 1 2 2 2 3 4 0 2 7 8 4 7 2 2 6 3 1 1 9 2 8 0 7 1 6 1 4 7 5 1 2 9 4 5 4 5 3 6 3 5 2 3 0 0 2 7 8 9 6 9 7 5 0 9 2 6 3 4 3 6 6 4 1 6 5 6 7 8 0 0 7 2 5 3 9 0 3 7 8 1 6 6 7 6 3 3 9 7 5 0 0 7 3 2 6 3 5 3 4 3 2 2 5 5 1 6 4 6 7 5 0 6 5 6 7 4 1 1 4 5 6 0 9 4 3 2 1 1 0 0 9 2 5 4 0 3 1 5 4 9 0 9 4 6 0 4 0 3 8 2 6 7 0 1 4 8 7 2 2 7 6 5 5 9 2 0 4 4 7 7 4 4 8 4 2 7 9 8 6 4 6 9 9 6 0 9 1 8 0 5 0 3 9 7 5 2 3 1 9 7 8 7 4 4 6 5 4 2 9 3 1 3 2 9 4 8 9 5 4 2 2 3 1 5 3 0 0 6 7 1 5 7 0 5 6 0 0 0 8 7 4 9 3 5 3 1 9 8 8 5 7 8 5 0 9 8 7 4 0 5 7 0 9 7 4 3 2 6 2 0 2 7 8 3 7 7 3 6,1d643e8a9c56a09441cbd59fb481e75a6bf6fb6a05c569e646e62bf3cc067438
supplement,8,13002,4,0.8746518105849582,5 4 0 1 6 9 9 2 6 6 1 3 1 1 7 0 8 9 5 8 0 9 1 6 9 5 3 4 1 3 4 9 8 3 4 3 3 6 1 6 5 4 4 6 4 9 8 9 9 1 1 7 3 0 4 7 7 9 0 5 1 7 6 2 1 4 3 1 1 3 2 7 9 6 1 7 5 7 6 2 7 1 2 2 2 3 4 0 3 7 1 4 7 2 2 6 3 1 1 9 2 1 0 7 1 6 1 4 7 5 1 2 9 4 5 4 5 3 6 3 5 2 3 0 0 2 7 8 9 6 9 7 5 0 9 2 6 9 4 3 6 6 7 1 6 5 6 7 8 0 0 7 2 5 3 9 0 3 7 8 1 6 6 7 6 3 3 1 7 5 0 0 7 3 2 6 3 5 3 4 3 2 2 5 3 1 6 4 6 7 5 3 6 9 6 7 1 1 1 7 7 6 0 9 4 3 2 1 1 0 0 9 2 5 4 0 3 1 5 4 9 0 9 4 6 0 4 0 3 8 2 6 7 0 1 4 8 7 2 2 7 6 5 5 9 2 0 4 4 7 7 4 7 8 4 3 7 9 8 6 4 6 9 9 6 0 9 1 8 0 5 0 3 9 7 5 2 3 1 9 7 8 7 4 4 6 5 4 1 9 3 1 3 2 9 4 8 9 5 4 2 2 3 1 5 3 0 0 6 7 1 5 7 0 5 6 0 0 0 8 7 4 7 3 5 3 1 9 8 8 3 7 8 5 0 9 9 7 4 0 5 7 9 9 7 4 3 2 6 2 0 2 7 8 3 7 7 3 6,517be7b8a7c42d185e4a494c23e31e208eef99b2eb9be4b81bc1a854bdbfab27
supplement,8,13002,5,0.8662952646239555,5 4 0 1 6 9 9 2 6 6 6 3 1 1 7 0 8 9 5 8 0 9 1 6 9 5 3 4 1 9 4 9 8 3 4 3 3 6 1 6 5 4 4 5 4 9 8 9 9 1 1 7 9 0 4 7 7 9 0 5 1 7 6 2 2 4 3 1 1 3 2 7 9 6 1 7 5 7 6 2 7 1 2 2 2 3 4 0 3 7 1 4 7 2 2 6 3 1 1 9 2 8 0 7 1 6 1 4 7 5 1 2 1 4 5 4 5 3 6 3 5 2 3 0 0 2 7 8 9 6 9 7 5 0 9 2 6 3 4 3 6 6 7 1 6 5 6 7 8 0 0 7 2 5 3 9 0 3 7 7 1 6 6 8 6 3 3 9 7 5 0 0 7 3 2 6 3 5 3 4 3 2 2 5 5 1 6 4 6 7 5 0 6 5 6 7 1 1 1 7 7 6 0 9 4 3 2 1 1 0 0 9 2 5 4 0 3 1 5 4 9 0 9 4 6 0 4 0 3 8 2 6 7 0 1 4 8 7 2 2 7 6 5 5 9 2 0 4 4 7 7 4 7 3 4 2 7 9 8 6 4 6 9 9 6 0 9 1 8 0 5 0 3 9 7 5 2 3 1 9 7 8 7 4 4 6 5 4 1 9 3 1 3 2 9 4 8 9 5 4 2 2 3 1 5 3 0 0 6 7 1 5 7 0 5 6 0 0 0 1 7 4 9 2 5 3 1 9 8 8 8 7 8 5 0 9 9 7 4 0 5 7 0 9 7 4 3 2 6 2 0 2 7 8 3 7 7 3 6,771f219fe6f9c08a54d90e7ef5e811311c5b20dd144aa4be2fc621e8ecfd4bd8
supplement,8,13002,6,0.8913649025069638,5 4 0 1 6 9 9 2 6 6 6 3 1 1 7 0 8 9 5 8 0 9 1 6 9 5 3 4 1 3 8 9 8 3 4 3 3 6 1 6 5 4 4 5 4 9 8 9 9 1 8 7 9 0 4 7 8 9 0 5 1 7 6 2 2 4 3 1 1 3 2 7 9 6 1 7 5 5 6 2 7 1 2 2 2 3 4 0 2 7 1 4 7 2 2 6 3 1 1 9 2 8 0 7 1 6 1 4 7 5 1 2 1 4 5 4 5 3 6 3 5 2 3 0 0 2 7 3 9 6 9 7 5 0 9 2 6 3 4 3 6 6 7 1 6 5 6 7 8 0 0 7 2 5 3 9 0 3 7 8 1 8 6 8 6 3 3 9 7 5 0 0 7 3 2 6 3 5 3 4 3 2 2 5 5 1 6 4 6 7 5 0 6 9 6 7 1 1 1 4 5 6 0 9 4 3 2 1 1 0 0 9 2 5 4 0 3 1 5 4 9 0 9 4 6 0 4 0 3 8 2 6 7 0 1 4 8 7 2 2 7 6 5 5 9 2 0 4 4 2 7 4 7 8 4 2 7 9 8 6 4 6 9 9 6 0 9 1 8 0 5 0 3 9 7 5 2 2 1 9 7 8 7 4 4 6 5 4 1 9 3 1 3 2 9 4 8 5 5 4 2 2 9 1 5 3 0 0 6 7 1 5 7 0 5 6 0 0 0 8 7 4 9 2 5 3 1 9 8 8 8 7 8 5 0 9 9 7 4 0 5 7 9 9 7 4 3 2 6 2 0 2 7 8 3 7 7 3 6,036af96226336dd0019d7923bc8a635e7d5d2bf03614901f5d22d2661d4246fb
supplement,8,13002,7,0.9080779944289693,5 4 0 1 6 9 9 2 6 6 1 3 1 1 7 0 8 9 5 8 0 9 1 6 5 5 3 4 1 9 8 9 8 3 4 3 3 6 1 6 5 4 4 6 4 9 8 9 9 8 8 7 3 0 4 7 7 9 0 5 1 7 6 2 2 4 3 1 1 3 2 7 9 6 1 7 5 9 6 2 7 2 2 2 2 3 4 0 2 7 8 4 7 2 2 6 3 1 1 9 2 8 0 7 1 6 1 4 7 5 1 2 1 4 5 4 5 3 6 3 5 2 3 0 0 2 7 3 9 6 9 7 5 0 9 2 6 3 4 3 6 6 7 1 6 5 6 7 8 0 0 7 2 5 3 9 0 3 7 8 8 8 6 8 6 3 3 1 7 5 0 0 7 3 1 6 3 5 8 4 3 2 2 5 5 8 6 4 6 7 5 0 6 9 6 7 1 1 1 7 8 6 0 9 4 3 2 1 1 0 0 9 2 5 4 0 3 1 5 4 9 0 9 4 6 0 4 0 3 8 2 6 7 0 1 4 8 7 2 2 7 6 5 5 9 2 0 4 4 8 7 4 7 8 4 2 7 9 8 6 4 6 9 9 6 0 9 1 8 0 5 0 3 9 7 5 2 2 1 9 7 8 7 4 4 6 5 4 1 1 3 1 3 2 9 4 8 5 5 4 2 2 3 1 5 3 0 0 6 7 1 5 7 0 5 6 0 0 0 8 7 4 9 2 5 3 1 9 8 8 8 7 8 5 0 9 9 7 4 0 5 7 9 9 7 4 3 2 6 2 0 2 7 8 3 7 7 8 6,1a7af676303114da2526909fa0512769556b0ce6be1a1b1b7f61913439cec48d
supplement,8,13002,8,0.9025069637883009,5 4 0 1 6 9 9 2 0 6 4 3 1 1 7 0 8 9 5 8 0 9 1 6 5 5 3 4 1 9 8 9 8 3 4 3 3 6 1 6 5 4 4 5 4 9 8 9 9 2 8 7 3 0 4 7 7 9 0 5 8 7 6 2 2 4 3 1 1 3 2 7 9 6 1 7 5 5 6 2 7 1 2 2 2 3 4 0 2 7 8 4 7 2 2 6 3 2 1 9 2 8 0 7 1 6 1 4 7 5 1 2 1 4 5 4 5 3 6 3 5 2 3 0 0 2 7 3 9 6 9 7 5 0 9 2 6 3 4 3 6 6 7 1 6 5 6 7 8 0 0 7 2 5 3 9 0 3 7 8 1 8 6 8 6 3 3 1 7 5 0 0 8 3 2 6 3 5 8 4 3 2 2 5 5 8 6 4 6 7 5 0 6 5 6 7 1 1 1 7 7 6 0 9 4 3 2 1 1 0 0 9 2 5 4 0 3 1 5 4 9 0 9 4 6 0 4 0 3 8 2 6 7 0 1 4 8 7 2 2 7 6 5 5 9 2 0 4 4 8 7 4 7 8 4 2 7 9 8 6 4 6 9 9 6 0 9 1 8 0 5 0 3 9 7 5 2 3 1 9 7 8 7 4 4 6 5 4 1 1 3 1 3 2 9 4 8 5 5 4 2 2 3 1 5 3 0 0 6 7 1 5 7 0 5 6 0 0 0 8 7 4 7 2 5 3 1 9 8 8 8 7 8 5 0 9 3 7 4 0 5 7 9 9 7 4 3 2 6 2 0 2 7 8 3 7 7 8 6,8c1767faa1a4d32b489c922edd8ca5e433e6064444810e556f54d7f54f621dca
supplement,8,13002,9,0.9136490250696379,5 4 0 1 6 9 9 2 0 6 1 3 1 1 7 0 8 9 5 8 0 9 1 6 5 5 3 4 1 9 8 9 8 3 4 3 3 6 1 6 5 4 4 5 4 9 8 9 9 8 8 7 9 0 4 7 8 9 0 5 8 7 6 2 1 4 3 1 1 3 2 7 9 6 1 7 5 5 6 2 7 2 2 2 2 3 4 0 2 7 8 4 7 2 2 6 3 2 1 9 2 8 0 5 1 6 1 4 7 5 1 2 1 4 5 4 5 3 6 3 5 2 3 0 0 2 7 8 9 6 9 7 5 0 9 2 6 3 4 3 6 6 7 1 6 5 6 7 8 0 0 7 2 5 3 9 0 3 7 8 8 8 6 8 6 3 3 1 7 5 0 0 8 3 1 6 3 5 8 4 3 2 2 5 5 8 6 4 6 7 5 0 6 5 6 7 1 1 1 7 8 6 0 9 4 3 2 1 1 0 0 9 2 5 4 0 3 1 5 4 9 0 9 4 6 0 4 0 3 8 2 6 7 0 1 4 8 7 2 2 7 6 5 5 9 2 0 4 4 8 7 4 7 8 4 2 7 9 8 6 4 6 9 9 6 0 9 1 8 0 5 0 3 9 7 5 2 0 1 9 7 8 7 4 4 6 5 4 1 1 3 1 3 2 9 4 8 5 5 4 2 2 3 1 5 3 0 0 6 7 1 5 7 0 5 6 0 0 0 8 7 4 9 2 5 3 1 9 8 8 8 7 8 5 0 9 9 7 4 0 5 7 9 9 7 4 3 2 6 2 0 2 7 8 3 7 7 8 6,996cea37c1024da99bfa0bfe45ebda939222362793c9bbd4b93dc979f1bc6ac2
supplement,8,13002,10,0.9108635097493036,5 4 0 1 6 9 9 2 6 6 1 3 1 1 7 0 8 9 5 8 0 9 1 6 5 5 3 4 1 9 8 9 8 3 4 3 3 6 1 6 5 4 4 5 4 9 8 9 9 8 8 7 3 0 4 7 8 9 0 5 1 7 6 2 1 4 3 1 1 3 2 7 9 6 1 7 5 5 6 2 7 1 2 2 2 3 4 0 2 7 8 4 7 2 2 6 3 1 1 9 2 8 0 7 1 6 1 4 7 5 1 2 1 4 5 4 5 3 6 3 5 2 3 0 0 2 7 8 9 6 9 7 5 0 9 2 6 3 4 3 6 6 7 1 6 5 6 7 8 0 0 7 2 5 3 9 0 3 7 8 1 8 6 8 6 3 3 1 7 5 0 0 7 3 1 6 3 5 8 4 3 2 2 5 5 8 6 4 6 7 5 0 6 5 6 7 1 1 1 7 5 6 0 9 4 3 2 1 1 0 0 9 2 5 4 0 3 1 5 4 9 0 9 4 6 0 4 0 3 8 2 6 7 0 1 4 8 7 2 2 7 6 5 5 9 2 0 4 4 8 7 4 7 8 4 2 7 9 8 6 4 6 9 9 6 0 9 1 8 0 5 0 3 9 7 5 2 9 1 9 7 8 7 4 4 6 5 4 1 1 3 1 3 2 9 4 8 5 5 4 2 2 3 1 5 3 0 0 6 7 1 5 7 0 5 6 0 0 0 8 7 4 9 2 5 3 1 9 8 8 8 7 8 5 0 9 9 7 4 0 5 7 0 9 7 4 3 2 6 2 0 2 7 8 3 7 7 3 6,6dc6befec650d443e0e0d112844aba2c2f1ad9c30ee7731233015d28b12a1a83
supplement,8,13002,11,0.9080779944289693,5 4 0 1 6 9 9 2 6 6 1 3 1 1 7 0 8 9 5 8 0 9 1 6 5 5 3 4 1 9 8 9 8 3 4 3 3 6 1 6 5 4 4 5 4 9 8 9 9 8 8 7 9 0 4 7 8 9 0 5 8 7 6 2 1 4 3 1 1 3 2 7 9 6 1 7 5 9 6 2 7 1 2 2 2 3 4 0 2 7 8 4 7 2 2 6 3 1 1 9 2 8 0 7 1 6 1 4 7 5 1 2 1 4 5 4 5 3 6 3 5 2 3 0 0 2 7 8 9 6 9 7 5 0 9 2 6 3 4 3 6 6 7 1 6 5 6 7 8 0 0 7 2 5 3 9 0 3 7 8 8 8 6 8 6 3 3 1 7 5 0 0 7 3 1 6 3 5 8 4 3 2 2 5 5 8 6 4 6 7 5 0 6 5 6 7 1 1 1 7 5 6 0 9 4 3 1 1 1 0 0 9 2 5 4 0 3 1 5 4 9 0 9 4 6 0 4 0 3 7 2 6 7 0 1 4 8 7 2 2 7 6 5 5 9 2 0 4 4 8 7 4 7 8 4 2 7 9 8 6 4 6 9 9 6 0 9 1 8 0 5 0 3 9 7 5 2 3 1 9 7 8 7 4 4 6 5 4 1 1 3 1 3 2 9 4 8 5 5 4 2 2 9 1 5 3 0 0 6 7 1 5 7 0 5 6 0 0 0 8 7 4 9 2 5 3 1 9 8 8 8 7 8 5 0 9 9 7 4 0 5 7 9 9 7 4 3 2 6 2 0 2 7 8 3 7 7 8 6,9a1c949f98a27c8921f841427f71115479390491c97c5d1850b8a2746b20c03c
supplement,8,13002,12,0.9220055710306406,5 4 0 1 6 9 9 2 0 6 1 3 1 1 7 0 8 9 5 8 0 9 1 6 5 5 3 4 1 9 8 9 8 3 4 3 3 6 1 6 5 4 4 5 4 9 8 9 9 8 8 7 3 0 4 7 8 9 0 5 1 7 6 2 1 4 3 1 1 3 2 7 9 6 1 7 5 5 6 2 7 2 2 2 2 3 4 0 2 7 8 4 7 2 2 6 3 2 1 9 2 8 0 7 1 6 1 4 7 5 1 2 1 4 5 4 5 3 6 3 5 2 3 0 0 2 7 3 9 6 9 7 5 0 9 2 6 3 4 3 6 6 7 1 6 5 6 7 8 0 0 7 2 5 3 9 0 3 7 8 1 8 6 8 6 3 3 1 7 5 0 0 7 3 1 6 3 5 8 4 3 2 2 5 5 8 6 4 6 7 5 0 6 5 6 7 1 1 1 7 8 6 0 9 4 3 1 1 1 0 0 9 2 5 4 0 3 1 5 4 9 0 9 4 6 0 4 0 3 8 2 6 7 0 1 4 8 7 2 2 7 6 5 5 9 2 0 4 4 8 7 4 7 8 4 2 7 9 8 6 4 6 9 9 6 0 9 1 8 0 5 0 3 9 7 5 2 3 1 9 7 8 7 4 4 6 5 4 1 1 3 1 3 2 9 4 8 9 5 4 2 2 9 1 5 3 0 0 6 7 1 5 7 0 5 6 0 0 0 8 7 4 7 2 5 3 1 9 8 8 8 7 8 5 0 9 9 7 4 0 5 7 9 9 7 4 3 2 6 2 0 2 7 8 3 7 7 3 6,b3f66beff46729463e78cd94536c38bd532ece4f0dd08494ef8c4e91e89a137b
supplement,8,13002,13,0.9164345403899722,5 4 0 1 6 9 9 2 0 6 1 3 1 1 7 0 8 9 5 8 0 9 1 6 5 5 3 4 1 9 8 9 8 3 4 3 3 6 1 6 5 4 4 5 4 9 8 9 9 8 8 7 9 0 4 7 8 9 0 5 1 7 6 2 1 4 3 1 1 3 2 7 9 6 1 7 5 5 6 2 7 1 2 2 2 3 4 0 2 7 8 4 7 2 2 6 3 2 1 9 2 8 0 7 1 6 1 4 7 5 1 2 1 4 5 4 5 3 6 3 5 2 3 0 0 2 7 3 9 6 9 7 5 0 9 2 6 3 4 3 6 6 7 1 6 5 6 7 8 0 0 7 2 5 3 9 0 3 7 8 1 8 6 8 6 3 3 1 7 5 0 0 7 3 1 6 3 5 8 4 3 2 2 5 5 8 6 4 6 7 5 3 6 9 6 7 1 1 1 7 8 6 0 9 4 3 2 1 1 0 0 9 2 5 4 0 3 1 5 4 9 0 9 4 6 0 4 0 3 8 2 6 7 0 1 4 8 7 2 2 7 6 5 5 9 2 0 4 4 8 7 4 7 8 4 2 7 9 8 6 4 6 9 9 6 0 9 1 8 0 5 0 3 9 7 5 2 2 1 9 7 8 7 4 4 6 5 4 1 1 3 1 3 2 9 4 8 5 5 4 2 2 9 1 5 3 0 0 6 7 1 5 7 0 5 6 0 0 0 1 7 4 9 2 5 3 1 9 8 8 8 7 8 5 0 9 3 7 4 0 5 7 0 9 7 4 3 2 6 2 0 2 7 8 3 7 7 3 6,93c7d3dbcfcb3da9fc50811343ef78f9b0523b7bc7f71446a9dc6cc8696bef82
supplement,8,13002,14,0.9192200557103064,5 4 0 1 6 9 9 2 0 6 4 3 1 1 7 0 8 9 5 8 0 9 1 6 5 5 3 4 1 9 8 9 8 3 4 3 3 6 1 6 5 4 4 5 4 9 8 9 9 8 8 7 3 0 4 7 8 9 0 5 8 7 6 2 1 4 3 1 1 3 2 7 9 6 1 7 5 9 6 2 7 2 2 2 2 3 4 0 2 7 8 4 7 2 2 6 3 2 1 9 2 8 0 7 1 6 1 4 7 5 1 2 1 4 5 4 5 3 6 3 5 2 3 0 0 2 7 3 9 6 9 7 5 0 9 2 6 3 4 3 6 6 7 1 6 5 6 7 8 0 0 7 2 5 3 9 0 3 7 8 8 8 6 8 6 3 3 1 7 5 0 0 8 3 1 6 3 5 8 4 3 2 2 5 5 8 6 4 6 7 5 0 6 9 6 7 1 1 1 7 8 6 0 9 4 3 2 1 1 0 0 9 2 5 4 0 3 1 5 4 9 0 9 4 6 0 4 0 3 8 2 6 7 0 1 4 8 7 2 2 7 6 5 5 9 2 0 4 4 8 7 4 7 8 4 2 7 9 8 6 4 6 9 9 6 0 9 1 8 0 5 0 3 9 7 5 2 9 1 9 7 8 7 4 4 6 5 4 1 1 3 1 3 2 9 4 8 5 5 4 2 2 9 1 5 3 0 0 6 7 1 5 7 0 5 6 0 0 0 8 7 4 9 2 5 3 1 9 8 8 8 7 8 5 0 9 9 7 4 0 5 7 9 9 7 4 3 2 6 2 0 2 7 8 3 7 7 3 6,5473a70c2d106a47a5a67b1f713198f0d68a240b63a86624bfa1c9c0dfea391d
supplement,8,13002,15,0.9220055710306406,5 4 0 1 6 9 9 2 0 6 1 3 1 1 7 0 8 9 5 8 0 9 1 6 5 5 3 4 1 9 8 9 8 3 4 3 3 6 1 6 5 4 4 5 4 9 8 9 9 8 8 7 3 0 4 7 8 9 0 5 8 7 6 2 1 4 3 1 1 3 2 7 9 6 1 7 5 5 6 2 7 1 2 2 2 3 4 0 2 7 8 4 7 2 2 6 3 2 1 9 2 8 0 7 1 6 1 4 7 5 1 2 1 4 5 4 5 3 6 3 5 2 3 0 0 2 7 8 9 6 9 7 5 0 9 2 6 3 4 3 6 6 7 1 6 5 6 7 8 0 0 7 2 5 3 9 0 3 7 8 1 8 6 8 6 3 3 1 7 5 0 0 8 3 1 6 3 5 8 4 3 2 2 5 5 8 6 4 6 7 5 3 6 5 6 7 1 1 1 7 8 6 0 9 4 3 2 1 1 0 0 9 2 5 4 0 3 1 5 4 9 0 9 4 6 0 4 0 3 8 2 6 7 0 1 4 8 7 2 2 7 6 5 5 9 2 0 4 4 8 7 4 7 3 4 2 7 9 8 6 4 6 9 9 6 0 9 1 8 0 5 0 3 9 7 5 2 2 1 9 7 8 7 4 4 6 5 4 1 1 3 1 3 2 9 4 8 5 5 4 2 2 9 1 5 3 0 0 6 7 1 5 7 0 5 6 0 0 0 8 7 4 9 2 5 3 1 9 8 8 8 7 8 5 0 9 3 7 4 0 5 7 0 9 7 4 3 2 6 2 0 2 7 8 3 7 7 3 6,ce279c1dc31f0f23c4ef41eea874ee313e4cd9289fae57460c0d2e02956ac975
supplement,8,13002,16,0.9331476323119777,5 4 0 1 6 9 9 2 0 6 4 3 1 1 7 0 8 9 5 8 0 9 1 6 5 5 3 4 1 9 8 9 8 3 4 3 3 6 1 6 5 4 4 5 4 9 8 9 9 8 8 7 3 0 4 7 8 9 0 5 1 7 6 2 1 4 3 1 1 3 2 7 9 6 1 7 5 9 6 2 7 1 2 2 2 3 4 0 2 7 8 4 7 2 2 6 3 2 1 9 2 8 0 7 1 6 1 4 7 5 1 2 1 4 5 4 5 3 6 3 5 2 3 0 0 2 7 8 9 6 9 7 5 0 9 2 6 3 4 3 6 6 7 1 6 5 6 7 8 0 0 7 2 5 3 9 0 3 7 8 1 8 6 8 6 3 3 1 7 5 0 0 8 3 1 6 3 5 8 4 3 2 2 5 5 8 6 4 6 7 5 3 6 9 6 7 1 1 1 7 8 6 0 9 4 3 1 1 1 0 0 9 2 5 4 0 3 1 5 4 9 0 9 4 6 0 4 0 3 8 2 6 7 0 1 4 8 7 2 2 7 6 5 5 9 2 0 4 4 8 7 4 7 8 4 2 7 9 8 6 4 6 9 9 6 0 9 1 8 0 5 0 3 9 7 5 2 2 1 9 7 8 7 4 4 6 5 4 1 1 3 1 3 2 9 4 8 5 5 4 2 2 9 1 5 3 0 0 6 7 1 5 7 0 5 6 0 0 0 8 7 4 9 2 5 3 1 9 8 8 8 7 8 5 0 9 9 7 4 0 5 7 9 9 7 4 3 2 6 2 0 2 7 8 3 7 7 3 6,8d2a21f2029950aaac1f676f5a8fb28fd97e491b735573aa7ee6ce6b76983c3b
supplement,8,13002,17,0.9220055710306406,5 4 0 1 6 9 9 2 0 6 1 3 1 1 7 0 8 9 5 8 0 9 1 6 5 5 3 4 1 9 8 9 8 3 4 3 3 6 1 6 5 4 4 5 4 9 8 9 9 8 8 7 3 0 4 7 8 9 0 5 1 7 6 2 1 4 3 1 1 3 2 7 9 6 1 7 5 5 6 2 7 1 2 2 2 3 4 0 2 7 8 4 7 2 2 6 3 2 1 9 2 8 0 7 1 6 1 4 7 5 1 2 1 4 5 4 5 3 6 3 5 2 3 0 0 2 7 3 9 6 9 7 5 0 9 2 6 3 4 3 6 6 7 1 6 5 6 7 8 0 0 7 2 5 3 9 0 3 7 8 1 8 6 8 6 3 3 1 7 5 0 0 8 3 1 6 3 5 8 4 3 2 2 5 5 8 6 4 6 7 5 3 6 5 6 7 1 1 1 7 8 6 0 9 4 3 1 1 1 0 0 9 2 5 4 0 3 1 5 4 9 0 9 4 6 0 4 0 3 8 2 6 7 0 1 4 8 7 2 2 7 6 5 5 9 2 0 4 4 8 7 4 7 8 4 2 7 9 8 6 4 6 9 9 6 0 9 1 8 0 5 0 3 9 7 5 2 2 1 9 7 8 7 4 4 6 5 4 1 1 3 1 3 2 9 4 8 9 5 4 2 2 9 1 5 3 0 0 6 7 1 5 7 0 5 6 0 0 0 1 7 4 9 2 5 3 1 9 8 8 8 7 8 5 0 9 9 7 4 0 5 7 0 9 7 4 3 2 6 2 0 2 7 8 3 7 7 3 6,bca89f6bdad68cd537aff30ba315a915b7f804b8e0093751fab99f6e3061f969
supplement,8,13002,18,0.9331476323119777,5 4 0 1 6 9 9 2 0 6 1 3 1 1 7 0 8 9 5 8 0 9 1 6 5 5 3 4 1 9 8 9 8 3 4 3 3 6 1 6 5 4 4 5 4 9 8 9 9 8 8 7 3 0 4 7 8 9 0 5 1 7 6 2 1 4 3 1 1 3 2 7 9 6 1 7 5 5 6 2 7 2 2 2 2 3 4 0 2 7 8 4 7 2 2 6 3 1 1 9 2 8 0 8 1 6 1 4 7 5 1 2 1 4 5 4 5 3 6 3 5 2 3 0 0 2 7 3 9 6 9 7 5 0 9 2 6 3 4 3 6 6 7 1 6 5 6 7 8 0 0 7 2 5 3 9 0 3 7 8 8 8 6 8 6 3 3 1 7 5 0 0 8 3 1 6 3 5 8 4 3 2 2 5 5 8 6 4 6 7 5 3 6 5 6 7 1 1 1 7 8 6 0 9 4 3 1 1 1 0 0 9 2 5 4 0 3 1 5 4 9 0 9 4 6 0 4 0 3 8 2 6 7 0 1 4 8 7 2 2 7 6 5 5 9 2 0 4 4 8 7 4 7 8 4 2 7 9 8 6 4 6 9 9 6 0 9 1 8 0 5 0 3 9 7 5 2 2 1 9 7 8 7 4 4 6 5 4 1 1 3 1 3 2 9 4 8 5 5 4 2 2 9 1 5 3 0 0 6 7 1 5 7 0 5 6 0 0 0 8 7 4 9 2 5 3 1 9 8 8 8 7 8 5 0 9 8 7 4 0 5 7 9 9 7 4 3 2 6 2 0 2 7 8 3 7 7 3 6,06b2e37e83d9c977af1123988c185e46264d1c27576f69269beca7ffa9992bfb
supplement,8,13002,19,0.9275766016713092,5 4 0 1 6 9 9 2 0 6 1 3 1 1 7 0 8 9 5 8 0 9 1 6 5 5 3 4 1 9 8 9 8 3 4 3 3 6 1 6 5 4 4 5 4 9 8 9 9 8 8 7 3 0 4 7 8 9 0 5 8 7 6 2 1 4 3 1 1 3 2 7 9 6 1 7 5 8 6 2 7 1 2 2 2 3 4 0 2 7 8 4 7 2 2 6 3 8 1 9 2 8 0 7 1 6 1 4 7 5 1 2 1 4 5 4 5 3 6 3 5 2 3 0 0 2 7 8 9 6 9 7 5 0 9 2 6 3 4 3 6 6 7 1 6 5 6 7 8 0 0 7 2 5 3 9 0 3 7 8 1 8 6 8 6 3 3 1 7 5 0 0 7 3 1 6 3 5 8 4 3 2 2 5 5 8 6 4 6 7 5 0 6 5 6 7 1 1 1 7 8 6 0 9 4 3 1 1 1 0 0 9 2 5 4 0 3 1 5 4 9 0 9 4 6 0 4 0 3 8 2 6 7 0 1 4 8 7 2 2 7 6 5 5 9 2 0 4 4 8 7 4 7 8 4 2 7 9 8 6 4 6 9 9 6 0 9 1 8 0 5 0 3 9 7 5 2 2 1 9 7 8 7 4 4 6 5 4 1 1 3 1 3 2 9 4 8 5 5 4 2 2 9 1 5 3 0 0 6 7 1 5 7 0 5 6 0 0 0 8 7 4 9 2 5 3 1 9 8 8 8 7 8 5 0 9 8 7 4 0 5 7 9 9 7 4 3 2 6 2 0 2 7 8 3 7 7 3 6,b79f50cb53aae9294d7d5aee4400a89f8664e7c6ace725ec3db0ccb162fe5fb9
supplement,8,13002,20,0.9080779944289693,5 4 0 1 6 9 9 2 6 6 1 3 1 1 7 0 8 9 5 8 0 9 1 6 5 5 3 4 1 9 8 9 8 3 4 3 3 6 1 6 5 4 4 5 4 9 8 9 9 8 8 7 9 0 4 7 8 9 0 5 8 7 6 2 1 4 3 1 1 3 2 7 9 6 1 7 5 5 6 2 7 1 2 2 2 3 4 0 2 7 8 4 7 2 2 6 3 2 1 9 2 8 0 7 1 6 1 4 7 5 1 2 1 4 5 4 5 3 6 3 5 2 3 0 0 2 7 8 9 6 9 7 5 0 9 2 6 3 4 3 6 6 7 1 6 5 6 7 8 0 0 7 2 5 3 9 0 3 7 8 8 8 6 8 6 3 3 1 7 5 0 0 8 3 1 6 3 5 8 4 3 2 2 5 5 8 6 4 6 7 5 0 6 9 6 7 1 1 1 7 8 6 0 9 4 3 2 1 1 0 0 9 2 5 4 0 3 1 5 4 9 0 9 4 6 0 4 0 3 8 2 6 7 0 1 4 8 7 2 2 7 6 5 5 9 2 0 4 4 8 7 4 7 3 4 2 7 9 8 6 4 6 9 9 6 0 9 1 8 0 5 0 3 9 7 5 2 2 1 9 7 8 7 4 4 6 5 4 1 1 3 1 3 2 9 4 8 5 5 4 2 2 9 1 5 3 0 0 6 7 1 5 7 0 5 6 0 0 0 8 7 4 9 2 5 3 1 9 8 8 8 7 8 5 0 9 3 7 4 0 5 7 0 9 7 4 3 2 6 2 0 2 7 8 3 7 7 3 6,0155478d9932082e44500ca6f2d2c3eaeead08db386a7afdb2cbe60848c2a576
supplement,8,13003,1,0.479108635097493,5 4 0 1 6 0 3 1 6 6 4 3 1 8 7 6 2 3 9 5 0 9 1 6 0 5 7 7 6 0 6 7 5 3 6 3 3 6 1 6 9 4 6 8 6 0 1 1 9 9 1 7 3 0 6 7 3 6 0 5 1 7 6 1 5 9 3 1 1 3 2 7 3 0 1 3 5 7 6 0 3 4 1 1 1 3 0 6 3 1 1 0 7 1 1 6 3 4 9 9 3 3 9 3 1 6 1 4 7 5 1 1 9 4 5 5 0 3 0 3 5 1 3 0 0 6 7 2 9 6 9 7 5 0 9 3 6 0 4 5 6 6 3 5 5 5 6 7 5 0 0 7 4 5 3 0 0 3 7 5 1 0 6 7 6 3 3 9 7 5 0 0 7 3 5 6 3 5 5 4 3 3 3 5 5 1 6 6 6 5 5 6 6 0 6 2 1 1 1 1 5 6 0 3 4 9 5 1 1 0 9 3 1 5 1 0 3 1 5 6 5 0 3 6 6 0 7 6 3 5 2 6 7 0 9 1 3 9 1 1 4 6 5 0 2 1 0 5 6 5 7 4 4 2 4 3 7 7 2 6 0 6 1 3 6 6 3 7 8 6 0 0 3 3 7 5 2 9 6 3 7 5 5 9 6 6 9 2 1 9 3 9 3 2 3 8 5 9 9 9 1 2 0 7 5 3 0 0 6 7 1 0 7 6 0 6 6 6 4 1 7 1 7 9 5 3 1 3 6 6 5 7 1 5 0 0 2 4 4 0 5 2 7 9 4 9 3 2 6 0 0 4 7 3 3 3 7 5 0,ec054512d81224277d7df3ef94a4993a5e190e273c10a756707ed44167d34253
supplement,8,13003,2,0.8105849582172702,5 4 0 1 6 9 3 2 0 6 6 3 1 1 7 0 8 9 0 8 0 3 1 6 3 5 1 4 1 3 8 9 1 3 4 3 3 6 1 6 5 4 4 8 4 9 1 9 9 8 1 7 3 0 4 7 8 3 0 1 1 7 6 1 1 4 3 1 1 3 2 7 9 6 1 7 5 1 6 2 7 1 2 2 2 3 4 0 2 7 1 4 7 2 2 6 3 8 9 3 2 1 0 3 1 6 1 4 7 5 1 2 9 4 5 4 5 3 6 3 5 2 3 0 0 2 7 3 9 6 9 7 5 0 9 2 6 3 4 3 6 6 4 1 6 0 6 7 8 0 0 7 2 5 3 9 0 3 7 1 1 8 6 7 6 3 3 9 7 5 0 0 7 3 1 6 3 5 3 4 3 2 2 5 1 1 6 4 6 7 5 0 6 3 6 7 1 1 1 1 2 6 0 9 4 3 1 1 1 0 0 3 2 5 4 0 3 1 5 4 9 0 3 4 6 0 4 0 3 4 2 6 7 0 9 4 3 7 2 1 7 6 5 5 9 2 0 4 4 1 7 4 4 3 4 2 7 3 8 6 4 6 9 9 6 0 9 1 8 0 5 0 3 3 7 5 2 9 1 3 7 2 4 4 4 6 5 4 1 9 3 9 3 2 9 4 3 9 5 4 2 2 9 1 5 3 0 0 6 7 1 5 7 0 5 6 0 0 0 1 8 4 7 9 5 3 1 9 8 8 1 7 8 5 0 9 9 4 4 0 5 7 9 9 7 4 3 2 6 2 0 2 7 3 3 7 7 1 6,674dba68239922f0ea50c5380290276ec34db0c32b25c8874a56bde78181bae8
supplement,8,13003,3,0.8662952646239555,5 4 0 1 6 9 9 2 0 6 6 3 1 1 7 0 8 9 0 8 0 9 1 6 5 5 3 4 1 9 8 9 1 3 4 3 3 6 1 6 5 4 4 8 4 9 1 9 9 8 1 7 3 0 4 7 8 9 0 5 1 7 6 2 1 4 3 1 1 3 2 7 9 6 1 7 5 9 6 2 7 1 2 2 2 3 4 0 2 7 1 4 7 2 2 6 3 1 1 9 2 8 0 7 1 6 1 4 7 5 1 2 1 4 5 4 5 3 6 3 5 2 3 0 0 2 7 3 9 6 9 7 5 0 9 2 6 3 4 3 6 6 7 1 6 5 6 7 8 0 0 7 2 5 3 9 0 3 7 1 1 8 6 8 6 3 3 9 7 5 0 0 7 3 1 6 3 5 3 4 3 2 2 5 1 1 6 4 6 7 5 0 6 9 6 7 1 1 1 7 5 6 0 9 4 3 1 1 1 0 0 9 2 5 4 0 3 1 5 4 9 0 9 4 6 0 4 0 3 8 2 6 7 0 1 4 3 7 2 2 7 6 5 5 9 2 0 4 4 3 7 4 7 3 4 2 7 9 8 6 4 6 9 9 6 0 9 1 8 0 5 0 3 9 7 5 2 9 1 9 7 2 4 4 4 6 5 4 1 9 3 9 3 2 9 4 3 9 5 4 2 2 9 1 5 3 0 0 6 7 1 5 7 0 5 6 0 0 0 1 7 4 7 9 5 3 1 9 8 8 1 7 8 5 0 9 9 7 4 0 5 7 9 9 7 4 3 2 6 2 0 2 7 3 3 7 7 1 6,57a767253f43feb4ff200a6bbcc07e23ad36fa498fdb5b852b59774b7c9b011a
supplement,8,13003,4,0.8607242339832869,5 4 0 1 6 9 9 2 0 6 6 3 1 1 7 0 8 9 5 8 0 9 1 6 9 5 3 4 1 9 8 9 8 3 4 3 3 6 1 6 5 4 4 5 4 9 1 9 9 8 2 7 3 0 4 7 8 9 0 5 1 7 6 2 2 4 3 1 1 3 2 7 9 6 1 7 5 9 6 2 7 1 2 2 2 3 4 0 2 7 1 4 7 2 2 6 3 1 1 9 2 1 0 7 1 6 1 4 7 5 1 2 9 4 5 4 5 3 6 3 5 2 3 0 0 2 7 3 9 6 9 7 5 0 9 2 6 9 4 3 6 6 7 1 6 5 6 7 8 0 0 7 2 5 3 9 0 3 7 1 1 8 6 2 6 3 3 9 7 5 0 0 7 3 2 6 3 5 3 4 3 2 2 5 5 1 6 4 6 7 5 0 6 9 6 7 1 1 1 7 5 6 0 9 4 3 2 1 1 0 0 9 2 5 4 0 3 1 5 4 9 0 9 4 6 0 4 0 3 8 2 6 7 0 1 4 3 7 2 2 7 6 5 5 9 2 0 4 4 3 7 4 7 3 4 2 7 9 2 6 4 6 9 9 6 0 9 1 8 0 5 0 3 9 7 5 2 9 1 9 7 2 7 4 4 6 5 4 2 9 3 1 3 2 9 4 3 9 5 4 2 2 9 1 5 3 0 0 6 7 1 5 7 0 5 6 0 0 0 1 7 4 9 2 5 3 1 9 8 8 3 7 8 5 0 9 9 7 4 0 5 7 9 9 7 4 3 2 6 2 0 2 7 8 3 7 7 2 6,660425fafed6d5845a0cfa726bedd00a5cebdf866ab4780f0207ffb1efa492af
supplement,8,13003,5,0.8913649025069638,5 4 0 1 6 9 9 2 0 6 6 3 1 1 7 0 8 9 5 8 0 9 1 6 5 5 3 4 1 9 8 9 8 3 4 3 3 6 1 6 5 4 4 5 4 9 1 9 9 8 1 7 3 0 4 7 8 9 0 5 1 7 6 2 2 4 3 1 1 3 2 7 9 6 1 7 5 5 6 2 7 1 2 2 2 3 4 0 2 7 8 4 7 2 2 6 3 8 1 9 2 8 0 8 1 6 1 4 7 5 1 2 9 4 5 4 5 3 6 3 5 2 3 0 0 2 7 3 9 6 9 7 5 0 9 2 6 3 4 3 6 6 7 1 6 5 6 7 8 0 0 7 2 5 3 9 0 3 7 8 1 8 6 8 6 3 3 1 7 5 0 0 7 3 1 6 3 5 3 4 3 2 2 5 5 1 6 4 6 7 5 0 6 9 6 7 1 1 1 7 5 6 0 9 4 3 2 1 1 0 0 9 2 5 4 0 3 1 5 4 9 0 9 4 6 0 4 0 3 8 2 6 7 0 1 4 8 7 2 2 7 6 5 5 9 2 0 4 4 8 7 4 7 3 4 2 7 9 8 6 4 6 9 9 6 0 9 7 8 0 5 0 3 9 7 5 2 9 1 9 7 8 7 4 4 6 5 4 1 1 3 1 3 2 9 4 3 5 5 4 2 2 9 1 5 3 0 0 6 7 1 5 7 0 5 6 0 0 0 1 8 4 7 2 5 3 1 9 8 8 8 7 8 5 0 9 9 7 4 0 5 7 0 9 7 4 3 2 6 2 0 2 7 3 3 7 7 3 6,bb55c281fccf9b09de4bc59e202669cc1d3d6e0934f8c52aa3f4c00c4f48384e
supplement,8,13003,6,0.883008356545961,5 4 0 1 6 9 9 2 0 6 6 3 1 1 7 0 8 9 5 8 0 3 1 6 5 5 1 4 1 9 8 9 8 3 4 3 3 6 1 6 5 4 4 5 4 9 1 9 9 8 2 7 3 0 4 7 8 9 0 5 1 7 6 2 2 4 3 1 1 3 2 7 9 6 1 7 5 5 6 2 7 1 2 2 2 3 4 0 2 7 8 4 7 2 2 6 3 8 1 9 2 8 0 8 1 6 1 4 7 5 1 2 9 4 5 4 5 3 6 3 5 2 3 0 0 2 7 3 9 6 9 7 5 0 9 2 6 3 4 3 6 6 7 1 6 5 6 7 8 0 0 7 2 5 3 9 0 3 7 8 1 8 6 8 6 3 3 1 7 5 0 0 8 3 1 6 3 5 3 4 3 2 2 5 5 1 6 4 6 7 5 0 6 9 6 7 1 1 1 7 5 6 0 9 4 3 2 1 1 0 0 9 2 5 4 0 3 1 5 4 9 0 9 4 6 0 4 0 3 8 2 6 7 0 1 4 8 7 2 2 7 6 5 5 9 2 0 4 4 1 7 4 7 3 4 2 7 9 8 6 4 6 9 9 6 0 9 7 8 0 5 0 3 9 7 5 2 9 1 9 7 8 7 4 4 6 5 4 1 9 3 1 3 2 9 4 5 5 5 4 2 2 9 1 5 3 0 0 6 7 1 5 7 0 5 6 0 0 0 1 7 4 9 2 5 3 1 9 8 8 8 7 8 5 0 9 9 7 4 0 5 7 9 9 7 4 3 2 6 2 0 2 7 8 3 7 7 1 6,dec046ef827524883aee96ce648b0df52f28ea890ca9d20f2d09cbf02eb256d1
supplement,8,13003,7,0.8997214484679665,5 4 0 1 6 9 9 2 0 6 6 3 1 1 7 0 8 9 5 8 0 3 1 6 5 5 3 4 1 9 8 9 8 3 4 3 3 6 1 6 5 4 4 5 4 9 1 9 9 8 2 7 3 0 4 7 8 9 0 5 1 7 6 2 2 4 3 1 1 3 2 7 9 6 1 7 5 5 6 2 7 1 2 2 2 3 4 0 2 7 8 4 7 2 2 6 3 8 1 9 2 8 0 8 1 6 1 4 7 5 1 2 9 4 5 4 5 3 6 3 5 2 3 0 0 2 7 3 9 6 9 7 5 0 9 2 6 3 4 3 6 6 7 1 6 5 6 7 8 0 0 7 2 5 3 9 0 3 7 8 1 8 6 1 6 3 3 1 7 5 0 0 8 3 1 6 3 5 3 4 3 2 2 5 5 1 6 4 6 7 5 3 6 5 6 7 1 1 1 7 5 6 0 9 4 3 2 1 1 0 0 9 2 5 4 0 3 1 5 4 9 0 9 4 6 0 4 0 3 8 2 6 7 0 1 4 8 7 2 2 7 6 5 5 9 2 0 4 4 8 7 4 7 3 4 2 7 9 8 6 4 6 9 9 6 0 9 7 8 0 5 0 3 9 7 5 2 2 1 9 7 8 7 4 4 6 5 4 1 9 3 1 3 2 9 4 8 5 5 4 2 2 9 1 5 3 0 0 6 7 1 5 7 0 5 6 0 0 0 1 5 4 9 2 5 3 1 9 8 8 8 7 8 5 0 9 9 7 4 0 5 7 9 9 7 4 3 2 6 2 0 2 7 8 3 7 7 1 6,2dc44e810f00a798bc0262a02313e3799cdbde7b3075a124ca3f1e29d52a5726
supplement,8,13003,8,0.9108635097493036,5 4 0 1 6 9 9 2 0 6 1 3 1 1 7 0 8 8 5 8 0 9 1 6 5 5 3 4 1 9 8 9 8 3 4 3 3 6 1 6 5 4 4 5 4 9 1 9 9 8 1 7 3 0 4 7 8 9 0 5 1 7 6 2 2 4 3 1 1 3 2 7 9 6 1 7 5 5 6 2 7 1 2 2 2 3 4 0 2 7 8 4 7 2 2 6 3 8 1 9 2 8 0 8 1 6 1 4 7 5 1 2 9 4 5 4 5 3 6 3 5 2 3 0 0 2 7 8 9 6 9 7 5 0 9 2 6 9 4 3 6 6 7 1 6 5 6 7 8 0 0 7 2 5 3 9 0 3 7 8 1 8 6 8 6 3 3 1 7 5 0 0 8 3 1 6 3 5 8 4 3 2 2 5 5 1 6 4 6 7 5 0 6 5 6 7 1 1 1 7 5 6 0 9 4 3 1 1 1 0 0 9 2 5 4 0 3 1 5 4 9 0 9 4 6 0 4 0 3 8 2 6 7 0 1 4 8 7 2 2 7 6 5 5 9 2 0 4 4 8 7 4 7 3 4 2 7 9 8 6 4 6 9 9 6 0 9 1 8 0 5 0 3 9 7 5 2 2 1 9 7 8 7 4 4 6 5 4 1 1 3 1 3 2 9 4 8 5 5 4 2 2 9 1 5 3 0 0 6 7 1 5 7 0 5 6 0 0 0 1 7 4 9 2 5 3 1 9 8 8 8 7 8 5 0 9 9 7 4 0 5 7 9 9 7 4 3 2 6 2 0 2 7 8 3 7 7 1 6,f49465ce90db0b4d06c4fad5f4b4138a4161edf4998bc14827a803544622f5d8
supplement,8,13003,9,0.9025069637883009,5 4 0 1 6 9 9 2 6 6 6 3 1 1 7 0 8 9 5 8 0 9 1 6 5 5 3 4 1 9 8 9 8 3 4 3 3 6 1 6 5 4 4 5 4 9 1 9 9 8 1 7 3 0 4 7 8 9 0 5 1 7 6 2 2 4 3 1 1 3 2 7 9 6 1 7 5 8 6 2 7 1 2 2 2 3 4 0 2 7 8 4 7 2 2 6 3 1 1 9 2 8 0 8 1 6 1 4 7 5 1 2 9 4 5 4 5 3 6 3 5 2 3 0 0 2 7 3 9 6 9 7 5 0 9 2 6 3 4 3 6 6 7 1 6 5 6 7 8 0 0 7 2 5 3 9 0 3 7 8 1 8 6 8 6 3 3 1 7 5 0 0 8 3 1 6 3 5 3 4 3 2 2 5 5 1 6 4 6 7 5 0 6 9 6 7 1 1 1 7 8 6 0 9 4 3 2 1 1 0 0 9 2 5 4 0 3 1 5 4 9 0 9 4 6 0 4 0 3 8 2 6 7 0 1 4 8 7 2 2 7 6 5 5 9 2 0 4 4 8 7 4 7 3 4 2 7 9 8 6 4 6 9 9 6 0 9 1 8 0 5 0 3 9 7 5 2 2 1 9 7 8 7 4 4 6 5 4 1 9 3 1 3 2 9 4 8 5 5 4 2 2 9 1 5 3 0 0 6 7 1 5 7 0 5 6 0 0 0 1 5 4 9 2 5 3 1 9 8 8 8 7 8 5 0 9 9 7 4 0 5 7 9 9 7 4 3 2 6 2 0 2 7 8 3 7 7 3 6,de0046d3104f85dc50a5a410552c0c6107c6ad89b5f531b60977ff2c6c097444
supplement,8,13003,10,0.9080779944289693,5 4 0 1 6 9 9 2 6 6 6 3 1 1 7 0 8 9 5 8 0 9 1 6 5 5 3 4 1 9 8 9 8 3 4 3 3 6 1 6 5 4 4 5 4 9 1 9 9 8 1 7 3 0 4 7 8 9 0 5 1 7 6 2 2 4 3 1 1 3 2 7 9 6 1 7 5 5 6 2 7 1 2 2 2 3 4 0 2 7 8 4 7 2 2 6 3 1 1 9 2 8 0 8 1 6 1 4 7 5 1 2 9 4 5 4 5 3 6 3 5 2 3 0 0 2 7 3 9 6 9 7 5 0 9 2 6 3 4 3 6 6 7 1 6 5 6 7 8 0 0 7 2 5 3 9 0 3 7 8 1 8 6 8 6 3 3 1 7 5 0 0 8 3 1 6 3 5 8 4 3 2 2 5 5 1 6 4 6 7 5 0 6 5 6 7 1 1 1 7 5 6 0 9 4 3 2 1 1 0 0 9 2 5 4 0 3 1 5 4 9 0 9 4 6 0 4 0 3 8 2 6 7 0 1 4 8 7 2 2 7 6 5 5 9 2 0 4 4 8 7 4 7 8 4 2 7 9 8 6 4 6 9 9 6 0 9 1 8 0 5 0 3 9 7 5 2 2 1 9 7 8 7 4 4 6 5 4 1 1 3 1 3 2 9 4 8 5 5 4 2 2 9 1 5 3 0 0 6 7 1 5 7 0 5 6 0 0 0 1 7 4 9 2 5 3 1 9 8 8 8 7 8 5 0 9 9 7 4 0 5 7 9 9 7 4 3 2 6 2 0 2 7 8 3 7 7 1 6,addb2ba0c6c3d9c0ce5c93d7300ad4a6999cb75fc8d82e12ef06fdade519ad3d
supplement,8,13003,11,0.9080779944289693,5 4 0 1 6 9 9 2 0 6 1 3 1 1 7 0 8 8 5 8 0 9 1 6 5 5 3 4 1 9 8 9 8 3 4 3 3 6 1 6 5 4 4 5 4 9 8 9 9 8 1 7 3 0 4 7 8 9 0 5 1 7 6 2 2 4 3 1 1 3 2 7 9 6 1 7 5 8 6 2 7 1 2 2 2 3 4 0 2 7 8 4 7 2 2 6 3 1 1 9 2 8 0 8 1 6 1 4 7 5 1 2 9 4 5 4 5 3 6 3 5 2 3 0 0 2 7 8 9 6 9 7 5 0 9 2 6 9 4 3 6 6 7 1 6 5 6 7 8 0 0 7 2 5 3 9 0 3 7 8 1 8 6 8 6 3 3 1 7 5 0 0 8 3 2 6 3 5 8 4 3 2 2 5 5 1 6 4 6 7 5 0 6 5 6 7 1 1 1 7 5 6 0 9 4 3 2 1 1 0 0 9 2 5 4 0 3 1 5 4 9 0 9 4 6 0 4 0 3 8 2 6 7 0 1 4 8 7 2 2 7 6 5 5 9 2 0 4 4 8 7 4 7 8 4 2 7 9 8 6 4 6 9 9 6 0 9 1 8 0 5 0 3 9 7 5 2 2 1 9 7 8 7 4 4 6 5 4 1 9 3 1 3 2 9 4 8 5 5 4 2 2 9 1 5 3 0 0 6 7 1 5 7 0 5 6 0 0 0 8 8 4 9 2 5 3 1 9 8 8 8 7 8 5 0 9 9 7 4 0 5 7 0 9 7 4 3 2 8 2 0 2 7 8 3 7 7 1 6,2b7f026772e36f32ec40b8b0254b91f631d6ce69e79c62b8947f3883dd7dd2db
supplement,8,13003,12,0.9052924791086351,5 4 0 1 6 9 9 2 6 6 1 3 1 1 7 0 8 9 5 8 0 9 1 6 5 5 3 4 1 9 8 9 8 3 4 3 3 6 1 6 5 4 4 5 4 9 1 9 9 8 1 7 3 0 4 7 8 9 0 5 1 7 6 2 2 4 3 1 1 3 2 7 9 6 1 7 5 5 6 2 7 1 2 2 2 3 4 0 2 7 8 4 7 2 2 6 3 1 1 9 2 8 0 8 1 6 1 4 7 5 1 2 9 4 5 4 5 3 6 3 5 2 3 0 0 2 7 3 9 6 9 7 5 0 9 2 6 3 4 3 6 6 7 1 6 5 6 7 8 0 0 7 2 5 3 9 0 3 7 8 1 8 6 8 6 3 3 1 7 5 0 0 8 3 1 6 3 5 3 4 3 2 2 5 5 1 6 4 6 7 5 0 6 5 6 7 1 1 1 7 8 6 0 9 4 3 2 1 1 0 0 9 2 5 4 0 3 1 5 4 9 0 9 4 6 0 4 0 3 8 2 6 7 0 1 4 8 7 2 2 7 6 5 5 9 2 0 4 4 8 7 4 7 3 4 2 7 9 8 6 4 6 9 9 6 0 9 1 8 0 5 0 3 9 7 5 2 2 1 9 7 8 7 4 4 6 5 4 1 1 3 1 3 2 9 4 8 5 5 4 2 2 9 1 5 3 0 0 6 7 1 5 7 0 5 6 0 0 0 1 8 4 9 2 5 3 1 9 8 8 8 7 8 5 0 9 9 7 4 0 5 7 9 9 7 4 3 2 6 2 0 2 7 8 3 7 7 1 6,326a6804ba5bcd0e7625f69646c1c6b4fa8cfd60132d63c359fb2907aaf48530
supplement,8,13003,13,0.9192200557103064,5 4 0 1 6 9 9 2 0 6 6 3 1 1 7 0 8 9 5 8 0 9 1 6 5 5 3 4 1 9 8 9 8 3 4 3 3 6 1 6 5 4 4 5 4 9 1 9 9 8 1 7 3 0 4 7 8 9 0 5 1 7 6 2 2 4 3 1 1 3 2 7 9 6 1 7 5 8 6 2 7 1 2 2 2 3 4 0 2 7 8 4 7 2 2 6 3 1 1 9 2 8 0 8 1 6 1 4 7 5 1 2 9 4 5 4 5 3 6 3 5 2 3 0 0 2 7 8 9 6 9 7 5 0 9 2 6 9 4 3 6 6 7 1 6 5 6 7 8 0 0 7 2 5 3 9 0 3 7 8 1 8 6 8 6 3 3 1 7 5 0 0 8 3 1 6 3 5 8 4 3 2 2 5 5 1 6 4 6 7 5 0 6 5 6 7 1 1 1 7 5 6 0 9 4 3 1 1 1 0 0 9 2 5 4 0 3 1 5 4 9 0 9 4 6 0 4 0 3 8 2 6 7 0 1 4 8 7 2 2 7 6 5 5 9 2 0 4 4 8 7 4 7 8 4 2 7 9 8 6 4 6 9 9 6 0 9 1 8 0 5 0 3 9 7 5 2 2 1 9 7 8 7 4 4 6 5 4 1 1 3 1 3 2 9 4 8 5 5 4 2 2 9 1 5 3 0 0 6 7 1 5 7 0 5 6 0 0 0 8 8 4 9 2 5 3 1 9 8 8 8 7 8 5 0 9 9 7 4 0 5 7 9 9 7 4 3 2 6 2 0 2 7 8 3 7 7 8 6,fde50686adedde0ebd6ef07aa77e63e09dd71888f7f0cb237c9c1a260155f97a
supplement,8,13003,14,0.9192200557103064,5 4 0 1 6 9 9 2 6 6 6 3 1 1 7 0 8 9 5 8 0 9 1 6 5 5 3 4 1 9 8 9 8 3 4 3 3 6 1 6 5 4 4 5 4 9 8 9 9 8 1 7 3 0 4 7 8 9 0 5 1 7 6 2 1 4 3 1 1 3 2 7 9 6 1 7 5 5 6 2 7 1 2 2 2 3 4 0 2 7 8 4 7 2 2 6 3 1 1 9 2 8 0 8 1 6 1 4 7 5 1 2 9 4 5 4 5 3 6 3 5 2 3 0 0 2 7 8 9 6 9 7 5 0 9 2 6 3 4 3 6 6 7 1 6 5 6 7 8 0 0 7 2 5 3 9 0 3 7 8 1 8 6 8 6 3 3 1 7 5 0 0 8 3 1 6 3 5 8 4 3 2 2 5 5 1 6 4 6 7 5 0 6 9 6 7 1 1 1 7 5 6 0 9 4 3 1 1 1 0 0 9 2 5 4 0 3 1 5 4 9 0 9 4 6 0 4 0 3 8 2 6 7 0 1 4 8 7 2 2 7 6 5 5 9 2 0 4 4 8 7 4 7 8 4 2 7 9 8 6 4 6 9 9 6 0 9 1 8 0 5 0 3 9 7 5 2 2 1 9 7 8 7 4 4 6 5 4 1 1 3 1 3 2 9 4 8 5 5 4 2 2 9 1 5 3 0 0 6 7 1 5 7 0 5 6 0 0 0 1 8 4 9 2 5 3 1 9 8 8 8 7 8 5 0 9 9 7 4 0 5 7 9 9 7 4 3 2 6 2 0 2 7 8 3 7 7 8 6,32953a01046071ecbd1bfe646793bfa281ff7a1bbf968df3a13a2bdd0819e0ec
supplement,8,13003,15,0.924791086350975,5 4 0 1 6 9 9 2 0 6 4 3 1 1 7 0 8 8 5 8 0 9 1 6 5 5 3 4 1 9 8 9 8 3 4 3 3 6 1 6 5 4 4 5 4 9 8 9 9 8 1 7 3 0 4 7 8 9 0 5 1 7 6 2 2 4 3 1 1 3 2 7 9 6 1 7 5 8 6 2 7 1 2 2 2 3 4 0 2 7 8 4 7 2 2 6 3 1 1 9 2 8 0 8 1 6 1 4 7 5 1 2 9 4 5 4 5 3 6 3 5 2 3 0 0 2 7 3 9 6 9 7 5 0 9 2 6 3 4 3 6 6 7 1 6 5 6 7 8 0 0 7 2 5 3 9 0 3 7 8 1 8 6 8 6 3 3 1 7 5 0 0 8 3 1 6 3 5 8 4 3 2 2 5 5 1 6 4 6 7 5 0 6 5 6 7 1 1 1 7 8 6 0 9 4 3 1 1 1 0 0 9 2 5 4 0 3 1 5 4 9 0 9 4 6 0 4 0 3 8 2 6 7 0 1 4 8 7 2 2 7 6 5 5 9 2 0 4 4 8 7 4 7 8 4 2 7 9 8 6 4 6 9 9 6 0 9 1 8 0 5 0 3 9 7 5 2 2 1 9 7 8 7 4 4 6 5 4 1 1 3 1 3 2 9 4 8 5 5 4 2 2 9 1 5 3 0 0 6 7 1 5 7 0 5 6 0 0 0 8 8 4 9 2 5 3 1 9 8 8 8 7 8 5 0 9 9 7 4 0 5 7 9 9 7 4 3 2 6 2 0 2 7 8 3 7 7 1 6,c10407db92dea6db2f3448d783e9bf0c094dfd11ffe14e6a0379b3be2146808c
supplement,8,13003,16,0.9192200557103064,5 4 0 1 6 9 9 2 0 6 6 3 1 1 7 0 8 8 5 8 0 9 1 6 5 5 3 4 1 9 8 9 8 3 4 3 3 6 1 6 5 4 4 5 4 9 8 9 9 8 1 7 3 0 4 7 8 9 0 5 1 7 6 2 1 4 3 1 1 3 2 7 9 6 1 7 5 5 6 2 7 1 2 2 2 3 4 0 2 7 8 4 7 2 2 6 3 1 1 9 2 8 0 5 1 6 1 4 7 5 1 2 9 4 5 4 5 3 6 3 5 2 3 0 0 2 7 9 9 6 9 7 5 0 9 2 6 9 4 3 6 6 7 1 6 5 6 7 8 0 0 7 2 5 3 9 0 3 7 8 1 8 6 8 6 3 3 1 7 5 0 0 8 3 1 6 3 5 8 4 3 2 2 5 5 1 6 4 6 7 5 0 6 9 6 7 1 1 1 7 5 6 0 9 4 3 1 1 1 0 0 9 2 5 4 0 3 1 5 4 9 0 9 4 6 0 4 0 3 8 2 6 7 0 1 4 8 7 2 2 7 6 5 5 9 2 0 4 4 8 7 4 7 8 4 2 7 9 8 6 4 6 9 9 6 0 9 1 8 0 5 0 3 9 7 5 2 2 1 9 7 8 7 4 4 6 5 4 1 1 3 1 3 2 9 4 8 5 5 4 2 2 9 1 5 3 0 0 6 7 1 5 7 0 5 6 0 0 0 1 8 4 9 2 5 3 1 9 8 8 8 7 8 5 0 9 9 7 4 0 5 7 9 9 7 4 3 2 6 2 0 2 7 8 3 7 7 3 6,3a905dbbd34318d2846bcfe7cd1f14a37e179c63369d1c370bd94f32f008bb4d
supplement,8,13003,17,0.9220055710306406,5 4 0 1 6 9 9 2 0 6 1 3 1 1 7 0 8 8 5 8 0 9 1 6 5 5 3 4 1 9 8 9 8 3 4 3 3 6 1 6 5 4 4 5 4 9 8 9 9 8 1 7 3 0 4 7 8 9 0 5 1 7 6 2 2 4 3 1 1 3 2 7 9 6 1 7 5 8 6 2 7 1 2 2 2 3 4 0 2 7 8 4 7 2 2 6 3 1 1 9 2 8 0 8 1 6 1 4 7 5 1 2 9 4 5 4 5 3 6 3 5 2 3 0 0 2 7 3 9 6 9 7 5 0 9 2 6 9 4 3 6 6 7 1 6 5 6 7 8 0 0 7 2 5 3 9 0 3 7 8 1 8 6 8 6 3 3 1 7 5 0 0 8 3 1 6 3 5 8 4 3 2 2 5 5 8 6 4 6 7 5 0 6 5 6 7 1 1 1 7 5 6 0 9 4 3 1 1 1 0 0 9 2 5 4 0 3 1 5 4 9 0 9 4 6 0 4 0 3 8 2 6 7 0 1 4 8 7 2 2 7 6 5 5 9 2 0 4 4 8 7 4 7 8 4 2 7 9 8 6 4 6 9 9 6 0 9 1 8 0 5 0 3 9 7 5 2 2 1 9 7 8 7 4 4 6 5 4 1 1 3 1 3 2 9 4 8 5 5 4 2 2 9 1 5 3 0 0 6 7 1 5 7 0 5 6 0 0 0 1 8 4 9 2 5 3 1 9 8 8 8 7 8 5 0 9 9 7 4 0 5 7 9 9 7 4 3 2 6 2 0 2 7 8 3 7 7 3 6,620733df0f0afec2ead2b43e545b52c5f2783e6151d7dcaf3d1d2abfad00acf8
supplement,8,13003,18,0.9164345403899722,5 4 0 1 6 9 9 2 6 6 1 3 1 1 7 0 8 8 5 8 0 9 1 6 5 5 3 4 1 9 8 9 8 3 4 3 3 6 1 6 5 4 4 5 4 9 8 9 9 8 1 7 3 0 4 7 8 9 0 5 1 7 6 2 1 4 3 1 1 3 2 7 9 6 1 7 5 5 6 2 7 1 2 2 2 3 4 0 2 7 8 4 7 2 2 6 3 1 1 9 2 8 0 7 1 6 1 4 7 5 1 2 9 4 5 4 5 3 6 3 5 2 3 0 0 2 7 8 9 6 9 7 5 0 9 2 6 9 4 3 6 6 7 1 6 5 6 7 8 0 0 7 2 5 3 9 0 3 7 8 1 8 6 8 6 3 3 1 7 5 0 0 8 3 1 6 3 5 8 4 3 2 2 5 5 1 6 4 6 7 5 0 6 5 6 7 1 1 1 7 8 6 0 9 4 3 2 1 1 0 0 9 2 5 4 0 3 1 5 4 9 0 9 4 6 0 4 0 3 8 2 6 7 0 1 4 8 7 2 2 7 6 5 5 9 2 0 4 4 8 7 4 7 8 4 2 7 9 8 6 4 6 9 9 6 0 9 1 8 0 5 0 3 9 7 5 2 2 1 9 7 8 7 4 4 6 5 4 1 1 3 1 3 2 9 4 8 5 5 4 2 2 9 1 5 3 0 0 6 7 1 5 7 0 5 6 0 0 0 1 8 4 9 2 5 3 1 9 8 8 8 7 8 5 0 9 9 7 4 0 5 7 9 9 7 4 3 2 6 2 0 2 7 8 3 7 7 8 6,2f0f0344915f843d23bf22ec07653790d05c3fcb96e1bfa3b714c922117fdd02
supplement,8,13003,19,0.9275766016713092,5 4 0 1 6 9 9 2 0 6 6 3 1 1 7 0 8 8 5 8 0 9 1 6 5 5 3 4 1 9 8 9 8 3 4 3 3 6 1 6 5 4 4 5 4 9 8 9 9 8 1 7 3 0 4 7 8 9 0 5 1 7 6 2 1 4 3 1 1 3 2 7 9 6 1 7 5 5 6 2 7 1 2 2 2 3 4 0 2 7 8 4 7 2 2 6 3 1 1 9 2 8 0 8 1 6 1 4 7 5 1 2 9 4 5 4 5 3 6 3 5 2 3 0 0 2 7 3 9 6 9 7 5 0 9 2 6 3 4 3 6 6 7 1 6 5 6 7 8 0 0 7 2 5 3 9 0 3 7 8 1 8 6 8 6 3 3 1 7 5 0 0 8 3 1 6 3 5 3 4 3 2 2 5 5 8 6 4 6 7 5 0 6 9 6 7 1 1 1 7 8 6 0 9 4 3 1 1 1 0 0 9 2 5 4 0 3 1 5 4 9 0 9 4 6 0 4 0 3 8 2 6 7 0 1 4 8 7 2 2 7 6 5 5 9 2 0 4 4 8 7 4 7 8 4 2 7 9 8 6 4 6 9 9 6 0 9 1 8 0 5 0 3 9 7 5 2 2 1 9 7 8 7 4 4 6 5 4 1 1 3 1 3 2 9 4 8 5 5 4 2 2 9 1 5 3 0 0 6 7 1 5 7 0 5 6 0 0 0 8 7 4 9 2 5 3 1 9 8 8 8 7 8 5 0 9 9 7 4 0 5 7 9 9 7 4 3 2 6 2 0 2 7 8 3 7 7 3 6,1db3e983c6e32672b206d5fd051d41803cee9c75e49023b0fc8a1d1ae547e1ad
supplement,8,13003,20,0.9136490250696379,5 4 0 1 6 9 9 2 6 6 6 3 1 1 7 0 8 9 5 8 0 9 1 6 5 5 3 4 1 9 8 9 8 3 4 3 3 6 1 6 5 4 4 5 4 9 8 9 9 8 1 7 3 0 4 7 8 9 0 5 1 7 6 2 1 4 3 1 1 3 2 7 9 6 1 7 5 5 6 2 7 1 2 2 2 3 4 0 2 7 8 4 7 2 2 6 3 1 1 9 2 8 0 8 1 6 1 4 7 5 1 2 9 4 5 4 5 3 6 3 5 2 3 0 0 2 7 9 9 6 9 7 5 0 9 2 6 9 4 3 6 6 7 1 6 5 6 7 8 0 0 7 2 5 3 9 0 3 7 8 1 8 6 8 6 3 3 1 7 5 0 0 8 3 1 6 3 5 3 4 3 2 2 5 5 1 6 4 6 7 5 3 6 9 6 7 1 1 1 7 5 6 0 9 4 3 1 1 1 0 0 9 2 5 4 0 3 1 5 4 9 0 9 4 6 0 4 0 3 8 2 6 7 0 1 4 8 7 2 2 7 6 5 5 9 2 0 4 4 8 7 4 7 3 4 2 7 9 8 6 4 6 9 9 6 0 9 1 8 0 5 0 3 9 7 5 2 2 1 9 7 8 7 4 4 6 5 4 1 1 3 1 3 2 9 4 8 5 5 4 2 2 9 1 5 3 0 0 6 7 1 5 7 0 5 6 0 0 0 8 8 4 9 2 5 3 1 9 8 8 8 7 8 5 0 9 9 7 4 0 5 7 9 9 7 4 3 2 6 2 0 2 7 8 3 7 7 1 6,00600ea0688aa096df3260b720f03f5db5a64b1aae679cc75d58923658a825f3
supplement,8,13004,1,0.596100278551532,5 9 0 1 6 9 0 2 0 1 4 9 1 1 9 0 9 8 9 8 0 3 1 6 5 2 5 4 1 2 8 3 2 9 4 2 3 6 1 6 5 4 6 1 4 8 1 9 9 2 1 7 0 9 6 7 9 3 0 5 1 1 7 2 1 4 2 1 1 2 2 7 2 0 1 7 5 8 6 1 7 4 8 2 2 3 4 0 2 1 1 4 7 2 2 6 3 0 3 9 2 8 2 8 1 6 1 4 5 5 1 1 9 4 9 0 2 3 9 3 5 9 3 0 0 1 7 8 9 6 3 7 5 0 3 2 6 2 0 2 6 6 4 1 6 9 0 7 8 0 0 7 1 5 3 9 0 3 7 7 1 8 6 7 6 3 3 3 7 2 0 0 9 3 1 6 2 9 5 4 2 2 2 5 1 1 6 4 6 9 5 2 6 2 6 7 8 1 1 4 7 9 9 9 4 9 1 1 1 0 0 2 2 7 4 0 2 1 0 6 5 9 9 6 3 9 4 0 3 8 1 6 7 0 5 6 6 9 2 1 4 6 6 0 0 1 2 6 4 1 7 6 7 2 6 8 7 9 8 6 4 6 9 9 6 0 0 1 7 0 0 0 2 3 7 6 2 2 1 9 7 6 9 4 4 1 6 0 1 3 2 3 3 2 9 4 2 0 5 1 2 1 9 1 3 2 0 0 0 7 1 7 7 9 2 6 0 0 4 8 9 4 9 9 5 0 1 9 6 6 1 7 8 9 0 2 0 7 4 0 5 6 9 9 7 4 3 2 6 1 2 2 1 6 3 6 7 3 6,82132abd946b21422b9b603cbee2e4d0eec7d229c148d51b9115802d3ab3be40
supplement,8,13004,2,0.8607242339832869,5 7 0 1 6 9 8 2 0 2 1 3 1 1 7 0 8 8 9 8 0 3 1 6 5 5 5 4 1 9 8 9 8 3 4 3 3 6 1 6 5 4 4 1 4 9 1 9 9 1 1 7 3 0 4 7 8 3 0 5 1 7 6 2 1 4 3 1 1 3 2 7 3 0 1 7 5 8 6 2 7 8 2 2 2 3 4 0 2 7 1 4 7 2 2 6 3 7 1 3 2 8 0 7 1 6 1 4 7 5 1 2 9 4 5 4 5 3 6 3 5 2 3 0 0 2 7 8 9 6 3 7 5 0 9 2 6 9 4 3 6 6 7 1 6 5 6 7 8 0 0 7 2 5 3 9 0 3 7 7 1 8 6 7 6 3 3 4 7 5 0 0 7 3 1 6 3 5 3 4 3 2 2 5 5 1 6 4 6 7 5 9 6 5 6 7 1 1 1 7 5 6 0 9 4 3 1 1 1 0 0 9 2 5 4 0 2 1 5 4 5 0 8 4 6 6 4 0 3 8 2 6 7 0 1 4 8 7 2 2 7 6 5 5 9 2 0 4 4 7 7 4 7 2 4 8 7 9 8 6 4 6 9 9 6 0 9 1 1 0 5 0 3 3 7 5 2 8 1 9 7 8 7 4 4 6 5 4 1 9 3 1 3 2 9 4 8 5 5 1 2 2 9 1 5 3 0 0 6 7 1 5 7 0 5 6 0 0 0 8 7 4 9 8 5 8 1 9 8 8 5 7 8 5 0 5 8 7 4 0 5 7 9 9 7 4 3 2 6 2 0 2 7 8 3 7 7 3 6,a315ab442c85680e7a98464f01f56e9340e1f298503316ba94091e6453128dfd
supplement,8,13004,3,0.8746518105849582,5 4 0 1 6 9 8 2 0 6 1 3 1 1 7 0 8 8 5 8 0 3 1 6 5 5 3 4 1 3 8 9 8 3 4 3 3 6 1 6 5 4 4 1 4 9 8 9 9 8 2 7 3 0 4 7 8 3 0 5 1 7 6 2 1 4 3 1 1 3 2 7 3 6 1 7 5 8 6 2 7 8 2 2 2 3 4 0 3 7 1 4 7 2 2 6 3 8 1 3 2 8 0 7 1 6 1 4 7 5 1 2 9 4 5 4 5 3 6 3 5 2 3 0 0 2 7 8 9 6 3 7 5 0 8 2 6 3 4 3 6 6 7 1 6 5 6 7 8 0 0 7 2 5 3 3 0 3 7 7 1 8 6 7 6 3 3 8 7 5 0 0 7 3 1 6 3 5 3 4 3 2 2 5 5 1 6 4 6 7 5 3 6 5 6 7 1 1 1 7 7 6 0 9 4 3 2 1 1 0 0 9 2 5 4 0 3 1 5 4 3 0 8 4 6 0 4 0 3 8 2 6 7 0 1 4 8 7 2 2 7 6 5 5 9 2 0 4 4 8 7 4 7 3 4 2 7 9 8 6 4 6 9 9 6 0 9 7 1 0 5 0 3 3 7 5 2 3 1 9 7 8 7 4 4 6 5 4 1 3 3 1 3 2 9 4 8 5 5 4 2 2 3 1 5 3 0 0 6 7 1 5 7 0 5 6 0 0 0 8 8 4 9 2 5 8 1 9 8 8 8 7 8 5 0 5 3 7 4 0 5 7 9 9 7 4 3 2 8 2 0 2 7 8 3 7 7 3 6,9ac19428d96764b00d307e09e7f3852cb6262621b48f7fac93711aad8888d263
supplement,8,13004,4,0.8857938718662952,5 4 0 1 6 9 9 2 0 6 1 3 1 1 7 0 8 8 5 8 0 3 1 6 5 5 3 4 1 9 1 9 8 3 4 3 3 6 1 6 5 4 4 1 4 9 8 9 9 1 2 7 3 0 4 7 8 3 0 5 1 7 6 2 2 4 3 1 1 3 2 7 3 6 1 7 5 8 6 2 7 1 2 2 2 3 4 0 2 7 1 4 7 2 2 6 3 1 1 5 2 8 0 7 1 6 1 4 7 5 1 2 9 4 5 4 5 3 6 3 5 2 3 0 0 2 7 3 9 6 9 7 5 0 9 2 6 3 4 3 6 6 7 1 6 5 6 7 8 0 0 7 2 5 3 9 0 3 7 7 1 8 6 7 6 3 3 1 7 5 0 0 7 3 1 6 3 5 3 4 3 2 2 5 5 1 6 4 6 7 5 0 6 5 6 7 1 1 1 7 7 6 0 9 4 3 2 1 1 0 0 9 2 5 4 0 3 1 5 4 3 0 9 4 6 0 4 0 3 8 2 6 7 0 1 4 8 7 2 2 7 6 5 5 9 2 0 7 4 8 7 4 7 8 4 2 7 9 8 6 4 6 9 9 6 0 9 1 8 0 5 0 3 3 7 5 2 3 1 9 7 8 7 4 4 6 5 4 1 1 3 1 3 2 9 4 8 5 5 4 2 2 3 1 5 3 0 0 6 7 1 5 7 0 5 6 0 0 0 8 7 4 7 2 5 3 1 9 8 8 8 7 8 5 0 9 3 7 4 0 5 7 9 9 7 4 3 2 6 2 0 2 7 8 3 7 7 1 6,5bd8874e9364831b4c592618e77fe2c5ec014a61b3060dddd16bfae4049b744d
supplement,8,13004,5,0.8913649025069638,5 4 0 1 6 9 9 2 0 6 1 3 1 1 7 0 8 8 5 8 0 3 1 6 5 5 3 4 1 9 8 9 8 3 4 3 3 6 1 6 5 4 4 8 4 9 8 9 9 8 2 7 3 0 4 7 8 9 0 5 1 7 6 2 2 4 3 1 1 3 2 7 3 6 1 7 5 5 6 2 7 1 2 2 2 3 4 0 2 7 1 4 7 2 2 6 3 1 1 9 2 8 0 7 1 6 1 4 7 5 1 2 9 4 5 4 5 3 6 3 5 2 3 0 0 2 7 3 9 6 9 7 5 0 9 2 6 3 4 3 6 6 7 1 6 5 6 7 8 0 0 7 2 5 3 9 0 3 7 7 1 8 6 7 6 3 3 1 7 5 0 0 7 3 1 6 3 5 3 4 3 2 2 5 5 8 6 4 6 7 5 3 6 5 6 7 1 1 1 7 7 6 0 9 4 3 2 1 1 0 0 9 2 5 4 0 3 1 5 4 3 0 9 4 6 0 4 0 3 7 2 6 7 0 1 4 8 7 2 2 7 6 5 5 9 2 0 7 4 8 7 4 7 3 4 2 7 9 8 6 4 6 9 9 6 0 9 1 1 0 5 0 3 9 7 5 2 3 1 9 7 8 7 4 4 6 5 4 1 1 3 1 3 2 9 4 8 5 5 4 2 2 3 1 5 3 0 0 6 7 1 5 7 0 5 6 0 0 0 8 7 4 9 3 5 3 1 9 8 8 5 7 8 5 0 9 3 7 4 0 5 7 9 9 7 4 3 2 6 2 0 2 7 8 3 7 7 3 6,d7aeb976f8d937ce624a2571583c2170401eb9f04393861ea30ac011f88a455e
supplement,8,13004,6,0.8997214484679665,5 4 0 1 6 9 9 2 0 6 1 3 1 1 7 0 8 8 5 8 0 3 1 6 5 5 3 4 1 3 8 9 8 3 4 3 3 6 1 6 5 4 4 8 4 9 8 9 9 8 2 7 3 0 4 7 8 3 0 5 1 7 6 2 2 4 3 1 1 3 2 7 3 6 1 7 5 5 6 2 7 1 2 2 2 3 4 0 2 7 1 4 7 2 2 6 3 1 1 9 2 8 0 7 1 6 1 4 7 5 1 2 9 4 5 4 5 3 6 3 5 2 3 0 0 2 7 8 9 6 9 7 5 0 9 2 6 3 4 3 6 6 7 1 6 5 6 7 8 0 0 7 2 5 3 9 0 3 7 8 1 8 6 7 6 3 3 1 7 5 0 0 7 3 2 6 3 5 3 4 3 2 2 5 5 8 6 4 6 5 5 3 6 5 6 7 1 1 1 7 8 6 0 9 4 3 2 1 1 0 0 9 2 5 4 0 3 1 5 4 3 0 9 4 6 0 4 0 3 7 2 6 7 0 1 4 8 7 2 2 7 6 5 5 9 2 0 4 4 8 7 4 7 3 4 2 7 9 8 6 4 6 9 9 6 0 9 1 8 0 5 0 3 9 7 5 2 3 1 9 7 8 7 4 4 6 5 4 2 1 3 1 3 2 9 4 8 5 5 4 2 2 3 1 5 3 0 0 6 7 1 5 7 0 5 6 0 0 0 8 7 4 9 3 5 3 1 9 8 8 8 7 8 5 0 9 3 7 4 0 5 7 9 9 7 4 3 2 6 2 0 2 7 8 3 7 7 3 6,0139e65d8f88df236829efbd6864920e900caba1105c84beacb9bb55422728cd
supplement,8,13004,7,0.8969359331476323,5 4 0 1 6 9 9 2 0 6 1 3 1 1 7 0 8 9 5 8 0 3 1 6 5 5 3 4 1 9 8 9 8 3 4 3 3 6 1 6 5 4 4 8 4 9 8 9 9 8 2 7 3 0 4 7 8 9 0 5 1 7 6 2 2 4 3 1 1 3 2 7 9 6 1 7 5 5 6 2 7 1 2 2 2 3 4 0 2 7 1 4 7 2 2 6 3 1 1 9 2 8 0 5 1 6 1 4 7 5 1 2 1 4 5 4 5 3 6 3 5 2 3 0 0 2 7 3 9 6 9 7 5 0 9 2 6 3 4 3 6 6 7 1 6 5 6 7 8 0 0 7 2 5 3 9 0 3 7 8 1 8 6 7 6 3 3 1 7 5 0 0 7 3 1 6 3 5 3 4 3 2 2 5 5 1 6 4 6 7 5 0 6 5 6 7 1 1 1 7 8 6 0 9 4 3 2 1 1 0 0 9 2 5 4 0 3 1 5 4 3 0 9 4 6 0 4 0 3 8 2 6 7 0 1 4 8 7 2 2 7 6 5 5 9 2 0 4 4 8 7 4 7 3 4 2 7 9 8 6 4 6 9 9 6 0 9 1 1 0 5 0 3 9 7 5 2 3 1 9 7 8 7 4 4 6 5 4 1 1 3 1 3 2 9 4 8 5 5 4 2 2 3 1 5 3 0 0 6 7 1 5 7 0 5 6 0 0 0 8 7 4 9 3 5 3 1 9 8 8 8 7 8 5 0 9 9 7 4 0 5 7 9 9 7 4 3 2 6 2 0 2 7 8 3 7 7 3 6,08f9aecbe8aabb2fe7bdb06ba323084954cda2e668f398b7527894cd70bd51ed
supplement,8,13004,8,0.9052924791086351,5 4 0 1 6 9 9 2 0 6 1 3 1 1 7 0 8 9 5 8 0 3 1 6 5 5 3 4 1 9 8 9 8 3 4 3 3 6 1 6 5 4 4 8 4 9 8 9 9 1 2 7 3 0 4 7 8 9 0 5 1 7 6 2 1 4 3 1 1 3 2 7 9 6 1 7 5 5 6 2 7 1 2 2 2 3 4 0 2 7 8 4 7 2 2 6 3 1 1 9 2 8 0 7 1 6 1 4 7 5 1 2 1 4 5 4 5 3 6 3 5 2 3 0 0 2 7 3 9 6 9 7 5 0 9 2 6 3 4 3 6 6 7 1 6 5 6 7 8 0 0 7 2 5 3 9 0 3 7 8 1 8 6 8 6 3 3 1 7 5 0 0 8 3 1 6 3 5 3 4 3 2 2 5 5 8 6 4 6 7 5 3 6 5 6 7 1 1 1 7 8 6 0 9 4 3 2 1 1 0 0 9 2 5 4 0 3 1 5 4 9 0 9 4 6 0 4 0 3 8 2 6 7 0 1 4 8 7 2 2 7 6 5 5 9 2 0 4 4 8 7 4 7 3 4 2 7 9 8 6 4 6 9 9 6 0 9 1 1 0 5 0 3 9 7 5 2 2 1 9 7 8 7 4 4 6 5 4 1 1 3 1 3 2 9 4 8 5 5 4 2 2 3 1 5 3 0 0 6 7 1 5 7 0 5 6 0 0 0 1 7 4 9 2 5 3 1 9 8 8 8 7 8 5 0 9 3 7 4 0 5 7 9 9 7 4 3 2 6 2 0 2 7 8 3 7 7 3 6,fc3081b47ebf89770bd854045e18e86458cb3210e0df4df150e27e40e1461fa5
supplement,8,13004,9,0.9136490250696379,5 4 0 1 6 9 9 2 0 6 1 3 1 1 7 0 8 8 5 8 0 3 1 6 5 5 3 4 1 9 8 9 8 3 4 3 3 6 1 6 5 4 4 8 4 9 8 9 9 8 2 7 3 0 4 7 8 9 0 5 1 7 6 2 1 4 3 1 1 3 2 7 9 6 1 7 5 5 6 2 7 1 2 2 2 3 4 0 2 7 8 4 7 2 2 6 3 1 1 9 2 8 0 7 1 6 1 4 7 5 1 2 1 4 5 4 5 3 6 3 5 2 3 0 0 2 7 8 9 6 9 7 5 0 9 2 6 3 4 3 6 6 7 1 6 5 6 7 8 0 0 7 2 5 3 9 0 3 7 8 1 8 6 8 6 3 3 1 7 5 0 0 8 3 1 6 3 5 3 4 3 2 2 5 5 8 6 4 6 7 5 3 6 5 6 7 1 1 1 7 8 6 0 9 4 3 2 1 1 0 0 9 2 5 4 0 3 1 5 4 9 0 9 4 6 0 4 0 3 8 2 6 7 0 1 4 8 7 2 2 7 6 5 5 9 2 0 4 4 8 7 4 7 8 4 2 7 9 8 6 4 6 9 9 6 0 9 1 8 0 5 0 3 9 7 5 2 3 1 9 7 8 7 4 4 6 5 4 1 1 3 1 3 2 9 4 8 5 5 4 2 2 3 1 5 3 0 0 6 7 1 5 7 0 5 6 0 0 0 1 8 4 9 2 5 3 1 9 8 8 8 7 8 5 0 9 3 7 4 0 5 7 9 9 7 4 3 2 6 2 0 2 7 8 3 7 7 8 6,0e6e7f24ed27f00421101c9b884ad16a675b47ff93a975d16d41b76f604a7ebd
supplement,8,13004,10,0.9080779944289693,5 4 0 1 6 9 9 2 0 6 1 3 1 1 7 0 8 9 5 8 0 9 1 6 5 5 3 4 1 9 8 9 8 3 4 3 3 6 1 6 5 4 4 8 4 9 8 9 9 1 8 7 3 0 4 7 8 9 0 5 1 7 6 2 2 4 3 1 1 3 2 7 9 6 1 7 5 5 6 2 7 1 2 2 2 3 4 0 2 7 8 4 7 2 2 6 3 1 1 9 2 8 0 7 1 6 1 4 7 5 1 2 1 4 5 4 5 3 6 3 5 2 3 0 0 2 7 3 9 6 9 7 5 0 9 2 6 3 4 3 6 6 7 1 6 5 6 7 8 0 0 7 2 5 3 9 0 3 7 8 1 8 6 8 6 3 3 1 7 5 0 0 7 3 1 6 3 5 3 4 3 2 2 5 5 8 6 4 6 7 5 3 6 5 6 7 1 1 1 7 8 6 0 9 4 3 2 1 1 0 0 9 2 5 4 0 3 1 5 4 9 0 9 4 6 0 4 0 3 8 2 6 7 0 1 4 8 7 2 2 7 6 5 5 9 2 0 4 4 8 7 4 7 3 4 2 7 9 8 6 4 6 9 9 6 0 9 1 8 0 5 0 3 9 7 5 2 3 1 9 7 8 7 4 4 6 5 4 1 1 3 1 3 2 9 4 8 9 5 4 2 2 3 1 5 3 0 0 6 7 1 5 7 0 5 6 0 0 0 8 7 4 9 2 5 3 1 9 8 8 8 7 8 5 0 9 9 7 4 0 5 7 9 9 7 4 3 2 6 2 0 2 7 8 3 7 7 3 6,f7883a2fcbc89373d92d9e98646d29d1fb544c01c114f2de6ef9ed15e5c7697b
supplement,8,13004,11,0.9136490250696379,5 4 0 1 6 9 9 2 0 6 1 3 1 1 7 0 8 9 5 8 0 9 1 6 5 5 3 4 1 9 8 9 8 3 4 3 3 6 1 6 5 4 4 5 4 9 8 9 9 1 2 7 3 0 4 7 8 9 0 5 1 7 6 2 2 4 3 1 1 3 2 7 9 6 1 7 5 5 6 2 7 1 2 2 2 3 4 0 2 7 8 4 7 2 2 6 3 1 1 9 2 8 0 7 1 6 1 4 7 5 1 2 1 4 5 4 5 3 6 3 5 2 3 0 0 2 7 8 9 6 9 7 5 0 9 2 6 3 4 3 6 6 7 1 6 5 6 7 8 0 0 7 2 5 3 9 0 3 7 8 1 6 6 8 6 3 3 1 7 5 0 0 8 3 1 6 3 5 3 4 3 2 2 5 5 8 6 4 6 7 5 3 6 5 6 7 1 1 1 7 8 6 0 9 4 3 2 1 1 0 0 9 2 5 4 0 3 1 5 4 9 0 9 4 6 0 4 0 3 8 2 6 7 0 1 4 8 7 2 2 7 6 5 5 9 2 0 4 4 8 7 4 7 3 4 2 7 9 8 6 4 6 9 9 6 0 9 1 8 0 5 0 3 9 7 5 2 2 1 9 7 8 7 4 4 6 5 4 1 1 3 1 3 2 9 4 3 5 5 4 2 2 9 1 5 3 0 0 6 7 1 5 7 0 5 6 0 0 0 8 8 4 9 2 5 3 1 9 8 8 8 7 8 5 0 9 9 7 4 0 5 7 9 9 7 4 3 2 6 2 0 2 7 8 3 7 7 3 6,acd4e455ec9e8761e1d63c9383f1813e0f795faf5065f01dd20c4149d4d6389e
supplement,8,13004,12,0.9192200557103064,5 4 0 1 6 9 9 2 0 6 1 3 1 1 7 0 8 9 5 8 0 9 1 6 5 5 3 4 1 3 8 9 8 3 4 3 3 6 1 6 5 4 4 8 4 9 8 9 9 8 8 7 3 0 4 7 8 9 0 5 1 7 6 2 1 4 3 1 1 3 2 7 9 6 1 7 5 5 6 2 7 1 2 2 2 3 4 0 2 7 8 4 7 2 2 6 3 1 1 9 2 8 0 7 1 6 1 4 7 5 1 2 1 4 5 4 5 3 6 3 5 2 3 0 0 2 7 3 9 6 9 7 5 0 9 2 6 3 4 3 6 6 7 1 6 5 6 7 8 0 0 7 2 5 3 9 0 3 7 8 1 8 6 8 6 3 3 1 7 5 0 0 8 3 1 6 3 5 8 4 3 2 2 5 5 1 6 4 6 7 5 3 6 5 6 7 1 1 1 7 8 6 0 9 4 3 2 1 1 0 0 9 2 5 4 0 3 1 5 4 9 0 9 4 6 0 4 0 3 8 2 6 7 0 1 4 8 7 2 2 7 6 5 5 9 2 0 4 4 8 7 4 7 8 4 2 7 9 8 6 4 6 9 9 6 0 9 1 8 0 5 0 3 9 7 5 2 2 1 9 7 8 7 4 4 6 5 4 1 1 3 1 3 2 9 4 8 5 5 4 2 2 9 1 5 3 0 0 6 7 1 5 7 0 5 6 0 0 0 8 7 4 9 2 5 3 1 9 8 8 8 7 8 5 0 9 9 7 4 0 5 7 9 9 7 4 3 2 6 2 0 2 7 8 3 7 7 8 6,106b518164c7e5c5d94d6fb24a35f2b3cd838a3d082090262abeece1b946f41d
supplement,8,13004,13,0.9164345403899722,5 4 0 1 6 9 9 2 0 6 1 3 1 1 7 0 8 9 5 8 0 9 1 6 5 5 3 4 1 3 8 9 8 3 4 3 3 6 1 6 5 4 4 5 4 9 8 9 9 8 8 7 3 0 4 7 8 9 0 5 1 7 6 2 1 4 3 1 1 3 2 7 9 6 1 7 5 5 6 2 7 1 2 2 2 3 4 0 2 7 8 4 7 2 2 6 3 1 1 9 2 8 0 7 1 6 1 4 7 5 1 2 1 4 5 4 5 3 6 3 5 2 3 0 0 2 7 3 9 6 9 7 5 0 9 2 6 3 4 3 6 6 7 1 6 5 6 7 8 0 0 7 2 5 3 9 0 3 7 8 1 8 6 8 6 3 3 1 7 5 0 0 8 3 1 6 3 5 3 4 3 2 2 5 5 8 6 4 6 7 5 3 6 5 6 7 1 1 1 7 8 6 0 9 4 3 2 1 1 0 0 9 2 5 4 0 3 1 5 4 9 0 9 4 6 0 4 0 3 8 2 6 7 0 1 4 8 7 2 2 7 6 5 5 9 2 0 4 4 8 7 4 7 8 4 2 7 9 8 6 4 6 9 9 6 0 9 1 8 0 5 0 3 9 7 5 2 3 1 9 7 8 7 4 4 6 5 4 1 1 3 1 3 2 9 4 8 5 5 4 2 2 3 1 5 3 0 0 6 7 1 5 7 0 5 6 0 0 0 8 8 4 9 2 5 3 1 9 8 8 8 7 8 5 0 9 9 7 4 0 5 7 9 9 7 4 3 2 6 2 0 2 7 8 3 7 7 8 6,32f4b8ed75e70b58b607ea5a7ad4f1e16043782be8d679748bb9cff26a141224
supplement,8,13004,14,0.924791086350975,5 4 0 1 6 9 9 2 0 6 6 3 1 1 7 0 8 9 5 8 0 9 1 6 5 5 3 4 1 9 8 9 8 3 4 3 3 6 1 6 5 4 4 5 4 9 8 9 9 8 8 7 3 0 4 7 8 9 0 5 1 7 6 2 1 4 3 1 1 3 2 7 9 6 1 7 5 5 6 2 7 1 2 2 2 3 4 0 2 7 8 4 7 2 2 6 3 2 1 9 2 8 0 7 1 6 1 4 7 5 1 2 1 4 5 4 5 3 6 3 5 2 3 0 0 2 7 3 9 6 9 7 5 0 9 2 6 3 4 3 6 6 7 1 6 5 6 7 8 0 0 7 2 5 3 9 0 3 7 8 1 8 6 8 6 3 3 1 7 5 0 0 7 3 1 6 3 5 8 4 3 2 2 5 5 8 6 4 6 7 5 3 6 5 6 7 1 1 1 7 8 6 0 9 4 3 2 1 1 0 0 9 2 5 4 0 3 1 5 4 9 0 9 4 6 0 4 0 3 8 2 6 7 0 1 4 8 7 2 2 7 6 5 5 9 2 0 4 4 8 7 4 7 3 4 2 7 9 8 6 4 6 9 9 6 0 9 1 8 0 5 0 3 9 7 5 2 2 1 9 7 8 7 4 4 6 5 4 1 1 3 1 3 2 9 4 8 5 5 4 2 2 3 1 5 3 0 0 6 7 1 5 7 0 5 6 0 0 0 8 8 4 9 2 5 3 1 9 8 8 8 7 8 5 0 9 9 7 4 0 5 7 9 9 7 4 3 2 6 2 0 2 7 8 3 7 7 8 6,183f7c88c360d127e9e1bacda0900d066d455f6e191ee3ecc22de7cac2da5d9e
supplement,8,13004,15,0.924791086350975,5 4 0 1 6 9 9 2 0 6 1 3 1 1 7 0 8 9 5 8 0 9 1 6 5 5 3 4 1 9 8 9 8 3 4 3 3 6 1 6 5 4 4 5 4 9 8 9 9 8 8 7 3 0 4 7 8 9 0 5 8 7 6 2 1 4 3 1 1 3 2 7 9 6 1 7 5 5 6 2 7 1 2 2 2 3 4 0 2 7 8 4 7 2 2 6 3 8 1 9 2 8 0 7 1 6 1 4 7 5 1 2 1 4 5 4 5 3 6 3 5 2 3 0 0 2 7 8 9 6 9 7 5 0 9 2 6 3 4 3 6 6 7 1 6 5 6 7 8 0 0 7 2 5 3 9 0 3 7 8 1 8 6 8 6 3 3 1 7 5 0 0 8 3 1 6 3 5 8 4 3 2 2 5 5 8 6 4 6 7 5 3 6 5 6 7 1 8 1 7 8 6 0 9 4 3 2 1 1 0 0 9 2 5 4 0 3 1 5 4 9 0 9 4 6 0 4 0 3 8 2 6 7 0 1 4 8 7 2 2 7 6 5 5 9 2 0 4 4 8 7 4 7 8 4 2 7 9 8 6 4 6 9 9 6 0 9 1 8 0 5 0 3 9 7 5 2 2 1 9 7 8 7 4 4 6 5 4 1 1 3 1 3 2 9 4 8 5 5 4 2 2 9 1 5 3 0 0 6 7 1 5 7 0 5 6 0 0 0 8 7 4 9 2 5 3 1 9 8 8 8 7 8 5 0 9 9 7 4 0 5 7 9 9 7 4 3 2 6 2 0 2 7 8 3 7 7 8 6,76b999c73ea0ae181169c3ef2902669f7a0157d7c5f991bf81c69dd5d403ab4e
supplement,8,13004,16,0.9164345403899722,5 4 0 1 6 9 9 2 6 6 6 3 1 1 7 0 8 9 5 8 0 3 1 6 5 5 3 4 1 9 8 9 8 3 4 3 3 6 1 6 5 4 4 5 4 9 8 9 9 8 8 7 3 0 4 7 8 9 0 5 8 7 6 2 1 4 3 1 1 3 2 7 3 6 1 7 5 9 6 2 7 1 2 2 2 3 4 0 2 7 8 4 7 2 2 6 3 1 1 9 2 8 0 7 1 6 1 4 7 5 1 2 1 4 5 4 5 3 6 3 5 2 3 0 0 2 7 3 9 6 9 7 5 0 9 2 6 3 4 3 6 6 7 1 6 5 6 7 8 0 0 7 2 5 3 9 0 3 7 8 1 8 6 8 6 3 3 1 7 5 0 0 8 3 1 6 3 5 8 4 3 2 2 5 5 8 6 4 6 7 5 3 6 9 6 7 1 8 1 7 8 6 0 9 4 3 2 1 1 0 0 9 2 5 4 0 3 1 5 4 9 0 9 4 6 0 4 0 3 8 2 6 7 0 1 4 8 7 2 2 7 6 5 5 9 2 0 4 4 8 7 4 7 8 4 2 7 9 8 6 4 6 9 9 6 0 9 1 8 0 5 0 3 9 7 5 2 2 1 9 7 8 7 4 4 6 5 4 1 1 3 1 3 2 9 4 8 5 5 4 2 2 9 1 5 3 0 0 6 7 1 5 7 0 5 6 0 0 0 8 7 4 9 2 5 3 1 9 8 8 8 7 8 5 0 9 9 7 4 0 5 7 9 9 7 4 3 2 6 2 0 2 7 8 3 7 7 8 6,6a13745f1fffdd440eca6fe2b4884b005c1ee402dd7f460fd12d49ff0dee759e
supplement,8,13004,17,0.9275766016713092,5 4 0 1 6 9 9 2 6 6 6 3 1 1 7 0 8 9 5 8 0 9 1 6 5 5 3 4 1 9 8 9 8 3 4 3 3 6 1 6 5 4 4 5 4 9 8 9 9 8 8 7 9 0 4 7 8 9 0 5 1 7 6 2 1 4 3 1 1 3 2 7 9 6 1 7 5 9 6 2 7 1 2 2 2 3 4 0 2 7 8 4 7 2 2 6 3 1 1 9 2 8 0 7 1 6 1 4 7 5 1 2 9 4 5 4 5 3 6 3 5 2 3 0 0 2 7 8 9 6 9 7 5 0 9 2 6 3 4 3 6 6 7 1 6 5 6 7 8 0 0 7 2 5 3 9 0 3 7 8 1 8 6 8 6 3 3 1 7 5 0 0 7 3 1 6 3 5 8 4 3 2 2 5 5 8 6 4 6 7 5 3 6 5 6 7 1 1 1 7 8 6 0 9 4 3 2 1 1 0 0 9 2 5 4 0 3 1 5 4 9 0 9 4 6 0 4 0 3 8 2 6 7 0 1 4 8 7 2 2 7 6 5 5 9 2 0 4 4 8 7 4 7 8 4 2 7 9 8 6 4 6 9 9 6 0 9 1 8 0 5 0 3 9 7 5 2 9 1 9 7 8 7 4 4 6 5 4 1 1 3 1 3 2 9 4 8 9 5 4 2 2 9 1 5 3 0 0 6 7 1 5 7 0 5 6 0 0 0 8 8 4 9 2 5 3 1 9 8 8 8 7 8 5 0 9 9 7 4 0 5 7 9 9 7 4 3 2 6 2 0 2 7 8 3 7 7 3 6,0b88637b7e918f8552f278cbfcf429ccc9c2702d5d0f6dde6ddab5ece3225b70
supplement,8,13004,18,0.9220055710306406,5 4 0 1 6 9 9 2 0 6 6 3 1 1 7 0 8 9 5 8 0 9 1 6 5 5 3 4 1 9 8 9 8 3 4 3 3 6 1 6 5 4 4 5 4 9 8 9 9 8 8 7 3 0 4 7 8 9 0 5 1 7 6 2 1 4 3 1 1 3 2 7 9 6 1 7 5 9 6 2 7 1 2 2 2 3 4 0 2 7 8 4 7 2 2 6 3 1 1 9 2 8 0 7 1 6 1 4 7 5 1 2 9 4 5 4 5 3 6 3 5 2 3 0 0 2 7 3 9 6 9 7 5 0 9 2 6 3 4 3 6 6 7 1 6 5 6 7 8 0 0 7 2 5 3 9 0 3 7 8 1 8 6 8 6 3 3 1 7 5 0 0 7 3 1 6 3 5 8 4 3 2 2 5 5 8 6 4 6 7 5 3 6 9 6 7 1 1 1 7 8 6 0 9 4 3 2 1 1 0 0 9 2 5 4 0 3 1 5 4 9 0 9 4 6 0 4 0 3 8 2 6 7 0 1 4 8 7 2 2 7 6 5 5 9 2 0 4 4 8 7 4 7 8 4 2 7 9 8 6 4 6 9 9 6 0 9 1 8 0 5 0 3 9 7 5 2 9 1 9 7 8 7 4 4 6 5 4 1 1 3 1 3 2 9 4 8 9 5 4 2 2 9 1 5 3 0 0 6 7 1 5 7 0 5 6 0 0 0 1 7 4 9 2 5 3 1 9 8 8 8 7 8 5 0 9 9 7 4 0 5 7 9 9 7 4 3 2 6 2 0 2 7 8 3 7 7 3 6,408a7a8a533e4afd5c4a26cf17a895e7e1d368cbd890feef09928d4414ff1c26
supplement,8,13004,19,0.9164345403899722,5 4 0 1 6 9 9 2 6 6 1 3 1 1 7 0 8 9 5 8 0 9 1 6 5 5 3 4 1 9 8 9 8 3 4 3 3 6 1 6 5 4 4 5 4 9 8 9 9 8 8 7 3 0 4 7 8 9 0 5 1 7 6 2 1 4 3 1 1 3 2 7 9 6 1 7 5 8 6 2 7 1 2 2 2 3 4 0 2 7 8 4 7 2 2 6 3 1 1 9 2 8 0 7 1 6 1 4 7 5 1 2 9 4 5 4 5 3 6 3 5 2 3 0 0 2 7 3 9 6 9 7 5 0 9 2 6 3 4 3 6 6 7 1 6 5 6 7 8 0 0 7 2 5 3 9 0 3 7 8 1 8 6 8 6 3 3 1 7 5 0 0 7 3 1 6 3 5 8 4 3 2 2 5 5 8 6 4 6 7 5 0 6 5 6 7 1 1 1 7 8 6 0 9 4 3 1 1 1 0 0 9 2 5 4 0 3 1 5 4 9 0 9 4 6 0 4 0 3 8 2 6 7 0 1 4 8 7 2 2 7 6 5 5 9 2 0 4 4 8 7 4 7 8 4 2 7 9 8 6 4 6 9 9 6 0 9 1 8 0 5 0 3 9 7 5 2 9 1 9 7 8 7 4 4 6 5 4 1 1 3 1 3 2 9 4 8 5 5 4 2 2 9 1 5 3 0 0 6 7 1 5 7 0 5 6 0 0 0 1 7 4 9 2 5 3 1 9 8 8 8 7 8 5 0 9 9 7 4 0 5 7 9 9 7 4 3 2 6 2 0 2 7 8 3 7 7 8 6,c518874fd052db85830bd72aed7cf4f6b82661a4c9504175726e744fbfe23dad
supplement,8,13004,20,0.924791086350975,5 4 0 1 6 9 9 2 0 6 6 3 1 1 7 0 8 9 5 8 0 9 1 6 5 5 3 4 1 9 8 9 8 3 4 3 3 6 1 6 5 4 4 5 4 9 8 9 9 8 8 7 3 0 4 7 8 9 0 5 1 7 6 2 1 4 3 1 1 3 2 7 3 6 1 7 5 9 6 2 7 1 2 2 2 3 4 0 2 7 8 4 7 2 2 6 3 1 1 9 2 8 0 7 1 6 1 4 7 5 1 2 9 4 5 4 5 3 6 3 5 2 3 0 0 2 7 3 9 6 9 7 5 0 9 2 6 3 4 3 6 6 7 1 6 5 6 7 8 0 0 7 2 5 3 9 0 3 7 8 8 8 6 8 6 3 3 1 7 5 0 0 7 3 1 6 3 5 8 4 3 2 2 5 5 8 6 4 6 7 5 3 6 5 6 7 1 1 1 7 8 6 0 9 4 3 2 1 1 0 0 9 2 5 4 0 3 1 5 4 9 0 9 4 6 0 4 0 3 8 2 6 7 0 1 4 8 7 2 2 7 6 5 5 9 2 0 4 4 8 7 4 7 8 4 2 7 9 8 6 4 6 9 9 6 0 9 1 8 0 5 0 3 9 7 5 2 2 1 9 7 8 7 4 4 6 5 4 1 1 3 1 3 2 9 4 8 5 5 4 2 2 9 1 5 3 0 0 6 7 1 5 7 0 5 6 0 0 0 1 7 4 9 2 5 3 1 9 8 8 8 7 8 5 0 9 9 7 4 0 5 7 9 9 7 4 3 2 6 2 0 2 7 8 3 7 7 3 6,ecbd82747d36e5c7f4aa3c76c7a854425e62bbb15e9cca7da7ba6075ad5a36c9
supplement,8,13005,1,0.6155988857938719,5 4 9 2 6 9 9 2 6 8 6 3 1 2 8 0 8 1 8 8 0 9 2 6 9 6 1 4 2 9 2 0 8 3 1 3 3 6 2 0 0 4 4 8 4 9 1 9 9 9 1 7 3 0 6 7 8 9 0 0 1 7 6 2 2 4 3 2 1 3 2 7 9 9 2 7 5 2 6 2 7 2 2 2 2 3 4 0 2 2 8 6 7 2 2 6 3 2 1 3 2 1 6 1 1 6 2 4 7 5 1 8 9 4 0 3 5 3 0 3 7 2 3 0 0 8 7 9 8 6 8 7 0 0 3 2 6 5 4 9 6 6 7 8 6 5 0 7 8 0 0 7 2 5 3 9 9 7 7 1 8 1 0 0 6 3 9 9 7 0 0 0 8 3 2 8 3 0 5 6 3 2 2 5 0 2 6 4 0 1 8 9 6 9 6 7 1 1 1 2 8 0 0 9 4 9 2 2 2 0 0 9 2 7 4 0 9 1 9 4 5 6 8 4 6 8 1 0 2 1 2 6 7 0 1 4 8 5 2 2 7 0 7 5 9 2 0 7 3 1 7 6 7 0 4 2 7 9 8 0 6 6 9 3 6 0 9 4 1 0 5 0 9 9 7 0 2 2 1 9 7 2 7 4 4 6 5 3 2 1 9 1 0 0 9 6 8 5 5 1 2 2 9 2 5 3 0 0 6 3 1 5 7 0 5 6 9 0 6 4 0 4 3 1 5 9 1 9 8 8 0 7 1 7 6 9 8 7 6 0 5 7 0 9 7 6 3 2 6 2 0 2 7 5 3 0 7 1 0,dc1f894c9327d1a144c22fc2df4610030dbf720209fcd54ce4b00297b5a8eafd
supplement,8,13005,2,0.83008356545961,5 4 0 1 6 9 9 2 6 6 6 3 1 1 7 0 1 9 5 8 0 9 1 6 9 5 1 4 1 9 1 9 8 3 4 3 3 6 1 6 5 4 4 5 4 9 1 9 9 1 1 7 3 0 6 7 8 3 0 1 1 7 6 2 1 4 3 1 1 3 2 7 9 6 1 7 5 5 6 2 7 1 2 2 2 3 4 0 2 7 8 4 7 2 2 6 3 1 1 9 2 8 0 7 1 6 1 4 7 5 1 2 9 4 5 4 5 3 6 3 5 2 3 0 0 2 7 9 9 6 9 7 5 0 9 2 6 9 4 3 6 6 7 6 6 0 6 7 8 0 0 7 2 5 3 9 0 3 7 1 1 1 6 8 6 3 3 9 7 5 0 0 8 3 2 6 3 5 8 6 3 2 2 5 1 2 6 4 6 7 5 3 6 9 6 7 1 1 1 1 8 6 0 9 4 3 2 1 1 0 0 9 2 5 4 0 9 1 5 4 9 0 9 4 6 0 4 0 3 7 2 6 7 0 1 4 8 7 2 2 7 6 5 5 9 2 0 7 4 1 7 4 7 9 4 2 7 9 8 5 6 6 9 9 6 0 9 7 1 0 5 0 3 3 7 5 2 3 1 9 7 2 7 4 4 6 5 4 2 1 3 1 3 2 9 4 8 5 5 4 2 2 9 1 5 3 0 0 6 7 1 5 7 0 5 6 0 0 0 1 7 4 7 2 5 3 1 9 8 8 5 7 8 5 0 9 9 7 4 0 5 7 0 9 7 4 3 2 6 2 0 2 7 8 3 7 7 1 6,578b42d004fb9afd2507f33d4bd3ccc030c0a6bb71210bfc86d55bbfdbe674a7
supplement,8,13005,3,0.8607242339832869,5 4 0 1 6 9 9 2 0 6 6 3 1 1 7 0 8 9 5 8 0 3 1 6 5 5 3 4 1 9 1 9 8 3 4 3 3 6 1 6 5 4 4 5 4 9 8 9 9 1 1 7 3 0 4 7 8 9 0 5 1 7 6 2 2 4 3 1 1 3 2 7 3 6 1 7 5 5 6 2 7 1 2 2 2 3 4 0 2 7 8 4 7 2 2 6 3 1 1 9 2 8 0 7 1 6 1 4 7 5 1 2 9 4 5 4 5 3 6 3 5 2 3 0 0 2 7 9 9 6 9 7 5 0 9 2 6 9 4 3 6 6 7 6 6 5 6 7 8 0 0 7 2 5 3 9 0 3 7 7 1 8 6 2 6 3 3 9 7 5 0 0 7 3 2 6 3 5 3 4 3 2 2 5 5 2 6 4 6 7 5 3 6 5 6 7 1 1 1 7 5 6 0 9 4 3 2 1 1 0 0 9 2 5 4 0 3 1 5 4 9 0 9 4 6 0 4 0 3 7 2 6 7 0 1 4 8 7 2 2 7 6 5 5 9 2 0 4 4 8 7 4 7 8 4 2 7 9 8 5 4 6 9 9 6 0 9 7 1 0 5 0 3 9 7 5 2 3 1 9 7 2 7 4 4 6 5 4 2 9 3 1 3 2 9 4 5 5 5 4 2 2 9 1 5 3 0 0 6 7 1 5 7 0 5 6 0 0 0 1 7 4 7 2 5 3 1 9 8 8 5 7 8 5 0 9 9 7 4 0 5 7 0 9 7 4 3 2 6 2 0 2 7 8 3 7 7 1 6,8de69fc14f27de573854653e7b217fc6db0f389bd7624ec126be530f7f8a9dee
supplement,8,13005,4,0.8802228412256268,5 4 0 1 6 9 9 2 0 6 6 3 1 1 7 0 8 9 5 8 0 3 1 6 5 5 3 4 1 9 8 9 8 3 4 3 3 6 1 6 5 4 4 5 4 9 1 9 9 1 1 7 3 0 4 7 8 3 0 5 1 7 6 2 2 4 3 1 1 3 2 7 3 6 1 7 5 5 6 2 7 1 2 2 2 3 4 0 2 7 8 4 7 2 2 6 3 1 1 9 2 8 0 8 1 6 1 4 7 5 1 2 9 4 5 4 5 3 6 3 5 2 3 0 0 2 7 9 9 6 9 7 5 0 9 2 6 3 4 3 6 6 7 2 6 5 6 7 8 0 0 7 2 5 3 9 0 3 7 7 1 8 6 8 6 3 3 9 7 5 0 0 7 3 1 6 3 5 3 4 3 2 2 5 5 1 6 4 6 7 5 3 6 9 6 7 1 1 1 7 8 6 0 9 4 3 2 1 1 0 0 9 2 5 4 0 3 1 5 4 9 0 9 4 6 0 4 0 3 7 2 6 7 0 1 4 8 7 2 2 7 6 5 5 9 2 0 4 4 8 7 4 7 8 4 2 7 9 8 6 4 6 9 9 6 0 9 1 1 0 5 0 3 9 7 5 2 2 1 9 7 8 7 4 4 6 5 4 1 9 3 1 3 2 9 4 8 5 5 4 2 2 9 1 5 3 0 0 6 7 1 5 7 0 5 6 0 0 0 1 7 4 9 2 5 9 1 9 8 8 8 7 8 5 0 9 9 7 4 0 5 7 0 9 7 4 3 2 6 2 0 2 7 8 3 7 7 1 6,23ee34dac003d02d4b113f90eb9c6bd6a26d3834eb4a6a698a5b7a85977bbcf6
supplement,8,13005,5,0.8857938718662952,5 4 0 1 6 9 9 2 6 6 6 3 1 1 7 0 8 9 5 8 0 9 1 6 5 5 1 4 1 9 8 9 8 3 4 3 3 6 1 6 5 4 4 5 4 9 1 9 9 1 1 7 3 0 4 7 8 9 0 5 1 7 6 2 2 4 3 1 1 3 2 7 9 6 1 7 5 5 6 2 7 1 2 2 2 3 4 0 2 7 8 4 7 2 2 6 3 1 1 9 2 8 0 8 1 6 1 4 7 5 1 2 1 4 5 4 5 3 6 3 5 2 3 0 0 2 7 8 9 6 9 7 5 0 9 2 6 9 4 3 6 6 7 1 6 5 6 7 8 0 0 7 2 5 3 9 0 3 7 8 1 8 6 8 6 3 3 9 7 5 0 0 7 3 1 6 3 5 8 4 3 2 2 5 5 1 6 4 6 7 5 3 6 9 6 7 1 1 1 7 5 6 0 9 4 3 2 1 1 0 0 9 2 5 4 0 3 1 5 4 9 0 9 4 6 0 4 0 3 7 2 6 7 0 1 4 8 7 2 2 7 6 5 5 9 2 0 4 4 8 7 4 7 8 4 2 7 9 8 5 4 6 9 9 6 0 9 7 1 0 5 0 3 9 7 5 2 2 1 9 7 8 7 4 4 6 5 4 1 9 3 1 3 2 9 4 8 5 5 4 2 2 9 1 5 3 0 0 6 7 1 5 7 0 5 6 0 0 0 1 7 4 7 2 5 3 1 9 8 8 8 7 8 5 0 9 9 7 4 0 5 7 0 9 7 4 3 2 6 2 0 2 7 8 3 7 7 1 6,3edbaf5d98c23129579038dc7c91ad43bb2003fc8e46d7c020ac1dbaedaa162b
supplement,8,13005,6,0.9080779944289693,5 4 0 1 6 9 9 2 6 6 6 3 1 1 7 0 8 8 5 8 0 9 1 6 5 5 3 4 1 9 8 9 8 3 4 3 3 6 1 6 5 4 4 5 4 9 1 9 9 1 1 7 3 0 4 7 8 9 0 5 1 7 6 2 1 4 3 1 1 3 2 7 9 6 1 7 5 8 6 2 7 1 2 2 2 3 4 0 2 7 8 4 7 2 2 6 3 1 1 9 2 8 0 7 1 6 1 4 7 5 1 2 1 4 5 4 5 3 6 3 5 2 3 0 0 2 7 8 9 6 9 7 5 0 9 2 6 3 4 3 6 6 7 1 6 5 6 7 8 0 0 7 2 5 3 9 0 3 7 8 1 6 6 8 6 3 3 1 7 5 0 0 8 3 1 6 3 5 8 4 3 2 2 5 5 1 6 4 6 7 5 3 6 9 6 7 1 1 1 7 8 6 0 9 4 3 1 1 1 0 0 9 2 5 4 0 3 1 5 4 9 0 9 4 6 0 4 0 3 8 2 6 7 0 1 4 8 7 2 2 7 6 5 5 9 2 0 4 4 8 7 4 7 8 4 2 7 9 8 6 4 6 9 9 6 0 9 1 8 0 5 0 3 9 7 5 2 2 1 9 7 8 7 4 4 6 5 4 1 9 3 1 3 2 9 4 8 5 5 4 2 2 9 1 5 3 0 0 6 7 1 5 7 0 5 6 0 0 0 1 5 4 9 2 5 3 1 9 8 8 8 7 8 5 0 9 9 7 4 0 5 7 0 9 7 4 3 2 6 2 0 2 7 8 3 7 7 1 6,a9f9aa94f16186ce760278d5d02c0a29c2525e91e2f339e8d6f824bce2513c0e
supplement,8,13005,7,0.9136490250696379,5 4 0 1 6 9 9 2 0 6 1 3 1 1 7 0 8 9 5 8 0 9 1 6 5 5 3 4 1 9 8 9 8 3 4 3 3 6 1 6 5 4 4 5 4 9 1 9 9 8 1 7 3 0 4 7 8 9 0 5 1 7 6 2 1 4 3 1 1 3 2 7 9 6 1 7 5 8 6 2 7 1 2 2 2 3 4 0 2 7 8 4 7 2 2 6 3 1 1 9 2 8 0 7 1 6 1 4 7 5 1 2 9 4 5 4 5 3 6 3 5 2 3 0 0 2 7 8 9 6 9 7 5 0 9 2 6 9 4 3 6 6 7 1 6 5 6 7 8 0 0 7 2 5 3 9 0 3 7 8 1 8 6 8 6 3 3 9 7 5 0 0 8 3 1 6 3 5 8 4 3 2 2 5 5 8 6 4 6 7 5 3 6 9 6 7 1 1 1 7 8 6 0 9 4 3 2 1 1 0 0 9 2 5 4 0 3 1 5 4 9 0 9 4 6 0 4 0 3 8 2 6 7 0 1 4 8 7 2 2 7 6 5 5 9 2 0 4 4 8 7 4 7 8 4 2 7 9 8 6 4 6 9 9 6 0 9 1 8 0 5 0 3 9 7 5 2 2 1 9 7 8 7 4 4 6 5 4 1 9 3 1 3 2 9 4 8 5 5 4 2 2 9 1 5 3 0 0 6 7 1 5 7 0 5 6 0 0 0 8 7 4 9 2 5 3 1 9 8 8 8 7 8 5 0 9 8 7 4 0 5 7 0 9 7 4 3 2 6 2 0 2 7 8 3 7 7 3 6,f2bf76612073ace099621f862346eade4797ce17ba44f869118eb5ace66d114e
supplement,8,13005,8,0.9108635097493036,5 4 0 1 6 9 9 2 6 6 6 3 1 1 7 0 8 9 5 8 0 9 1 6 5 5 3 4 1 9 8 9 8 3 4 3 3 6 1 6 5 4 4 5 4 9 8 9 9 8 1 7 3 0 4 7 8 9 0 5 1 7 6 2 2 4 3 1 1 3 2 7 9 6 1 7 5 8 6 2 7 1 2 2 2 3 4 0 2 7 8 4 7 2 2 6 3 1 1 9 2 8 0 7 1 6 1 4 7 5 1 2 1 4 5 4 5 3 6 3 5 2 3 0 0 2 7 8 9 6 9 7 5 0 9 2 6 3 4 3 6 6 7 1 6 5 6 7 8 0 0 7 2 5 3 9 0 3 7 8 1 8 6 8 6 3 3 1 7 5 0 0 8 3 1 6 3 5 3 4 3 2 2 5 5 1 6 4 6 7 5 3 6 9 6 7 1 1 1 7 8 6 0 9 4 3 1 1 1 0 0 9 2 5 4 0 3 1 5 4 9 0 9 4 6 0 4 0 3 8 2 6 7 0 1 4 8 7 2 2 7 6 5 5 9 2 0 4 4 8 7 4 7 8 4 2 7 9 8 6 4 6 9 9 6 0 9 1 8 0 5 0 3 9 7 5 2 2 1 9 7 8 7 4 4 6 5 4 1 9 3 1 3 2 9 4 8 5 5 4 2 2 9 1 5 3 0 0 6 7 1 5 7 0 5 6 0 0 0 8 5 4 9 2 5 3 1 9 8 8 8 7 8 5 0 9 9 7 4 0 5 7 0 9 7 4 3 2 6 2 0 2 7 8 3 7 7 3 6,ca092cdf8fa8d297bc847d3b38989ee6c02c8caa8cda9f2f4b8b2480a7ceba5c
supplement,8,13005,9,0.9136490250696379,5 4 0 1 6 9 9 2 0 6 6 3 1 1 7 0 8 9 5 8 0 9 1 6 5 5 3 4 1 9 8 9 8 3 4 3 3 6 1 6 5 4 4 5 4 9 8 9 9 8 1 7 9 0 4 7 8 9 0 5 1 7 6 2 1 4 3 1 1 3 2 7 9 6 1 7 5 5 6 2 7 1 2 2 2 3 4 0 2 7 8 4 7 2 2 6 3 1 1 9 2 8 0 8 1 6 1 4 7 5 1 2 1 4 5 4 5 3 6 3 5 2 3 0 0 2 7 9 9 6 9 7 5 0 9 2 6 3 4 3 6 6 7 1 6 5 6 7 8 0 0 7 2 5 3 9 0 3 7 8 1 8 6 8 6 3 3 1 7 5 0 0 8 3 1 6 3 5 8 4 3 2 2 5 5 1 6 4 6 7 5 3 6 5 6 7 1 1 1 7 5 6 0 9 4 3 2 1 1 0 0 9 2 5 4 0 3 1 5 4 9 0 9 4 6 0 4 0 3 8 2 6 7 0 1 4 8 7 2 2 7 6 5 5 9 2 0 4 4 8 7 4 7 8 4 2 7 9 8 6 4 6 9 9 6 0 9 1 8 0 5 0 3 9 7 5 2 2 1 9 7 8 7 4 4 6 5 4 1 1 3 1 3 2 9 4 8 5 5 4 2 2 9 1 5 3 0 0 6 7 1 5 7 0 5 6 0 0 0 1 8 4 9 2 5 3 1 9 8 8 8 7 8 5 0 9 9 7 4 0 5 7 0 9 7 4 3 2 5 2 0 2 7 8 3 7 7 3 6,608907ccf068d3d98a4ba6fb6c1e32c3d4d6c14a279f1503bf6464122d7f5a9e
supplement,8,13005,10,0.9136490250696379,5 4 0 1 6 9 9 2 0 6 6 3 1 1 7 0 8 8 5 8 0 9 1 6 5 5 3 4 1 9 8 9 8 3 4 3 3 6 1 6 5 4 4 5 4 9 8 9 9 1 1 7 3 0 4 7 8 9 0 5 1 7 6 2 2 4 3 1 1 3 2 7 9 6 1 7 5 5 6 2 7 1 2 2 2 3 4 0 2 7 8 4 7 2 2 6 3 1 1 9 2 8 0 8 1 6 1 4 7 5 1 2 1 4 5 4 5 3 6 3 5 2 3 0 0 2 7 8 9 6 9 7 5 0 9 2 6 3 4 3 6 6 7 1 6 5 6 7 8 0 0 7 2 5 3 9 0 3 7 8 1 8 6 8 6 3 3 1 7 5 0 0 8 3 1 6 3 5 3 4 3 2 2 5 5 1 6 4 6 7 5 0 6 5 6 7 1 1 1 7 8 6 0 9 4 3 2 1 1 0 0 9 2 5 4 0 3 1 5 4 9 0 9 4 6 0 4 0 3 8 2 6 7 0 1 4 8 7 2 2 7 6 5 5 9 2 0 4 4 8 7 4 7 8 4 2 7 9 8 6 4 6 9 9 6 0 9 1 8 0 5 0 3 9 7 5 2 2 1 9 7 8 7 4 4 6 5 4 1 9 3 1 3 2 9 4 8 5 5 4 2 2 9 1 5 3 0 0 6 7 1 5 7 0 5 6 0 0 0 1 5 4 9 2 5 3 1 9 8 8 8 7 8 5 0 9 9 7 4 0 5 7 0 9 7 4 3 2 6 2 0 2 7 8 3 7 7 3 6,8dbf82ebe98d665e9e89007c7515ad991d13208d57ee5b0fd33fb6e118993ead
supplement,8,13005,11,0.9192200557103064,5 4 0 1 6 9 9 2 0 6 6 3 1 1 7 0 8 9 5 8 0 9 1 6 5 5 3 4 1 9 8 9 8 3 4 3 3 6 1 6 5 4 4 5 4 9 8 9 9 8 1 7 3 0 4 7 8 9 0 5 1 7 6 2 2 4 3 1 1 3 2 7 9 6 1 7 5 5 6 2 7 2 2 2 2 3 4 0 2 7 8 4 7 2 2 6 3 2 1 9 2 8 0 8 1 6 1 4 7 5 1 2 1 4 5 4 5 3 6 3 5 2 3 0 0 2 7 8 9 6 9 7 5 0 9 2 6 3 4 3 6 6 7 1 6 5 6 7 8 0 0 7 2 5 3 9 0 3 7 8 1 8 6 8 6 3 3 9 7 5 0 0 8 3 1 6 3 5 3 4 3 2 2 5 5 8 6 4 6 7 5 3 6 5 6 7 1 1 1 7 5 6 0 9 4 3 2 1 1 0 0 9 2 5 4 0 3 1 5 4 9 0 9 4 6 0 4 0 3 8 2 6 7 0 1 4 8 7 2 2 7 6 5 5 9 2 0 4 4 8 7 4 7 8 4 2 7 9 8 6 4 6 9 9 6 0 9 1 8 0 5 0 3 9 7 5 2 2 1 9 7 8 7 4 4 6 5 4 1 9 3 1 3 2 9 4 8 5 5 4 2 2 9 1 5 3 0 0 6 7 1 5 7 0 5 6 0 0 0 8 5 4 9 2 5 3 1 9 8 8 8 7 8 5 0 9 9 7 4 0 5 7 0 9 7 4 3 2 6 2 0 2 7 8 3 7 7 3 6,d108946452719c54c7077c21de4244e49e24c3254b77011e0228e5050cbc66af
supplement,8,13005,12,0.9303621169916435,5 4 0 1 6 9 9 2 0 6 6 3 1 1 7 0 8 8 5 8 0 9 1 6 5 5 3 4 1 9 8 9 8 3 4 3 3 6 1 6 5 4 4 5 4 9 8 9 9 1 1 7 3 0 4 7 8 9 0 5 1 7 6 2 1 4 3 1 1 3 2 7 9 6 1 7 5 8 6 2 7 2 2 2 2 3 4 0 2 7 8 4 7 2 2 6 3 1 1 9 2 8 0 8 1 6 1 4 7 5 1 2 9 4 5 4 5 3 6 3 5 2 3 0 0 2 7 8 9 6 9 7 5 0 9 2 6 9 4 3 6 6 7 1 6 5 6 7 8 0 0 7 2 5 3 9 0 3 7 8 1 8 6 8 6 3 3 1 7 5 0 0 8 3 1 6 3 5 8 4 3 2 2 5 5 1 6 4 6 7 5 3 6 5 6 7 1 8 1 7 8 6 0 9 4 3 2 1 1 0 0 9 2 5 4 0 3 1 5 4 9 0 9 4 6 0 4 0 3 8 2 6 7 0 1 4 8 7 2 2 7 6 5 5 9 2 0 4 4 8 7 4 7 8 4 2 7 9 8 6 4 6 9 9 6 0 9 1 8 0 5 0 3 9 7 5 2 3 1 9 7 8 7 4 4 6 5 4 1 9 3 1 3 2 9 4 8 5 5 4 2 2 9 1 5 3 0 0 6 7 1 5 7 0 5 6 0 0 0 8 8 4 9 2 5 3 1 9 8 8 8 7 8 5 0 9 9 7 4 0 5 7 0 9 7 4 3 2 6 2 0 2 7 8 3 7 7 3 6,bab68af3346682a20e0940b0b98895b22e4e67b65522b019596e482141408efa
supplement,8,13005,13,0.9303621169916435,5 4 0 1 6 9 9 2 0 6 6 3 1 1 7 0 8 9 5 8 0 9 1 6 5 5 3 4 1 9 8 9 8 3 4 3 3 6 1 6 5 4 4 5 4 9 8 9 9 8 8 7 9 0 4 7 8 9 0 5 1 7 6 2 1 4 3 1 1 3 2 7 9 6 1 7 5 9 6 2 7 1 2 2 2 3 4 0 2 7 8 4 7 2 2 6 3 2 1 9 2 8 0 8 1 6 1 4 7 5 1 2 9 4 5 4 5 3 6 3 5 2 3 0 0 2 7 9 9 6 9 7 5 0 9 2 6 3 4 3 6 6 7 1 6 5 6 7 8 0 0 7 2 5 3 9 0 3 7 8 1 8 6 8 6 3 3 1 7 5 0 0 7 3 1 6 3 5 3 4 3 2 2 5 5 8 6 4 6 7 5 0 6 5 6 7 1 8 1 7 5 6 0 9 4 3 1 1 1 0 0 9 2 5 4 0 3 1 5 4 9 0 9 4 6 0 4 0 3 8 2 6 7 0 1 4 8 7 2 2 7 6 5 5 9 2 0 4 4 8 7 4 7 8 4 2 7 9 8 6 4 6 9 9 6 0 9 1 8 0 5 0 3 9 7 5 2 2 1 9 7 8 7 4 4 6 5 4 1 9 3 1 3 2 9 4 8 5 5 4 2 2 9 1 5 3 0 0 6 7 1 5 7 0 5 6 0 0 0 8 7 4 9 2 5 3 1 9 8 8 8 7 8 5 0 9 9 7 4 0 5 7 9 9 7 4 3 2 6 2 0 2 7 8 3 7 7 3 6,1567d050c2e0e2afff760f91dcda5e66a3afbeca5bd7b0c3e05d1caafa4ca35c
supplement,8,13005,14,0.9164345403899722,5 4 0 1 6 9 9 2 0 6 6 3 1 1 7 0 8 9 5 8 0 9 1 6 5 5 3 4 1 9 8 9 8 3 4 3 3 6 1 6 5 4 4 5 4 9 8 9 9 8 1 7 3 0 4 7 8 9 0 5 1 7 6 2 2 4 3 1 1 3 2 7 9 6 1 7 5 8 6 2 7 1 2 2 2 3 4 0 2 7 8 4 7 2 2 6 3 2 1 9 2 8 0 7 1 6 1 4 7 5 1 2 9 4 5 4 5 3 6 3 5 2 3 0 0 2 7 8 9 6 9 7 5 0 9 2 6 3 4 3 6 6 7 1 6 5 6 7 8 0 0 7 2 5 3 9 0 3 7 8 8 8 6 8 6 3 3 1 7 5 0 0 7 3 1 6 3 5 3 4 3 2 2 5 5 8 6 4 6 7 5 0 6 5 6 7 1 1 1 7 5 6 0 9 4 3 2 1 1 0 0 9 2 5 4 0 3 1 5 4 9 0 9 4 6 0 4 0 3 8 2 6 7 0 1 4 8 7 2 2 7 6 5 5 9 2 0 4 4 8 7 4 7 8 4 2 7 9 8 6 4 6 9 9 6 0 9 1 8 0 5 0 3 9 7 5 2 2 1 9 7 8 7 4 4 6 5 4 1 9 3 1 3 2 9 4 8 5 5 4 2 2 9 1 5 3 0 0 6 7 1 5 7 0 5 6 0 0 0 8 8 4 9 2 5 3 1 9 8 8 8 7 8 5 0 9 9 7 4 0 5 7 0 9 7 4 3 2 6 2 0 2 7 8 3 7 7 3 6,6d25d263045a64843f1b3d2e81380b2448f81110ee884189082c89bdfd2619ba
supplement,8,13005,15,0.9080779944289693,5 4 0 1 6 9 9 2 0 6 6 3 1 1 7 0 8 9 5 8 0 9 1 6 5 5 3 4 1 9 8 9 8 3 4 3 3 6 1 6 5 4 4 5 4 9 8 9 9 8 2 7 9 0 4 7 8 9 0 5 1 7 6 2 1 4 3 1 1 3 2 7 9 6 1 7 5 5 6 2 7 1 2 2 2 3 4 0 2 7 8 4 7 2 2 6 3 1 1 9 2 8 0 7 1 6 1 4 7 5 1 2 9 4 5 4 5 3 6 3 5 2 3 0 0 2 7 9 9 6 9 7 5 0 9 2 6 3 4 3 6 6 7 1 6 5 6 7 8 0 0 7 2 5 3 9 0 3 7 8 1 8 6 8 6 3 3 1 7 5 0 0 8 3 1 6 3 5 3 4 3 2 2 5 5 8 6 4 6 7 5 9 6 5 6 7 1 1 1 7 5 6 0 9 4 3 2 1 1 0 0 9 2 5 4 0 3 1 5 4 9 0 9 4 6 0 4 0 3 8 2 6 7 0 1 4 8 7 2 2 7 6 5 5 9 2 0 4 4 8 7 4 7 8 4 2 7 9 8 6 4 6 9 9 6 0 9 1 8 0 5 0 3 9 7 5 2 2 1 9 7 8 7 4 4 6 5 4 1 9 3 1 3 2 9 4 8 9 5 4 2 2 9 1 5 3 0 0 6 7 1 5 7 0 5 6 0 0 0 8 5 4 9 2 5 3 1 9 8 8 8 7 8 5 0 9 9 7 4 0 5 7 0 9 7 4 3 2 6 2 0 2 7 8 3 7 7 3 6,86aef89cf36a4347c2e8cbf30066ad4624cd04a84687c2ca3c18e8aa6b561684
supplement,8,13005,16,0.935933147632312,5 4 0 1 6 9 9 2 0 6 6 3 1 1 7 0 8 8 5 8 0 9 1 6 5 5 3 4 1 9 8 9 8 3 4 3 3 6 1 6 5 4 4 5 4 9 8 9 9 8 2 7 3 0 4 7 8 9 0 5 1 7 6 2 2 4 3 1 1 3 2 7 9 6 1 7 5 8 6 2 7 1 2 2 2 3 4 0 2 7 8 4 7 2 2 6 3 2 1 9 2 8 0 8 1 6 1 4 7 5 1 2 9 4 5 4 5 3 6 3 5 2 3 0 0 2 7 8 9 6 9 7 5 0 9 2 6 3 4 3 6 6 7 1 6 5 6 7 8 0 0 7 2 5 3 9 0 3 7 8 1 8 6 8 6 3 3 1 7 5 0 0 8 3 1 6 3 5 8 4 3 2 2 5 5 8 6 4 6 7 5 0 6 5 6 7 1 1 1 7 8 6 0 9 4 3 2 1 1 0 0 9 2 5 4 0 3 1 5 4 9 0 9 4 6 0 4 0 3 8 2 6 7 0 1 4 8 7 2 2 7 6 5 5 9 2 0 4 4 8 7 4 7 8 4 2 7 9 8 6 4 6 9 9 6 0 9 1 8 0 5 0 3 9 7 5 2 2 1 9 7 8 7 4 4 6 5 4 1 1 3 1 3 2 9 4 8 5 5 4 2 2 9 1 5 3 0 0 6 7 1 5 7 0 5 6 0 0 0 8 8 4 9 2 5 3 1 9 8 8 8 7 8 5 0 9 8 7 4 0 5 7 0 9 7 4 3 2 6 2 0 2 7 8 3 7 7 3 6,0700ddaf5bed83fe1c5fdf44c298c356ef22ea56a0b95de16cc9bc45c32726e2
supplement,8,13005,17,0.9220055710306406,5 4 0 1 6 9 9 2 0 6 6 3 1 1 7 0 8 8 5 8 0 9 1 6 5 5 3 4 1 3 8 9 8 3 4 3 3 6 1 6 5 4 4 5 4 9 8 9 9 8 1 7 3 0 4 7 8 9 0 5 1 7 6 2 2 4 3 1 1 3 2 7 9 6 1 7 5 8 6 2 7 1 2 2 2 3 4 0 2 7 8 4 7 2 2 6 3 1 1 9 2 8 0 7 1 6 1 4 7 5 1 2 9 4 5 4 5 3 6 3 5 2 3 0 0 2 7 8 9 6 9 7 5 0 9 2 6 3 4 3 6 6 7 1 6 5 6 7 8 0 0 7 2 5 3 9 0 3 7 8 1 8 6 8 6 3 3 1 7 5 0 0 8 3 1 6 3 5 3 4 3 2 2 5 5 1 6 4 6 7 5 0 6 5 6 7 1 1 1 7 8 6 0 9 4 3 2 1 1 0 0 9 2 5 4 0 3 1 5 4 9 0 9 4 6 0 4 0 3 8 2 6 7 0 1 4 8 7 2 2 7 6 5 5 9 2 0 4 4 8 7 4 7 8 4 2 7 9 8 6 4 6 9 9 6 0 9 1 8 0 5 0 3 9 7 5 2 2 1 9 7 8 7 4 4 6 5 4 1 1 3 1 3 2 9 4 8 5 5 4 2 2 9 1 5 3 0 0 6 7 1 5 7 0 5 6 0 0 0 8 7 4 9 2 5 3 1 9 8 8 8 7 8 5 0 9 8 7 4 0 5 7 0 9 7 4 3 2 6 2 0 2 7 8 3 7 7 3 6,376b7699a35a984b7d939331c6b6b1fdef5723358a29fa6d5168ce9ec0d145b4
supplement,8,13005,18,0.924791086350975,5 4 0 1 6 9 9 2 0 6 6 3 1 1 7 0 8 9 5 8 0 9 1 6 5 5 3 4 1 9 8 9 8 3 4 3 3 6 1 6 5 4 4 5 4 9 8 9 9 8 8 7 9 0 4 7 8 9 0 5 1 7 6 2 1 4 3 1 1 3 2 7 9 6 1 7 5 8 6 2 7 1 2 2 2 3 4 0 2 7 8 4 7 2 2 6 3 1 1 9 2 8 0 7 1 6 1 4 7 5 1 2 9 4 5 4 5 3 6 3 5 2 3 0 0 2 7 8 9 6 9 7 5 0 9 2 6 3 4 3 6 6 7 1 6 5 6 7 8 0 0 7 2 5 3 9 0 3 7 8 1 8 6 8 6 3 3 1 7 5 0 0 8 3 1 6 3 5 8 4 3 2 2 5 5 1 6 4 6 7 5 9 6 5 6 7 1 1 1 7 8 6 0 9 4 3 2 1 1 0 0 9 2 5 4 0 3 1 5 4 9 0 9 4 6 0 4 0 3 8 2 6 7 0 1 4 8 7 2 2 7 6 5 5 9 2 0 4 4 8 7 4 7 8 4 2 7 9 8 6 4 6 9 9 6 0 9 1 8 0 5 0 3 9 7 5 2 2 1 9 7 8 7 4 4 6 5 4 1 1 3 1 3 2 9 4 8 5 5 4 2 2 9 1 5 3 0 0 6 7 1 5 7 0 5 6 0 0 0 8 8 4 9 2 5 3 1 9 8 8 8 7 8 5 0 9 9 7 4 0 5 7 0 9 7 4 3 2 6 2 0 2 7 8 3 7 7 3 6,71e5dc7784013f05652837e3236dbeba3436984fc15fa3017add2126b67bb46c
supplement,8,13005,19,0.9192200557103064,5 4 0 1 6 9 9 2 0 6 6 3 1 1 7 0 8 8 5 8 0 9 1 6 5 5 3 4 1 3 8 9 8 3 4 3 3 6 1 6 5 4 4 5 4 9 8 9 9 8 1 7 3 0 4 7 8 9 0 5 1 7 6 2 1 4 3 1 1 3 2 7 9 6 1 7 5 8 6 2 7 1 2 2 2 3 4 0 2 7 8 4 7 2 2 6 3 1 1 9 2 8 0 7 1 6 1 4 7 5 1 2 9 4 5 4 5 3 6 3 5 2 3 0 0 2 7 9 9 6 9 7 5 0 9 2 6 3 4 3 6 6 7 1 6 5 6 7 8 0 0 7 2 5 3 9 0 3 7 8 1 8 6 8 6 3 3 1 7 5 0 0 7 3 1 6 3 5 8 4 3 2 2 5 5 8 6 4 6 7 5 0 6 5 6 7 1 1 1 7 5 6 0 9 4 3 2 1 1 0 0 9 2 5 4 0 3 1 5 4 9 0 9 4 6 0 4 0 3 8 2 6 7 0 1 4 8 7 2 2 7 6 5 5 9 2 0 4 4 8 7 4 7 3 4 2 7 9 8 6 4 6 9 9 6 0 9 1 8 0 5 0 3 9 7 5 2 2 1 9 7 8 7 4 4 6 5 4 1 9 3 1 3 2 9 4 8 5 5 4 2 2 9 1 5 3 0 0 6 7 1 5 7 0 5 6 0 0 0 8 8 4 9 2 5 3 1 9 8 8 8 7 8 5 0 9 9 7 4 0 5 7 0 9 7 4 3 2 6 2 0 2 7 8 3 7 7 3 6,c16621b864b6001952fa5f7ab4540d131333702dbd0cc5a35ef9c2adc67a540e
supplement,8,13005,20,0.9275766016713092,5 4 0 1 6 9 9 2 0 6 6 3 1 1 7 0 8 9 5 8 0 9 1 6 5 5 3 4 1 3 8 9 8 3 4 3 3 6 1 6 5 4 4 5 4 9 8 9 9 8 8 7 9 0 4 7 8 9 0 5 1 7 6 2 2 4 3 1 1 3 2 7 9 6 1 7 5 8 6 2 7 1 2 2 2 3 4 0 2 7 8 4 7 2 2 6 3 1 1 9 2 8 0 9 1 6 1 4 7 5 1 2 9 4 5 4 5 3 6 3 5 2 3 0 0 2 7 9 9 6 9 7 5 0 9 2 6 3 4 3 6 6 7 1 6 5 6 7 8 0 0 7 2 5 3 9 0 3 7 8 1 8 6 8 6 3 3 1 7 5 0 0 8 3 1 6 3 5 8 4 3 2 2 5 5 8 6 4 6 7 5 9 6 5 6 7 1 8 1 7 8 6 0 9 4 3 2 1 1 0 0 9 2 5 4 0 3 1 5 4 9 0 9 4 6 0 4 0 3 8 2 6 7 0 1 4 8 7 2 2 7 6 5 5 9 2 0 4 4 8 7 4 7 8 4 2 7 9 8 6 4 6 9 9 6 0 9 1 8 0 5 0 3 9 7 5 2 2 1 9 7 8 7 4 4 6 5 4 1 1 3 1 3 2 9 4 8 5 5 4 2 2 9 1 5 3 0 0 6 7 1 5 7 0 5 6 0 0 0 8 8 4 9 2 5 3 1 9 8 8 8 7 8 5 0 9 8 7 4 0 5 7 0 9 7 4 3 2 6 2 0 2 7 8 3 7 7 3 6,0af029b1792dfb3b4212111a7e2a30036155e324cd6b9848ffe6bffe64e8ca14
supplement,8,13006,1,0.4986072423398329,8 9 0 1 0 5 3 1 0 0 0 2 1 1 2 0 1 7 5 8 0 0 1 0 8 0 2 4 1 5 8 5 0 5 6 3 3 0 1 0 5 9 4 1 6 0 8 7 3 1 1 3 3 0 6 2 7 3 0 8 1 1 0 1 1 4 3 1 9 3 2 2 0 0 1 7 5 9 0 1 7 1 2 0 2 8 7 0 2 2 1 6 3 5 2 0 3 1 1 5 1 0 0 3 1 0 1 6 2 5 1 0 9 4 5 3 2 3 0 3 8 2 3 0 0 1 9 2 7 0 2 2 5 0 7 2 0 3 3 3 0 0 7 1 0 5 0 2 1 0 0 2 0 8 3 9 0 8 3 8 1 1 0 2 0 3 3 1 2 5 0 0 2 3 8 0 8 5 1 4 3 2 2 5 8 1 6 4 0 9 1 0 0 5 0 7 1 1 1 1 8 0 0 9 1 3 1 1 1 0 5 3 2 5 4 0 3 1 3 4 9 0 7 4 0 0 4 0 1 1 2 0 2 0 1 4 7 3 2 2 1 0 5 9 0 2 0 4 1 3 1 4 9 3 4 2 1 2 2 0 6 0 7 3 0 0 7 1 0 0 5 0 3 7 2 5 2 3 1 2 2 7 9 6 4 0 5 5 8 1 3 1 3 2 3 4 8 9 5 1 2 2 5 1 5 3 0 0 0 9 1 9 1 0 5 0 0 0 0 1 8 1 9 3 5 3 1 2 7 7 8 7 4 5 0 5 7 3 4 0 5 8 0 5 8 4 3 2 0 1 0 2 2 4 3 7 9 8 0,da5e3d3fd2de9a27441e52dff091d7bc137f8c81cdedddbc8b3f34218a58e07d
supplement,8,13006,2,0.8607242339832869,5 4 0 1 0 9 9 2 4 6 6 3 1 1 7 0 8 8 5 8 0 3 1 6 5 5 3 4 1 5 8 9 8 3 4 3 3 6 1 6 5 4 4 6 4 9 8 9 9 1 1 7 3 0 4 7 8 3 0 8 1 7 6 2 1 4 3 1 1 3 2 7 3 6 1 7 5 9 6 2 7 1 2 2 2 3 4 0 2 4 8 4 7 2 2 6 3 1 1 9 2 8 0 4 1 6 1 4 7 5 1 2 9 4 5 4 5 3 6 3 5 2 3 0 0 2 7 2 9 6 3 7 5 0 9 2 6 3 4 3 6 6 4 1 6 5 6 7 1 0 0 7 2 5 3 9 0 3 7 8 4 1 6 2 6 3 3 1 7 5 0 0 7 3 1 6 3 5 3 4 3 2 2 5 8 1 6 4 6 7 5 0 6 9 6 7 1 2 1 7 8 6 0 9 4 3 1 1 1 0 0 9 2 5 4 0 3 1 5 4 9 0 9 4 6 4 4 0 3 7 2 6 2 0 1 4 8 7 2 2 7 6 5 5 9 2 0 4 4 8 7 4 4 3 4 2 7 9 8 6 4 6 9 9 6 0 9 1 1 0 5 0 3 9 2 5 2 3 1 0 2 8 4 4 4 6 5 4 1 1 3 1 3 2 9 4 8 9 5 4 2 2 9 1 5 3 0 0 6 7 1 5 7 0 5 6 0 0 0 1 7 4 9 3 5 3 1 9 8 8 8 7 8 5 0 9 3 7 4 0 5 7 0 9 7 4 3 2 6 2 0 2 7 8 3 7 7 8 6,8d46b54062b16827145ac80ee5ace060105286d93193649f4a7a2fd4f7eb74f1
supplement,8,13006,3,0.8690807799442897,5 4 0 1 6 9 9 2 4 6 6 3 1 1 7 0 1 9 5 8 0 3 1 6 5 5 3 4 1 9 8 9 8 3 4 3 3 6 1 6 5 4 4 6 4 9 1 9 9 1 1 7 3 0 4 7 7 9 0 5 1 7 6 2 1 4 3 1 1 3 2 7 9 6 1 7 5 9 6 2 7 1 2 2 2 3 4 0 2 4 1 4 7 2 2 6 3 1 1 9 2 8 0 7 1 6 1 4 7 5 1 2 9 4 5 4 5 3 6 3 5 2 3 0 0 2 7 3 9 6 9 7 5 0 9 2 6 3 4 3 6 6 7 1 6 5 6 7 1 0 0 7 2 5 3 9 0 3 7 8 1 1 6 2 6 3 3 9 7 5 0 0 7 3 1 6 3 5 3 4 3 2 2 5 8 1 6 4 6 7 5 0 6 9 6 7 1 1 1 7 5 6 0 9 4 3 1 1 1 0 0 9 2 5 4 0 3 1 5 4 9 0 9 4 6 0 4 0 3 7 2 6 7 0 1 4 8 7 2 2 7 6 5 5 9 2 0 4 4 2 7 4 7 3 4 2 7 9 8 6 4 6 9 9 6 0 9 1 1 0 5 0 3 9 7 5 2 3 1 9 2 8 7 4 4 6 5 4 1 1 3 1 3 2 9 4 3 9 5 4 2 2 9 1 5 3 0 0 6 7 1 5 7 0 5 6 0 0 0 1 7 4 9 2 5 3 1 9 8 8 8 7 8 5 0 9 9 7 4 0 5 7 0 9 7 4 3 2 6 2 0 2 7 8 3 7 7 3 6,a28abd68302b71649b188fec7f0ca0a50f8b41c10ba6b6b83592105f50f8b4ca
supplement,8,13006,4,0.8969359331476323,5 4 0 1 6 9 9 2 0 6 6 3 1 1 7 0 8 9 5 8 0 3 1 6 5 5 3 4 1 9 8 9 8 3 4 3 3 6 1 6 5 4 4 5 4 9 8 9 9 1 1 7 3 0 4 7 7 9 0 5 1 7 6 2 1 4 3 1 1 3 2 7 9 6 1 7 5 9 6 2 7 1 2 2 2 3 4 0 2 7 1 4 7 2 2 6 3 8 1 9 2 8 0 7 1 6 1 4 7 5 1 2 9 4 5 4 5 3 6 3 5 2 3 0 0 2 7 3 9 6 9 7 5 0 9 2 6 3 4 3 6 6 7 1 6 5 6 7 8 0 0 7 2 5 3 9 0 3 7 8 1 8 6 8 6 3 3 9 7 5 0 0 7 3 1 6 3 5 3 4 3 2 2 5 1 1 6 4 6 7 5 0 6 9 6 7 1 1 1 7 8 6 0 9 4 3 1 1 1 0 0 9 2 5 4 0 3 1 5 4 9 0 9 4 6 0 4 0 3 8 2 6 7 0 1 4 8 7 2 2 7 6 5 5 9 2 0 4 4 2 7 4 7 3 4 2 7 9 8 6 4 6 9 9 6 0 9 1 8 0 5 0 3 9 7 5 2 3 1 9 7 8 7 4 4 6 5 4 1 1 3 1 3 2 9 4 8 5 5 4 2 2 3 1 5 3 0 0 6 7 1 5 7 0 5 6 0 0 0 1 7 4 9 2 5 3 1 9 8 8 8 7 8 5 0 9 9 7 4 0 5 7 0 9 7 4 3 2 6 2 0 2 7 8 3 7 7 1 6,83df9e321d920b2c242c8d06139678c4acfdfe5ba729541537cda086ce06ecd8
supplement,8,13006,5,0.9136490250696379,5 4 0 1 6 9 9 2 4 6 6 3 1 1 7 0 8 9 5 8 0 9 1 6 5 5 3 4 1 9 8 9 8 3 4 3 3 6 1 6 5 4 4 5 4 9 8 9 9 1 1 7 3 0 4 7 8 9 0 5 1 7 6 2 1 4 3 1 1 3 2 7 9 6 1 7 5 9 6 2 7 1 2 2 2 3 4 0 2 7 1 4 7 2 2 6 3 1 1 9 2 8 0 7 1 6 1 4 7 5 1 2 9 4 5 4 5 3 6 3 5 2 3 0 0 2 7 9 9 6 9 7 5 0 9 2 6 3 4 3 6 6 7 1 6 5 6 7 8 0 0 7 2 5 3 9 0 3 7 8 1 8 6 8 6 3 3 9 7 5 0 0 7 3 1 6 3 5 3 4 3 2 2 5 5 1 6 4 6 7 5 3 6 5 6 7 1 1 1 7 7 6 0 9 4 3 1 1 1 0 0 9 2 5 4 0 3 1 5 4 9 0 9 4 6 0 4 0 3 8 2 6 7 0 1 4 8 7 2 2 7 6 5 5 9 2 0 4 4 8 7 4 7 8 4 2 7 9 8 6 4 6 9 9 6 0 9 1 8 0 5 0 3 9 7 5 2 3 1 9 7 8 7 4 4 6 5 4 1 1 3 1 3 2 9 4 8 5 5 4 2 2 9 1 5 3 0 0 6 7 1 5 7 0 5 6 0 0 0 1 7 4 9 2 5 3 1 9 8 8 8 7 8 5 0 9 9 7 4 0 5 7 0 9 7 4 3 2 6 2 0 2 7 8 3 7 7 3 6,9d6409c5d9492d1f5744d753d9f40ad269e043da0d7653645ccf1ed1f0765db1
supplement,8,13006,6,0.8997214484679665,5 4 0 1 6 9 9 2 4 6 6 3 1 1 7 0 8 9 5 8 0 3 1 6 5 5 3 4 1 9 8 9 8 3 4 3 3 6 1 6 5 4 4 5 4 9 8 9 9 1 8 7 9 0 4 7 7 9 0 5 1 7 6 2 1 4 3 1 1 3 2 7 9 6 1 7 5 9 6 2 7 1 2 2 2 3 4 0 2 7 8 4 7 2 2 6 3 1 1 9 2 8 0 7 1 6 1 4 7 5 1 2 9 4 5 4 5 3 6 3 5 2 3 0 0 2 7 3 9 6 9 7 5 0 9 2 6 3 4 3 6 6 7 1 6 5 6 7 8 0 0 7 2 5 3 9 0 3 7 8 1 8 6 8 6 3 3 1 7 5 0 0 7 3 1 6 3 5 3 4 3 2 2 5 1 1 6 4 6 7 5 3 6 9 6 7 1 1 1 7 5 6 0 9 4 3 1 1 1 0 0 9 2 5 4 0 3 1 5 4 9 0 9 4 6 0 4 0 3 8 2 6 7 0 1 4 8 7 2 2 7 6 5 5 9 2 0 4 4 8 7 4 7 3 4 2 7 9 8 6 4 6 9 9 6 0 9 1 8 0 5 0 3 9 7 5 2 3 1 9 7 8 7 4 4 6 5 4 1 1 3 1 3 2 9 4 8 5 5 4 2 2 9 1 5 3 0 0 6 7 1 5 7 0 5 6 0 0 0 1 7 4 9 2 5 3 1 9 8 8 8 7 8 5 0 9 9 7 4 0 5 7 0 9 7 4 3 2 6 2 0 2 7 8 3 7 7 8 6,51ec4b1e30f5623a81850fa48681ef9d09c0e8c847708c49c63ee4953edf63db
supplement,8,13006,7,0.9052924791086351,5 4 0 1 6 9 9 2 6 6 6 3 1 1 7 0 8 9 5 8 0 9 1 6 5 5 3 4 1 9 8 9 8 3 4 3 3 6 1 6 5 4 4 5 4 9 8 9 9 1 8 7 9 0 4 7 8 9 0 5 1 7 6 2 1 4 3 1 1 3 2 7 3 6 1 7 5 5 6 2 7 1 2 2 2 3 4 0 2 7 1 4 7 2 2 6 3 1 1 9 2 8 0 7 1 6 1 4 7 5 1 2 9 4 5 4 5 3 6 3 5 2 3 0 0 2 7 3 9 6 9 7 5 0 9 2 6 3 4 3 6 6 7 1 6 5 6 7 8 0 0 7 2 5 3 9 0 3 7 8 1 8 6 8 6 3 3 9 7 5 0 0 7 3 1 6 3 5 3 4 3 2 2 5 5 1 6 4 6 7 5 3 6 9 6 7 1 1 1 7 8 6 0 9 4 3 1 1 1 0 0 9 2 5 4 0 3 1 5 4 9 0 9 4 6 0 4 0 3 8 2 6 7 0 1 4 8 7 2 2 7 6 5 5 9 2 0 4 4 8 7 4 7 3 4 2 7 9 8 6 4 6 9 9 6 0 9 1 8 0 5 0 3 9 7 5 2 3 1 9 7 8 7 4 4 6 5 4 1 1 3 1 3 2 9 4 8 5 5 4 2 2 3 1 5 3 0 0 6 7 1 5 7 0 5 6 0 0 0 8 7 4 9 2 5 3 1 9 8 8 8 7 8 5 0 9 9 7 4 0 5 7 0 9 7 4 3 2 6 2 0 2 7 8 3 7 7 3 6,fdbddb87f850c29aa1b4c43504bc3c10d26f7ef776bad91fd5b604e68f236f3b
supplement,8,13006,8,0.9136490250696379,5 4 0 1 6 9 9 2 0 6 6 3 1 1 7 0 8 9 5 8 0 3 1 6 5 5 3 4 1 9 8 9 8 3 4 3 3 6 1 6 5 4 4 5 4 9 8 9 9 8 1 7 3 0 4 7 8 9 0 5 1 7 6 2 1 4 3 1 1 3 2 7 9 6 1 7 5 9 6 2 7 1 2 2 2 3 4 0 2 7 8 4 7 2 2 6 3 1 1 9 2 8 0 7 1 6 1 4 7 5 1 2 9 4 5 4 5 3 6 3 5 2 3 0 0 2 7 3 9 6 9 7 5 0 9 2 6 3 4 3 6 6 7 1 6 5 6 7 8 0 0 7 2 5 3 9 0 3 7 8 1 8 6 2 6 3 3 9 7 5 0 0 7 3 1 6 3 5 3 4 3 2 2 5 8 8 6 4 6 7 5 3 6 9 6 7 1 1 1 7 8 6 0 9 4 3 2 1 1 0 0 9 2 5 4 0 3 1 5 4 9 0 9 4 6 0 4 0 3 8 2 6 7 0 1 4 8 7 2 2 7 6 5 5 9 2 0 4 4 8 7 4 7 8 4 2 7 9 8 6 4 6 9 9 6 0 9 1 8 0 5 0 3 9 7 5 2 3 1 9 7 8 7 4 4 6 5 4 1 1 3 1 3 2 9 4 8 5 5 4 2 2 9 1 5 3 0 0 6 7 1 5 7 0 5 6 0 0 0 8 7 4 9 2 5 3 1 9 8 8 8 7 8 5 0 9 9 7 4 0 5 7 9 9 7 4 3 2 6 2 0 2 7 8 3 7 7 8 6,c0dab565861957b048503853247957f19626a6a0ae2fd306bebf4a3b781331c9
supplement,8,13006,9,0.9080779944289693,5 4 0 1 6 9 9 2 0 6 6 3 1 1 7 0 8 9 5 8 0 9 1 6 5 5 3 4 1 9 8 9 8 3 4 3 3 6 1 6 5 4 4 5 4 9 8 9 9 8 1 7 3 0 4 7 8 9 0 5 1 7 6 2 1 4 3 1 1 3 2 7 9 6 1 7 5 9 6 2 7 1 2 2 2 3 4 0 2 7 8 4 7 2 2 6 3 1 1 9 2 8 0 9 1 6 1 4 7 5 1 2 9 4 5 4 5 3 6 3 5 2 3 0 0 2 7 9 9 6 9 7 5 0 9 2 6 3 4 3 6 6 7 1 6 5 6 7 8 0 0 7 2 5 3 9 0 3 7 8 1 8 6 8 6 3 3 9 7 5 0 0 7 3 1 6 3 5 3 4 3 2 2 5 5 1 6 4 6 7 5 3 6 9 6 7 1 1 1 7 5 6 0 9 4 3 1 1 1 0 0 9 2 5 4 0 3 1 5 4 9 0 9 4 6 0 4 0 3 8 2 6 7 0 1 4 8 7 2 2 7 6 5 5 9 2 0 4 4 8 7 4 7 8 4 2 7 9 8 6 4 6 9 9 6 0 9 1 8 0 5 0 3 9 7 5 2 3 1 9 7 8 7 4 4 6 5 4 1 9 3 1 3 2 9 4 8 9 5 4 2 2 9 1 5 3 0 0 6 5 1 5 7 0 5 6 0 0 0 8 7 4 9 2 5 3 1 9 8 8 8 7 8 5 0 9 9 7 4 0 5 7 0 9 7 4 3 2 6 2 0 2 7 8 3 7 7 3 6,d6a5e8f8b5f08046914c784289542ec4854cf474b9d233370e6dea2aafa577e2
supplement,8,13006,10,0.9108635097493036,5 4 0 1 6 9 9 2 0 6 6 3 1 1 7 0 8 9 5 8 0 3 1 6 5 5 3 4 1 9 8 9 8 3 4 3 3 6 1 6 5 4 4 5 4 9 8 9 9 8 1 7 3 0 4 7 8 9 0 5 1 7 6 2 1 4 3 1 1 3 2 7 9 6 1 7 5 9 6 2 7 1 2 2 2 3 4 0 2 7 8 4 7 2 2 6 3 1 1 9 2 8 0 7 1 6 1 4 7 5 1 2 9 4 5 4 5 3 6 3 5 2 3 0 0 2 7 8 9 6 9 7 5 0 9 2 6 3 4 3 6 6 7 1 6 5 6 7 8 0 0 7 2 5 3 9 0 3 7 8 1 8 6 8 6 3 3 1 7 5 0 0 7 3 1 6 3 5 3 4 3 2 2 5 5 1 6 4 6 7 5 3 6 9 6 7 1 1 1 7 5 6 0 9 4 3 1 1 1 0 0 9 2 5 4 0 3 1 5 4 9 0 9 4 6 0 4 0 3 8 2 6 7 0 1 4 8 7 2 2 7 6 5 5 9 2 0 4 4 8 7 4 7 3 4 2 7 9 8 6 4 6 9 9 6 0 9 1 8 0 5 0 3 9 7 5 2 9 1 9 7 8 7 4 4 6 5 4 1 9 3 1 3 2 9 4 8 5 5 4 2 2 9 1 5 3 0 0 6 7 1 5 7 0 5 6 0 0 0 8 7 4 9 2 5 3 1 9 8 8 8 7 8 5 0 9 9 7 4 0 5 7 0 9 7 4 3 2 6 2 0 2 7 8 3 7 7 3 6,19a4fed4714e1e335083308cd915969ffdb2dc2b0224f2636c0eaef9ac02c8ff
supplement,8,13006,11,0.9275766016713092,5 4 0 1 6 9 9 2 0 6 6 3 1 1 7 0 8 9 5 8 0 9 1 6 5 5 3 4 1 9 8 9 8 3 4 3 3 6 1 6 5 4 4 5 4 9 8 9 9 8 8 7 3 0 4 7 8 9 0 5 8 7 6 2 1 4 3 1 1 3 2 7 9 6 1 7 5 9 6 2 7 1 2 2 2 3 4 0 2 7 8 4 7 2 2 6 3 1 1 9 2 8 0 7 1 6 1 4 7 5 1 2 9 4 5 4 5 3 6 3 5 2 3 0 0 2 7 3 9 6 9 7 5 0 9 2 6 3 4 3 6 6 7 1 6 5 6 7 8 0 0 7 2 5 3 9 0 3 7 8 1 8 6 8 6 3 3 1 7 5 0 0 7 3 1 6 3 5 3 4 3 2 2 5 8 8 6 4 6 7 5 3 6 9 6 7 1 1 1 7 8 6 0 9 4 3 1 1 1 0 0 9 2 5 4 0 3 1 5 4 9 0 9 4 6 0 4 0 3 8 2 6 7 0 1 4 8 7 2 2 7 6 5 5 9 2 0 4 4 8 7 4 7 8 4 2 7 9 8 6 4 6 9 9 6 0 9 1 8 0 5 0 3 9 7 5 2 2 1 9 7 8 7 4 4 6 5 4 1 1 3 1 3 2 9 4 8 5 5 4 2 2 9 1 5 3 0 0 6 7 1 5 7 0 5 6 0 0 0 8 7 4 9 2 5 3 1 9 8 8 8 7 8 5 0 9 9 7 4 0 5 7 9 9 7 4 3 2 6 2 0 2 7 8 3 7 7 3 6,f386f3bb305fa6923b851a31187d4e2d9206427f92282f1c0e90f2129e51f5e2
supplement,8,13006,12,0.9108635097493036,5 4 0 1 6 9 9 2 0 6 1 3 1 1 7 0 8 9 5 8 0 9 1 6 5 5 3 4 1 9 8 9 8 3 4 3 3 6 1 6 5 4 4 5 4 9 8 9 9 1 1 7 9 0 4 7 8 9 0 5 1 7 6 2 1 4 3 1 1 3 2 7 9 6 1 7 5 5 6 2 7 1 2 2 2 3 4 0 2 7 8 4 7 2 2 6 3 1 1 9 2 8 0 7 1 6 1 4 7 5 1 2 9 4 5 4 5 3 6 3 5 2 3 0 0 2 7 3 9 6 9 7 5 0 9 2 6 9 4 3 6 6 7 1 6 5 6 7 8 0 0 7 2 5 3 9 0 3 7 8 1 8 6 8 6 3 3 1 7 5 0 0 7 3 1 6 3 5 8 4 3 2 2 5 1 1 6 4 6 7 5 0 6 9 6 7 1 1 1 7 8 6 0 9 4 3 1 1 1 0 0 9 2 5 4 0 3 1 5 4 9 0 9 4 6 0 4 0 3 8 2 6 7 0 1 4 8 7 2 2 7 6 5 5 9 2 0 4 4 8 7 4 7 8 4 2 7 9 8 6 4 6 9 9 6 0 9 1 8 0 5 0 3 9 7 5 2 2 1 9 7 8 7 4 4 6 5 4 1 1 3 1 3 2 9 4 8 5 5 4 2 2 9 1 5 3 0 0 6 7 1 5 7 0 5 6 0 0 0 8 7 4 9 2 5 3 1 9 8 8 8 7 8 5 0 9 9 7 4 0 5 7 0 9 7 4 3 2 6 2 0 2 7 8 3 7 7 3 6,071f060c0d4e8a9ff706569e04476799d3c2e4cce540d1cea29fab9093cc5b21
supplement,8,13006,13,0.9108635097493036,5 4 0 1 6 9 9 2 0 6 6 3 1 1 7 0 8 9 5 8 0 9 1 6 5 5 3 4 1 9 8 9 8 3 4 3 3 6 1 6 5 4 4 5 4 9 8 9 9 1 8 7 9 0 4 7 8 9 0 5 1 7 6 2 1 4 3 1 1 3 2 7 9 6 1 7 5 9 6 2 7 1 2 2 2 3 4 0 2 7 8 4 7 2 2 6 3 1 1 9 2 8 0 7 1 6 1 4 7 5 1 2 9 4 5 4 5 3 6 3 5 2 3 0 0 2 7 9 9 6 9 7 5 0 9 2 6 9 4 3 6 6 7 1 6 5 6 7 8 0 0 7 2 5 3 9 0 3 7 8 1 8 6 8 6 3 3 9 7 5 0 0 7 3 1 6 3 5 3 4 3 2 2 5 5 1 6 4 6 7 5 0 6 9 6 7 1 1 1 7 5 6 0 9 4 3 1 1 1 0 0 9 2 5 4 0 3 1 5 4 9 0 9 4 6 0 4 0 3 8 2 6 7 0 1 4 8 7 2 2 7 6 5 5 9 2 0 4 4 8 7 4 7 3 4 2 7 9 8 6 4 6 9 9 6 0 9 1 8 0 5 0 3 9 7 5 2 2 1 9 7 8 7 4 4 6 5 4 1 1 3 1 3 2 9 4 8 5 5 4 2 2 9 1 5 3 0 0 6 7 1 5 7 0 5 6 0 0 0 8 7 4 9 2 5 3 1 9 8 8 8 7 8 5 0 9 9 7 4 0 5 7 9 9 7 4 3 2 6 2 0 2 7 8 3 7 7 3 6,712db9d0cf1d7cd7ffad3338510f99e2ec277be463b2926230decde12b8c5c37
supplement,8,13006,14,0.9192200557103064,5 4 0 1 6 9 9 2 0 6 6 3 1 1 7 0 8 9 5 8 0 9 1 6 5 5 3 4 1 9 8 9 8 3 4 3 3 6 1 6 5 4 4 5 4 9 8 9 9 1 1 7 9 0 4 7 8 9 0 5 1 7 6 2 1 4 3 1 1 3 2 7 9 6 1 7 5 9 6 2 7 1 2 2 2 3 4 0 2 7 8 4 7 2 2 6 3 1 1 9 2 8 0 7 1 6 1 4 7 5 1 2 9 4 5 4 5 3 6 3 5 2 3 0 0 2 7 9 9 6 9 7 5 0 9 2 6 9 4 3 6 6 7 1 6 5 6 7 8 0 0 7 2 5 3 9 0 3 7 8 1 8 6 8 6 3 3 1 7 5 0 0 7 3 1 6 3 5 3 4 3 2 2 5 1 1 6 4 6 7 5 3 6 9 6 7 1 1 1 7 8 6 0 9 4 3 1 1 1 0 0 9 2 5 4 0 3 1 5 4 9 0 9 4 6 0 4 0 3 8 2 6 7 0 1 4 8 7 2 2 7 6 5 5 9 2 0 4 4 8 7 4 7 8 4 2 7 9 8 6 4 6 9 9 6 0 9 1 8 0 5 0 3 9 7 5 2 2 1 9 7 8 7 4 4 6 5 4 1 1 3 1 3 2 9 4 8 5 5 4 2 2 9 1 5 3 0 0 6 7 1 5 7 0 5 6 0 0 0 8 5 4 9 2 5 3 1 9 8 8 8 7 8 5 0 9 9 7 4 0 5 7 9 9 7 4 3 2 6 2 0 2 7 8 3 7 7 3 6,ba2c937c96d5ff73195dca105733ac2845041e4edced1696ce9e56fa90b4d17b
supplement,8,13006,15,0.924791086350975,5 4 0 1 6 9 9 2 0 6 6 3 1 1 7 0 8 9 5 8 0 9 1 6 5 5 3 4 1 9 8 9 8 3 4 3 3 6 1 6 5 4 4 5 4 9 8 9 9 1 1 7 9 0 4 7 8 9 0 5 1 7 6 2 1 4 3 1 1 3 2 7 9 6 1 7 5 9 6 2 7 2 2 2 2 3 4 0 2 7 8 4 7 2 2 6 3 1 1 9 2 8 0 7 1 6 1 4 7 5 1 2 9 4 5 4 5 3 6 3 5 2 3 0 0 2 7 9 9 6 9 7 5 0 9 2 6 9 4 3 6 6 7 1 6 5 6 7 8 0 0 7 2 5 3 9 0 3 7 8 1 8 6 7 6 3 3 1 7 5 0 0 7 3 1 6 3 5 8 4 3 2 2 5 5 1 6 4 6 7 5 3 6 9 6 7 1 1 1 7 5 6 0 9 4 3 1 1 1 0 0 9 2 5 4 0 3 1 5 4 9 0 9 4 6 0 4 0 3 8 2 6 7 0 1 4 8 7 2 2 7 6 5 5 9 2 0 4 4 8 7 4 7 8 4 2 7 9 8 6 4 6 9 9 6 0 9 1 8 0 5 0 3 9 7 5 2 2 1 9 7 8 7 4 4 6 5 4 1 1 3 1 3 2 9 4 8 5 5 4 2 2 9 1 5 3 0 0 6 7 1 5 7 0 5 6 0 0 0 8 7 4 9 2 5 3 1 9 8 8 8 7 8 5 0 9 9 7 4 0 5 7 9 9 7 4 3 2 6 2 0 2 7 8 3 7 7 3 6,23bbf5f3ae479a77e81ebdc7ce1a1ba48331800b2e5cf30c3391ef5d9811af20
supplement,8,13006,16,0.9080779944289693,5 4 0 1 6 9 9 2 0 6 4 3 1 1 7 0 8 9 5 8 0 9 1 6 5 5 3 4 1 9 8 9 8 3 4 3 3 6 1 6 5 4 4 5 4 9 8 9 9 1 1 7 3 0 4 7 8 9 0 5 1 7 6 2 2 4 3 1 1 3 2 7 9 6 1 7 5 9 6 2 7 1 2 2 2 3 4 0 2 7 8 4 7 2 2 6 3 1 1 9 2 8 0 4 1 6 1 4 7 5 1 2 9 4 5 4 5 3 6 3 5 2 3 0 0 2 7 9 9 6 9 7 5 0 9 2 6 3 4 3 6 6 7 1 6 5 6 7 8 0 0 7 2 5 3 9 0 3 7 8 1 8 6 2 6 3 3 1 7 5 0 0 7 3 1 6 3 5 3 4 3 2 2 5 5 1 6 4 6 7 5 3 6 9 6 7 1 1 1 7 8 6 0 9 4 3 2 1 1 0 0 9 2 5 4 0 3 1 5 4 9 0 9 4 6 0 4 0 3 8 2 6 7 0 1 4 8 7 2 2 7 6 5 5 9 2 0 4 4 8 7 4 7 3 4 2 7 9 8 6 4 6 9 9 6 0 9 1 8 0 5 0 3 9 7 5 2 2 1 9 7 8 7 4 4 6 5 4 1 1 3 1 3 2 9 4 8 9 5 4 2 2 9 1 5 3 0 0 6 7 1 5 7 0 5 6 0 0 0 1 5 4 9 2 5 3 1 9 8 8 8 7 8 5 0 9 9 7 4 0 5 7 9 9 7 4 3 2 6 2 0 2 7 8 3 7 7 3 6,9e05e0a442d5248651a48ee1c78a693829feda3f55cd61667b1b4daa9da662dc
supplement,8,13006,17,0.9192200557103064,5 4 0 1 6 9 9 2 0 6 6 3 1 1 7 0 8 9 5 8 0 9 1 6 5 5 3 4 1 9 8 9 8 3 4 3 3 6 1 6 5 4 4 5 4 9 8 9 9 1 1 7 3 0 4 7 8 9 0 5 1 7 6 2 1 4 3 1 1 3 2 7 3 6 1 7 5 9 6 2 7 2 2 2 2 3 4 0 2 7 8 4 7 2 2 6 3 8 1 9 2 8 0 4 1 6 1 4 7 5 1 2 9 4 5 4 5 3 6 3 5 2 3 0 0 2 7 9 9 6 9 7 5 0 9 2 6 3 4 3 6 6 7 1 6 5 6 7 8 0 0 7 2 5 3 9 0 3 7 8 1 8 6 2 6 3 3 9 7 5 0 0 7 3 1 6 3 5 8 4 3 2 2 5 5 1 6 4 6 7 5 3 6 9 6 7 1 1 1 7 8 6 0 9 4 3 2 1 1 0 0 9 2 5 4 0 3 1 5 4 9 0 9 4 6 0 4 0 3 8 2 6 7 0 1 4 8 7 2 2 7 6 5 5 9 2 0 4 4 8 7 4 7 8 4 2 7 9 8 6 4 6 9 9 6 0 9 1 8 0 5 0 3 9 7 5 2 2 1 9 7 8 7 4 4 6 5 4 1 1 3 1 3 2 9 4 8 5 5 4 2 2 9 1 5 3 0 0 6 7 1 5 7 0 5 6 0 0 0 8 7 4 9 2 5 9 1 9 8 8 8 7 8 5 0 9 9 7 4 0 5 7 9 9 7 4 3 2 6 2 0 2 7 8 3 7 7 3 6,f606f3e1f4b55823fcca8ca5b71c200942418911e5aca012ac04f71d8c023330
supplement,8,13006,18,0.9220055710306406,5 4 0 1 6 9 9 2 0 6 6 3 1 1 7 0 8 9 5 8 0 9 1 6 5 5 3 4 1 9 8 9 8 3 4 3 3 6 1 6 5 4 4 5 4 9 8 9 9 1 1 7 3 0 4 7 8 9 0 5 8 7 6 2 1 4 3 1 1 3 2 7 9 6 1 7 5 9 6 2 7 1 2 2 2 3 4 0 2 7 8 4 7 2 2 6 3 2 1 9 2 8 0 9 1 6 1 4 7 5 1 2 9 4 5 4 5 3 6 3 5 2 3 0 0 2 7 9 9 6 9 7 5 0 9 2 6 3 4 3 6 6 7 1 6 5 6 7 8 0 0 7 2 5 3 9 0 3 7 8 8 8 6 8 6 3 3 9 7 5 0 0 8 3 1 6 3 5 3 4 3 2 2 5 5 8 6 4 6 7 5 3 6 9 6 7 1 1 1 7 8 6 0 9 4 3 1 1 1 0 0 9 2 5 4 0 3 1 5 4 9 0 9 4 6 0 4 0 3 8 2 6 7 0 1 4 8 7 2 2 7 6 5 5 9 2 0 4 4 8 7 4 7 3 4 2 7 9 8 6 4 6 9 9 6 0 9 1 8 0 5 0 3 9 7 5 2 2 1 9 7 8 7 4 4 6 5 4 1 1 3 1 3 2 9 4 8 5 5 4 2 2 9 1 5 3 0 0 6 9 1 5 7 0 5 6 0 0 0 8 7 4 9 2 5 3 1 9 8 8 8 7 8 5 0 9 9 7 4 0 5 7 9 9 7 4 3 2 6 2 0 2 7 8 3 7 7 3 6,9d7864d55458deabeba0d6af0f894d62723ee59b63d67cb13862321d18e2f6de
supplement,8,13006,19,0.9164345403899722,5 4 0 1 6 9 9 2 0 6 6 3 1 1 7 0 8 9 5 8 0 9 1 6 5 5 3 4 1 9 8 9 8 3 4 3 3 6 1 6 5 4 4 5 4 9 8 9 9 8 1 7 9 0 4 7 8 9 0 5 1 7 6 2 1 4 3 1 1 3 2 7 9 6 1 7 5 9 6 2 7 1 2 2 2 3 4 0 2 7 8 4 7 2 2 6 3 1 1 9 2 8 0 4 1 6 1 4 7 5 1 2 9 4 5 4 5 3 6 3 5 2 3 0 0 2 7 9 9 6 9 7 5 0 9 2 6 9 4 3 6 6 7 1 6 5 6 7 8 0 0 7 2 5 3 9 0 3 7 8 1 8 6 2 6 3 3 1 7 5 0 0 7 3 1 6 3 5 3 4 3 2 2 5 5 8 6 4 6 7 5 3 6 9 6 7 1 1 1 7 8 6 0 9 4 3 2 1 1 0 0 9 2 5 4 0 3 1 5 4 9 0 9 4 6 0 4 0 3 8 2 6 7 0 1 4 8 7 2 2 7 6 5 5 9 2 0 4 4 8 7 4 7 8 4 2 7 9 8 6 4 6 9 9 6 0 9 1 8 0 5 0 3 9 7 5 2 2 1 9 7 8 7 4 4 6 5 4 1 1 3 1 3 2 9 4 8 9 5 4 2 2 9 1 5 3 0 0 6 7 1 5 7 0 5 6 0 0 0 8 7 4 9 2 5 3 1 9 8 8 8 7 8 5 0 9 9 7 4 0 5 7 9 9 7 4 3 2 6 2 0 2 7 8 3 7 7 3 6,1b56513ec1a208b145f3a5a2755309dd45b1daec97ba32adcf615507f9746972
supplement,8,13006,20,0.924791086350975,5 4 0 1 6 9 9 2 0 6 6 3 1 1 7 0 8 9 5 8 0 9 1 6 5 5 3 4 1 9 8 9 8 3 4 3 3 6 1 6 5 4 4 5 4 9 8 9 9 1 1 7 3 0 4 7 8 9 0 5 1 7 6 2 1 4 3 1 1 3 2 7 3 6 1 7 5 5 6 2 7 2 2 2 2 3 4 0 2 7 8 4 7 2 2 6 3 1 1 9 2 8 0 9 1 6 1 4 7 5 1 2 9 4 5 4 5 3 6 3 5 2 3 0 0 2 7 3 9 6 9 7 5 0 9 2 6 3 4 3 6 6 7 1 6 5 6 7 8 0 0 7 2 5 3 9 0 3 7 8 1 8 6 2 6 3 3 1 7 5 0 0 7 3 1 6 3 5 3 4 3 2 2 5 5 8 6 4 6 7 5 3 6 5 6 7 1 1 1 7 5 6 0 9 4 3 2 1 1 0 0 9 2 5 4 0 3 1 5 4 9 0 9 4 6 0 4 0 3 8 2 6 7 0 1 4 8 7 2 2 7 6 5 5 9 2 0 4 4 8 7 4 7 8 4 2 7 9 8 6 4 6 9 9 6 0 9 1 8 0 5 0 3 9 7 5 2 2 1 9 7 8 7 4 4 6 5 4 1 1 3 1 3 2 9 4 8 5 5 4 2 2 9 1 5 3 0 0 6 9 1 5 7 0 5 6 0 0 0 8 7 4 9 2 5 3 1 9 8 8 8 7 8 5 0 9 9 7 4 0 5 7 9 9 7 4 3 2 6 2 0 2 7 8 3 7 7 3 6,4e4ca9da36253be68549002ba886067d03595d7c8202fb66414c9ad53908bc0e
supplement,8,13007,1,0.5905292479108635,5 1 0 8 6 9 0 3 6 6 4 0 1 1 1 0 8 8 5 8 0 0 1 6 9 5 5 4 1 9 3 9 1 4 4 5 5 6 1 6 5 5 4 0 4 0 3 9 3 8 8 8 0 0 4 1 7 9 0 5 1 3 6 6 1 4 5 1 1 5 2 7 3 6 1 2 5 4 6 2 7 6 2 1 2 5 4 0 1 1 1 4 1 2 2 6 9 1 4 5 2 3 0 1 1 6 8 4 1 5 6 2 9 4 5 4 5 3 6 3 5 6 9 0 0 6 7 8 9 6 0 4 5 0 5 2 6 9 4 0 6 6 4 6 6 9 6 7 3 0 0 0 6 5 0 9 0 5 7 0 8 2 6 8 6 0 3 0 8 5 0 0 1 5 2 6 3 5 3 4 0 2 2 5 5 8 6 4 6 8 5 3 6 9 6 7 4 8 8 5 5 6 0 9 4 3 6 1 1 0 0 9 2 5 4 0 2 1 5 4 0 0 0 4 6 3 4 0 0 1 6 6 0 0 3 4 1 1 2 2 4 6 5 1 0 2 0 7 4 2 4 4 4 6 4 8 1 9 8 1 4 6 9 0 6 0 0 1 3 0 0 0 9 0 1 5 2 0 1 9 7 8 1 4 4 6 5 4 1 3 0 0 5 2 9 4 5 5 5 4 2 2 9 1 5 0 0 0 6 8 1 5 4 0 5 6 0 0 0 8 1 4 0 0 5 0 8 9 8 6 3 1 3 5 0 9 8 4 4 0 5 7 0 9 4 4 9 2 1 2 0 2 1 2 5 4 4 1 6,c3c689894a89c2844b1e75fd281894e3b70eae60ba1b0347d1fd51501ca7a9b3
supplement,8,13007,2,0.8245125348189415,5 4 0 1 6 9 3 2 6 6 6 3 1 1 7 0 8 8 5 5 0 3 1 6 9 5 2 4 1 9 1 9 8 3 4 2 3 6 1 6 5 4 4 5 4 9 1 9 9 1 2 5 3 0 4 7 7 9 0 5 1 7 6 2 1 4 3 1 1 3 2 7 3 6 1 7 5 5 6 2 7 1 2 2 2 5 4 0 2 5 8 4 7 2 2 6 3 1 1 5 2 6 0 5 1 6 1 4 7 5 1 2 9 4 5 4 5 3 6 3 5 2 3 0 0 2 7 6 9 6 9 7 5 0 5 2 6 3 4 3 6 6 7 1 6 5 6 7 8 0 0 7 2 5 3 9 0 3 7 1 8 8 6 2 6 3 3 1 7 5 0 0 7 3 1 6 3 5 2 4 3 2 2 5 5 8 6 4 6 5 5 3 6 9 6 7 1 1 1 4 5 6 0 9 4 3 1 1 1 0 0 9 2 5 4 0 3 1 5 4 9 0 9 4 6 0 4 0 3 1 2 6 5 0 1 4 8 7 2 2 7 6 5 5 9 2 0 4 4 2 7 4 7 6 4 2 7 9 8 6 4 6 9 3 6 0 9 1 2 0 5 0 3 9 7 5 2 3 1 9 7 2 7 4 4 6 5 4 1 3 3 1 3 2 9 4 5 5 5 4 2 2 9 1 5 3 0 0 6 5 1 5 7 0 5 6 0 0 0 1 8 4 7 3 5 3 1 9 8 8 5 7 8 5 0 9 9 7 4 0 5 7 9 9 7 4 9 2 6 2 0 2 7 2 3 7 7 1 6,b4269bbca3176bdc3bb9d1f323b53e8439c17a0b0063ff11d93de41be69b4a7c
supplement,8,13007,3,0.8635097493036211,5 4 0 1 6 9 3 2 0 6 6 3 1 1 7 0 8 8 5 8 0 3 1 6 9 5 2 4 1 9 1 9 8 3 4 3 3 6 1 6 5 4 4 6 4 9 1 9 9 1 2 7 3 0 4 7 8 9 0 5 1 7 6 2 1 4 3 1 1 3 2 7 9 6 1 7 5 5 6 2 7 1 2 2 2 3 4 0 2 7 8 4 7 2 2 6 3 1 1 5 2 8 0 7 1 6 1 4 7 5 1 2 9 4 5 4 5 3 6 3 5 2 3 0 0 2 7 9 9 6 9 7 5 0 9 2 6 3 4 3 6 6 7 1 6 5 6 7 8 0 0 7 2 5 3 9 0 3 7 8 1 1 6 2 6 3 3 1 7 5 0 0 7 3 1 6 3 5 3 4 3 2 2 5 5 8 6 4 6 7 5 0 6 9 6 7 1 1 1 7 5 6 0 9 4 3 1 1 1 0 0 9 2 5 4 0 3 1 5 4 9 0 9 4 6 0 4 0 3 1 2 6 7 0 1 4 8 7 2 2 7 6 5 5 9 2 0 4 4 2 7 4 7 8 4 2 7 9 8 6 4 6 9 9 6 0 9 1 1 0 5 0 3 3 7 5 2 3 1 9 7 2 7 4 4 6 5 4 1 9 3 1 3 2 9 4 2 5 5 4 2 2 9 1 5 3 0 0 6 7 1 5 7 0 5 6 0 0 0 1 7 4 7 2 5 3 1 9 8 8 5 7 8 5 0 9 9 7 4 0 5 7 9 9 7 4 3 2 6 2 0 2 7 2 3 7 7 2 6,dc1dd404103da4be5c6015905b0c9903cacd75f6dfdbcfd4af0de5c1675ec833
supplement,8,13007,4,0.8635097493036211,5 4 0 1 6 9 3 2 0 2 6 3 1 1 7 0 1 3 5 8 0 3 1 6 9 5 2 4 1 9 8 9 8 3 4 3 3 6 1 6 5 4 4 1 4 9 1 9 9 2 2 7 3 0 4 7 7 9 0 5 1 7 6 2 1 4 3 1 1 3 2 7 3 6 1 7 5 5 6 2 7 1 2 2 2 3 4 0 2 7 1 4 7 2 2 6 3 1 1 9 2 8 0 7 1 6 1 4 7 5 1 2 9 4 5 4 5 3 6 3 5 2 3 0 0 2 7 8 9 6 9 7 5 0 9 2 6 3 4 3 6 6 7 1 6 5 6 7 8 0 0 7 2 5 3 9 0 3 7 8 1 8 6 2 6 3 3 1 7 5 0 0 7 3 2 6 3 5 3 4 3 2 2 5 1 1 6 4 6 7 5 3 6 9 6 7 1 1 1 7 5 6 0 9 4 3 2 1 1 0 0 9 2 5 4 0 3 1 5 4 9 0 9 4 6 0 4 0 3 8 2 6 7 0 1 4 8 7 2 2 7 6 5 5 9 2 0 4 4 2 7 4 7 3 4 2 7 9 8 6 4 6 9 3 6 0 9 1 1 0 5 0 3 3 7 5 2 3 1 9 7 2 7 4 4 6 5 4 1 9 3 1 3 2 9 4 5 5 5 4 2 2 9 1 5 3 0 0 6 7 1 5 7 0 5 6 0 0 0 1 7 4 7 2 5 3 1 9 8 8 5 7 8 5 0 9 9 7 4 0 5 7 9 9 7 4 3 2 6 2 0 2 7 2 3 7 7 1 6,8e73a9957a0f4da538892e80fc8a479e94e461f84116da3a0bb210ebab34a202
supplement,8,13007,5,0.8607242339832869,5 4 0 1 6 9 9 2 6 6 6 3 1 1 7 0 2 9 5 8 0 3 1 6 9 5 2 4 1 9 8 9 8 3 4 3 3 6 1 6 5 4 4 5 4 9 1 9 9 1 2 7 3 0 4 7 7 9 0 5 1 7 6 2 1 4 3 1 1 3 2 7 9 6 1 7 5 5 6 2 7 1 2 2 2 3 4 0 2 7 1 4 7 2 2 6 3 1 1 9 2 8 0 7 1 6 1 4 7 5 1 2 9 4 5 4 5 3 6 3 5 2 3 0 0 2 7 9 9 6 9 7 5 0 9 2 6 3 4 3 6 6 7 1 6 9 6 7 8 0 0 7 2 5 3 9 0 3 7 8 1 6 6 2 6 3 3 1 7 5 0 0 7 3 1 6 3 5 3 4 3 2 2 5 5 1 6 4 6 7 5 3 6 9 6 7 1 1 1 7 5 6 0 9 4 3 1 1 1 0 0 9 2 5 4 0 3 1 5 4 9 0 9 4 6 0 4 0 3 8 2 6 7 0 1 4 8 7 2 2 7 6 5 5 9 2 0 4 4 2 7 4 7 3 4 2 7 9 8 6 4 6 9 9 6 0 9 7 8 0 5 0 3 9 7 5 2 3 1 9 7 2 7 4 4 6 5 4 2 9 3 1 3 2 9 4 3 5 5 4 2 2 9 1 5 3 0 0 6 7 1 5 7 0 5 6 0 0 0 1 7 4 7 2 5 3 1 9 8 8 5 7 8 5 0 9 9 7 4 0 5 7 9 9 7 4 3 2 6 2 0 2 7 2 3 7 7 2 6,61b1cb3f32462fd76c833d4f8411f3908d771103a41487f9b54edee5b4383fa3
supplement,8,13007,6,0.883008356545961,5 4 0 1 6 9 9 2 0 6 6 3 1 1 7 0 8 8 5 8 0 3 1 6 9 5 3 4 1 9 8 9 8 3 4 3 3 6 1 6 5 4 4 5 4 9 1 9 9 1 2 7 3 0 4 7 8 9 0 5 1 7 6 2 2 4 3 1 1 3 2 7 9 6 1 7 5 5 6 2 7 1 2 2 2 3 4 0 2 7 8 4 7 2 2 6 3 1 1 9 2 8 0 7 1 6 1 4 7 5 1 2 9 4 5 4 5 3 6 3 5 2 3 0 0 2 7 8 9 6 9 7 5 0 9 2 6 3 4 3 6 6 7 1 6 9 6 7 8 0 0 7 2 5 3 9 0 3 7 8 1 8 6 2 6 3 3 1 7 5 0 0 7 3 1 6 3 5 8 4 3 2 2 5 5 1 6 4 6 7 5 0 6 9 6 7 1 1 1 7 5 6 0 9 4 3 2 1 1 0 0 9 2 5 4 0 3 1 5 4 9 0 9 4 6 0 4 0 3 8 2 6 7 0 1 4 8 7 2 2 7 6 5 5 9 2 0 4 4 2 7 4 7 3 4 2 7 9 8 6 4 6 9 9 6 0 9 7 8 0 5 0 3 9 7 5 2 3 1 9 7 8 7 4 4 6 5 4 1 9 3 1 3 2 9 4 3 5 5 4 2 2 9 1 5 3 0 0 6 7 1 5 7 0 5 6 0 0 0 1 7 4 9 3 5 3 1 9 8 8 8 7 8 5 0 9 9 7 4 0 5 7 9 9 7 4 3 2 6 2 0 2 7 8 3 7 7 2 6,fe5e5937290f456fb4f06872efaaa511d90829ee8ece121ea7ced787249d1fd0
supplement,8,13007,7,0.8802228412256268,5 4 0 1 6 9 9 2 6 6 6 3 1 1 7 0 8 9 5 8 0 3 1 6 9 5 2 4 1 9 8 9 8 3 4 3 3 6 1 6 5 4 4 5 4 9 1 9 9 1 1 7 3 0 4 7 8 9 0 5 1 7 6 2 1 4 3 1 1 3 2 7 9 6 1 7 5 5 6 2 7 1 2 2 2 3 4 0 2 7 8 4 7 2 2 6 3 1 1 9 2 8 0 7 1 6 1 4 7 5 1 2 9 4 5 4 5 3 6 3 5 2 3 0 0 2 7 9 9 6 9 7 5 0 9 2 6 3 4 3 6 6 7 1 6 5 6 7 8 0 0 7 2 5 3 9 0 3 7 8 8 8 6 8 6 3 3 1 7 5 0 0 7 3 1 6 3 5 3 4 3 2 2 5 5 1 6 4 6 7 5 3 6 9 6 7 1 1 1 7 5 6 0 9 4 3 1 1 1 0 0 9 2 5 4 0 3 1 5 4 9 0 9 4 6 0 4 0 3 8 2 6 7 0 1 4 8 7 2 2 7 6 5 5 9 2 0 4 4 8 7 4 7 3 4 2 7 9 8 6 4 6 9 9 6 0 9 1 8 0 5 0 3 9 7 5 2 9 1 9 7 8 7 4 4 6 5 4 1 9 3 1 3 2 9 4 3 5 5 4 2 2 9 1 5 3 0 0 6 7 1 5 7 0 5 6 0 0 0 1 5 4 7 3 5 3 1 9 8 8 8 7 8 5 0 9 9 7 4 0 5 7 9 9 7 4 9 2 6 2 0 2 7 8 3 7 7 3 6,a3816b6dc2a0c90543606809e6f4158ec78eeef1b99d099af5b88e9bc01590e2
supplement,8,13007,8,0.8802228412256268,5 4 0 1 6 9 9 2 6 6 6 3 1 1 7 0 8 5 5 8 0 3 1 6 5 5 3 4 1 9 8 9 8 3 4 3 3 6 1 6 5 4 4 5 4 9 1 9 9 1 2 7 3 0 4 7 8 9 0 5 8 7 6 2 2 4 3 1 1 3 2 7 9 6 1 7 5 5 6 2 7 1 2 2 2 3 4 0 2 7 8 4 7 2 2 6 3 1 1 9 2 8 0 7 1 6 1 4 7 5 1 2 9 4 5 4 5 3 6 3 5 2 3 0 0 2 7 9 9 6 9 7 5 0 9 2 6 3 4 3 6 6 7 1 6 5 6 7 8 0 0 7 2 5 3 9 0 3 7 8 8 8 6 8 6 3 3 1 7 5 0 0 7 3 1 6 3 5 3 4 3 2 2 5 5 1 6 4 6 7 5 3 6 9 6 7 1 1 1 7 5 6 0 9 4 3 2 1 1 0 0 9 2 5 4 0 3 1 5 4 9 0 9 4 6 0 4 0 3 8 2 6 7 0 1 4 8 7 2 2 7 6 5 5 9 2 0 4 4 8 7 4 7 3 4 2 7 9 8 6 4 6 9 9 6 0 9 7 8 0 5 0 3 9 7 5 2 3 1 9 7 8 7 4 4 6 5 4 1 9 3 1 3 2 9 4 8 5 5 4 2 2 9 1 5 3 0 0 6 7 1 5 7 0 5 6 0 0 0 1 5 4 9 3 5 3 1 9 8 8 8 7 8 5 0 9 9 7 4 0 5 7 9 9 7 4 3 2 6 2 0 2 7 8 3 7 7 1 6,cdd45cd04c82ec5a5506ca8aaf646f79d5d20cb1675e9e52836a99b044df7c08
supplement,8,13007,9,0.8913649025069638,5 4 0 1 6 9 9 2 6 6 6 3 1 1 7 0 8 9 5 8 0 3 1 6 5 5 3 4 1 9 8 9 8 3 4 3 3 6 1 6 5 4 4 5 4 9 1 9 9 1 1 7 3 0 4 7 8 9 0 5 1 7 6 2 1 4 3 1 1 3 2 7 9 6 1 7 5 8 6 2 7 1 2 2 2 3 4 0 2 7 8 4 7 2 2 6 3 1 1 9 2 8 0 7 1 6 1 4 7 5 1 2 9 4 5 4 5 3 6 3 5 2 3 0 0 2 7 9 9 6 9 7 5 0 9 2 6 3 4 3 6 6 7 1 6 5 6 7 8 0 0 7 2 5 3 9 0 3 7 8 8 6 6 8 6 3 3 1 7 5 0 0 7 3 1 6 3 5 3 4 3 2 2 5 5 1 6 4 6 7 5 3 6 9 6 7 1 1 1 7 5 6 0 9 4 3 1 1 1 0 0 9 2 5 4 0 3 1 5 4 9 0 9 4 6 0 4 0 3 8 2 6 7 0 1 4 8 7 2 2 7 6 5 5 9 2 0 4 4 8 7 4 7 3 4 2 7 9 8 6 4 6 9 9 6 0 9 1 8 0 5 0 3 9 7 5 2 3 1 9 7 8 7 4 4 6 5 4 1 9 3 1 3 2 9 4 8 5 5 4 2 2 9 1 5 3 0 0 6 7 1 5 7 0 5 6 0 0 0 1 7 4 9 2 5 9 1 9 8 8 8 7 8 5 0 9 9 7 4 0 5 7 9 9 7 4 3 2 6 2 0 2 7 8 3 7 7 3 6,14a2607675d7ef8b180dae1137bdf7f95a72558b78eaa266de6dd4d95d5979a6
supplement,8,13007,10,0.8997214484679665,5 4 0 1 6 9 9 2 0 6 1 3 1 1 7 0 8 9 5 8 0 9 1 6 5 5 3 4 1 9 8 9 8 3 4 3 3 6 1 6 5 4 4 5 4 9 1 9 9 1 1 7 3 0 4 7 8 9 0 5 1 7 6 2 1 4 3 1 1 3 2 7 9 6 1 7 5 5 6 2 7 1 2 2 2 3 4 0 2 7 8 4 7 2 2 6 3 1 1 9 2 8 0 7 1 6 1 4 7 5 1 2 9 4 5 4 5 3 6 3 5 2 3 0 0 2 7 9 9 6 9 7 5 0 9 2 6 3 4 3 6 6 7 1 6 5 6 7 8 0 0 7 2 5 3 9 0 3 7 8 1 6 6 8 6 3 3 1 7 5 0 0 7 3 1 6 3 5 3 4 3 2 2 5 5 1 6 4 6 7 5 3 6 5 6 7 1 1 1 7 5 6 0 9 4 3 1 1 1 0 0 9 2 5 4 0 3 1 5 4 9 0 9 4 6 0 4 0 3 8 2 6 7 0 1 4 8 7 2 2 7 6 5 5 9 2 0 4 4 8 7 4 7 3 4 2 7 9 8 6 4 6 9 9 6 0 9 1 8 0 5 0 3 9 7 5 2 3 1 9 7 8 7 4 4 6 5 4 1 9 3 1 3 2 9 4 8 5 5 4 2 2 9 1 5 3 0 0 6 7 1 5 7 0 5 6 0 0 0 1 5 4 9 2 5 3 1 9 8 8 8 7 8 5 0 9 9 7 4 0 5 7 9 9 7 4 3 2 6 2 0 2 7 8 3 7 7 1 6,0b8929c0e5292eb53e9a75fccc1aaa625f25a7b7edc1aa3f5fb42f62c48728f3
supplement,8,13007,11,0.9052924791086351,5 4 0 1 6 9 9 2 6 6 6 3 1 1 7 0 8 9 5 8 0 3 1 6 5 5 3 4 1 9 8 9 8 3 4 3 3 6 1 6 5 4 4 5 4 9 1 9 9 1 1 7 3 0 4 7 8 9 0 5 1 7 6 2 1 4 3 1 1 3 2 7 9 6 1 7 5 5 6 2 7 1 2 2 2 3 4 0 2 7 8 4 7 2 2 6 3 1 1 9 2 8 0 7 1 6 1 4 7 5 1 2 9 4 5 4 5 3 6 3 5 2 3 0 0 2 7 9 9 6 9 7 5 0 9 2 6 3 4 3 6 6 7 1 6 5 6 7 8 0 0 7 2 5 3 9 0 3 7 8 1 8 6 8 6 3 3 1 7 5 0 0 7 3 1 6 3 5 8 4 3 2 2 5 5 1 6 4 6 7 5 3 6 5 6 7 1 1 1 7 5 6 0 9 4 3 1 1 1 0 0 9 2 5 4 0 3 1 5 4 9 0 9 4 6 0 4 0 3 8 2 6 7 0 1 4 8 7 2 2 7 6 5 5 9 2 0 4 4 8 7 4 7 3 4 2 7 9 8 6 4 6 9 9 6 0 9 7 8 0 5 0 3 9 7 5 2 2 1 9 7 8 7 4 4 6 5 4 1 1 3 1 3 2 9 4 8 5 5 4 2 2 9 1 5 3 0 0 6 7 1 5 7 0 5 6 0 0 0 1 7 4 9 2 5 3 1 9 8 8 8 7 8 5 0 9 9 7 4 0 5 7 9 9 7 4 3 2 6 2 0 2 7 8 3 7 7 1 6,0bca0560883f0935470bc91d2a1df9d6b9fa66cbfd3e2ee310d7f25e638e1818
supplement,8,13007,12,0.9025069637883009,5 4 0 1 6 9 9 2 6 6 6 3 1 1 7 0 8 9 5 8 0 3 1 6 5 5 3 4 1 9 8 9 8 3 4 3 3 6 1 6 5 4 4 5 4 9 8 9 9 1 1 7 9 0 4 7 8 9 0 5 8 7 6 2 1 4 3 1 1 3 2 7 9 6 1 7 5 5 6 2 7 1 2 2 2 3 4 0 2 7 8 4 7 2 2 6 3 1 1 9 2 8 0 7 1 6 1 4 7 5 1 2 9 4 5 4 5 3 6 3 5 2 3 0 0 2 7 9 9 6 9 7 5 0 9 2 6 3 4 3 6 6 7 1 6 5 6 7 8 0 0 7 2 5 3 9 0 3 7 8 8 8 6 8 6 3 3 1 7 5 0 0 8 3 1 6 3 5 8 4 3 2 2 5 5 1 6 4 6 7 5 3 6 5 6 7 1 1 1 7 5 6 0 9 4 3 1 1 1 0 0 9 2 5 4 0 3 1 5 4 9 0 9 4 6 0 4 0 3 8 2 6 7 0 1 4 8 7 2 2 7 6 5 5 9 2 0 4 4 8 7 4 7 3 4 2 7 9 8 6 4 6 9 9 6 0 9 7 8 0 5 0 3 9 7 5 2 3 1 9 7 8 7 4 4 6 5 4 1 1 3 1 3 2 9 4 8 5 5 4 2 2 9 1 5 3 0 0 6 7 1 5 7 0 5 6 0 0 0 8 7 4 9 2 5 3 1 9 8 8 8 7 8 5 0 9 9 7 4 0 5 7 9 9 7 4 3 2 6 2 0 2 7 8 3 7 7 3 6,67fbfa4637dbe8454eca22cafa1c5fb60db5d4aee09d092ccfc70bc12908a67e
supplement,8,13007,13,0.8997214484679665,5 4 0 1 6 9 9 2 0 6 6 3 1 1 7 0 8 9 5 8 0 3 1 6 9 5 3 4 1 9 8 9 8 3 4 3 3 6 1 6 5 4 4 5 4 9 1 9 9 1 1 7 3 0 4 7 8 9 0 5 1 7 6 2 1 4 3 1 1 3 2 7 3 6 1 7 5 8 6 2 7 1 2 2 2 3 4 0 2 7 8 4 7 2 2 6 3 1 1 9 2 8 0 7 1 6 1 4 7 5 1 2 9 4 5 4 5 3 6 3 5 2 3 0 0 2 7 9 9 6 9 7 5 0 9 2 6 3 4 3 6 6 7 1 6 5 6 7 8 0 0 7 2 5 3 9 0 3 7 8 1 8 6 8 6 3 3 1 7 5 0 0 8 3 1 6 3 5 8 4 3 2 2 5 5 1 6 4 6 7 5 3 6 9 6 7 1 1 1 7 5 6 0 9 4 3 2 1 1 0 0 9 2 5 4 0 3 1 5 4 9 0 9 4 6 0 4 0 3 8 2 6 7 0 1 4 8 7 2 2 7 6 5 5 9 2 0 4 4 8 7 4 7 8 4 2 7 9 8 6 4 6 9 9 6 0 9 1 8 0 5 0 3 9 7 5 2 2 1 9 7 8 7 4 4 6 5 4 1 9 3 1 3 2 9 4 8 5 5 4 2 2 9 1 5 3 0 0 6 7 1 5 7 0 5 6 0 0 0 1 7 4 9 2 5 3 1 9 8 8 8 7 8 5 0 9 9 7 4 0 5 7 9 9 7 4 3 2 6 2 0 2 7 8 3 7 7 1 6,2613d8d6bdc43ffdf1cf7358e2af8db38a61f7d2187330cef71f77741d6eb910
supplement,8,13007,14,0.9052924791086351,5 4 0 1 6 9 9 2 0 6 6 3 1 1 7 0 8 9 5 8 0 3 1 6 5 5 3 4 1 9 8 9 8 3 4 3 3 6 1 6 5 4 4 5 4 9 1 9 9 8 1 7 3 0 4 7 8 9 0 5 1 7 6 2 1 4 3 1 1 3 2 7 3 6 1 7 5 8 6 2 7 1 2 2 2 3 4 0 2 7 8 4 7 2 2 6 3 1 1 9 2 8 0 7 1 6 1 4 7 5 1 2 9 4 5 4 5 3 6 3 5 2 3 0 0 2 7 9 9 6 9 7 5 0 9 2 6 3 4 3 6 6 7 1 6 5 6 7 8 0 0 7 2 5 3 9 0 3 7 8 1 8 6 8 6 3 3 1 7 5 0 0 8 3 1 6 3 5 8 4 3 2 2 5 5 1 6 4 6 7 5 3 6 9 6 7 1 1 1 7 5 6 0 9 4 3 1 1 1 0 0 9 2 5 4 0 3 1 5 4 9 0 9 4 6 0 4 0 3 8 2 6 7 0 1 4 8 7 2 2 7 6 5 5 9 2 0 4 4 8 7 4 7 3 4 2 7 9 8 6 4 6 9 9 6 0 9 7 8 0 5 0 3 9 7 5 2 3 1 9 7 8 7 4 4 6 5 4 1 1 3 1 3 2 9 4 8 5 5 4 2 2 9 1 5 3 0 0 6 7 1 5 7 0 5 6 0 0 0 8 7 4 9 2 5 3 1 9 8 8 8 7 8 5 0 9 9 7 4 0 5 7 9 9 7 4 3 2 6 2 0 2 7 8 3 7 7 3 6,6c425779fc6ff32ac45256152f7bbce4ae2cf752b66e47e17b8ffc9baef4838f
supplement,8,13007,15,0.9080779944289693,5 4 0 1 6 9 9 2 0 6 6 3 1 1 7 0 8 9 5 8 0 3 1 6 5 5 3 4 1 9 8 9 8 3 4 3 3 6 1 6 5 4 4 5 4 9 1 9 9 1 1 7 3 0 4 7 8 9 0 5 1 7 6 2 1 4 3 1 1 3 2 7 9 6 1 7 5 5 6 2 7 1 2 2 2 3 4 0 2 7 8 4 7 2 2 6 3 1 1 9 2 8 0 7 1 6 1 4 7 5 1 2 9 4 5 4 5 3 6 3 5 2 3 0 0 2 7 9 9 6 9 7 5 0 9 2 6 3 4 3 6 6 7 1 6 5 6 7 8 0 0 7 2 5 3 9 0 3 7 8 1 8 6 8 6 3 3 1 7 5 0 0 7 3 1 6 3 5 3 4 3 2 2 5 5 1 6 4 6 7 5 3 6 5 6 7 1 1 1 7 8 6 0 9 4 3 1 1 1 0 0 9 2 5 4 0 3 1 5 4 9 0 9 4 6 0 4 0 3 8 2 6 7 0 1 4 8 7 2 2 7 6 5 5 9 2 0 4 4 8 7 4 7 3 4 2 7 9 8 6 4 6 9 9 6 0 9 7 8 0 5 0 3 9 7 5 2 3 1 9 7 8 7 4 4 6 5 4 1 1 3 1 3 2 9 4 8 5 5 4 2 2 9 1 5 3 0 0 6 7 1 5 7 0 5 6 0 0 0 1 7 4 9 2 5 3 1 9 8 8 8 7 8 5 0 9 9 7 4 0 5 7 9 9 7 4 3 2 6 2 0 2 7 8 3 7 7 3 6,55a22502e05e0f1522ca38e0dd7f921e3925a93b17e4005e001a1551b1f79aba
supplement,8,13007,16,0.9025069637883009,5 4 0 1 6 9 9 2 0 6 6 3 1 1 7 0 8 8 5 8 0 3 1 6 5 5 3 4 1 9 8 9 8 3 4 3 3 6 1 6 5 4 4 5 4 9 1 9 9 1 1 7 3 0 4 7 8 9 0 5 1 7 6 2 1 4 3 1 1 3 2 7 3 6 1 7 5 8 6 2 7 1 2 2 2 3 4 0 2 7 8 4 7 2 2 6 3 1 1 9 2 8 0 5 1 6 1 4 7 5 1 2 9 4 5 4 5 3 6 3 5 2 3 0 0 2 7 9 9 6 9 7 5 0 9 2 6 3 4 3 6 6 7 1 6 5 6 7 8 0 0 7 2 5 3 9 0 3 7 8 1 8 6 8 6 3 3 1 7 5 0 0 7 3 1 6 3 5 3 4 3 2 2 5 5 1 6 4 6 7 5 3 6 5 6 7 1 1 1 7 5 6 0 9 4 3 2 1 1 0 0 9 2 5 4 0 3 1 5 4 9 0 9 4 6 0 4 0 3 8 2 6 7 0 1 4 8 7 2 2 7 6 5 5 9 2 0 4 4 8 7 4 7 3 4 2 7 9 8 6 4 6 9 9 6 0 9 7 8 0 5 0 3 9 7 5 2 2 1 9 7 8 7 4 4 6 5 4 1 1 3 1 3 2 9 4 8 5 5 4 2 2 9 1 5 3 0 0 6 7 1 5 7 0 5 6 0 0 0 1 7 4 9 2 5 3 1 9 8 8 8 7 8 5 0 9 9 7 4 0 5 7 9 9 7 4 3 2 6 2 0 2 7 8 3 7 7 1 6,9645c2820a1252f5595623cc3799e5bbc6138d4d88b95701a930a3e298180c2b
supplement,8,13007,17,0.9220055710306406,5 4 0 1 6 9 9 2 0 6 6 3 1 1 7 0 8 9 5 8 0 3 1 6 5 5 3 4 1 9 8 9 8 3 4 3 3 6 1 6 5 4 4 5 4 9 8 9 9 1 1 7 3 0 4 7 8 9 0 5 1 7 6 2 1 4 3 1 1 3 2 7 9 6 1 7 5 5 6 2 7 1 2 2 2 3 4 0 2 7 8 4 7 2 2 6 3 1 1 9 2 8 0 7 1 6 1 4 7 5 1 2 9 4 5 4 5 3 6 3 5 2 3 0 0 2 7 9 9 6 9 7 5 0 9 2 6 3 4 3 6 6 7 1 6 5 6 7 8 0 0 7 2 5 3 9 0 3 7 8 1 8 6 8 6 3 3 1 7 5 0 0 8 3 1 6 3 5 8 4 3 2 2 5 5 1 6 4 6 7 5 3 6 5 6 7 1 1 1 7 8 6 0 9 4 3 1 1 1 0 0 9 2 5 4 0 3 1 5 4 9 0 9 4 6 0 4 0 3 8 2 6 7 0 1 4 8 7 2 2 7 6 5 5 9 2 0 4 4 8 7 4 7 8 4 2 7 9 8 6 4 6 9 9 6 0 9 1 8 0 5 0 3 9 7 5 2 2 1 9 7 8 7 4 4 6 5 4 1 1 3 1 3 2 9 4 8 5 5 4 2 2 9 1 5 3 0 0 6 7 1 5 7 0 5 6 0 0 0 1 7 4 9 2 5 3 1 9 8 8 8 7 8 5 0 9 9 7 4 0 5 7 9 9 7 4 3 2 6 2 0 2 7 8 3 7 7 3 6,79fe29f8b4fbc7d06b71e8d78054c24d79e524ef2175f808a971a12c7f2f87b4
supplement,8,13007,18,0.9052924791086351,5 4 0 1 6 9 9 2 6 6 6 3 1 1 7 0 8 9 5 8 0 3 1 6 9 5 3 4 1 9 8 9 8 3 4 3 3 6 1 6 5 4 4 5 4 9 8 9 9 8 1 7 9 0 4 7 8 9 0 5 1 7 6 2 1 4 3 1 1 3 2 7 9 6 1 7 5 8 6 2 7 1 2 2 2 3 4 0 2 7 8 4 7 2 2 6 3 1 1 9 2 8 0 7 1 6 1 4 7 5 1 2 9 4 5 4 5 3 6 3 5 2 3 0 0 2 7 9 9 6 9 7 5 0 9 2 6 3 4 3 6 6 7 1 6 5 6 7 8 0 0 7 2 5 3 9 0 3 7 8 1 8 6 8 6 3 3 1 7 5 0 0 7 3 1 6 3 5 8 4 3 2 2 5 5 1 6 4 6 7 5 3 6 5 6 7 1 1 1 7 8 6 0 9 4 3 1 1 1 0 0 9 2 5 4 0 3 1 5 4 9 0 9 4 6 0 4 0 3 8 2 6 7 0 1 4 8 7 2 2 7 6 5 5 9 2 0 4 4 8 7 4 7 8 4 2 7 9 8 6 4 6 9 9 6 0 9 1 8 0 5 0 3 9 7 5 2 3 1 9 7 8 7 4 4 6 5 4 1 1 3 1 3 2 9 4 8 9 5 4 2 2 9 1 5 3 0 0 6 7 1 5 7 0 5 6 0 0 0 1 5 4 9 2 5 3 1 9 8 8 8 7 8 5 0 9 9 7 4 0 5 7 9 9 7 4 3 2 6 2 0 2 7 8 3 7 7 1 6,86fa21aa39cb608a61a73df054b9372f2bd86b81deacd318fd55776ba0f8fc00
supplement,8,13007,19,0.9108635097493036,5 4 0 1 6 9 9 2 0 6 6 3 1 1 7 0 8 9 5 8 0 3 1 6 5 5 3 4 1 9 8 9 8 3 4 3 3 6 1 6 5 4 4 5 4 9 1 9 9 8 1 7 3 0 4 7 8 9 0 5 1 7 6 2 1 4 3 1 1 3 2 7 3 6 1 7 5 8 6 2 7 1 2 2 2 3 4 0 2 7 8 4 7 2 2 6 3 1 1 9 2 8 0 8 1 6 1 4 7 5 1 2 9 4 5 4 5 3 6 3 5 2 3 0 0 2 7 9 9 6 9 7 5 0 9 2 6 3 4 3 6 6 7 1 6 5 6 7 8 0 0 7 2 5 3 9 0 3 7 8 1 8 6 8 6 3 3 1 7 5 0 0 8 3 1 6 3 5 8 4 3 2 2 5 5 1 6 4 6 7 5 3 6 9 6 7 1 1 1 7 8 6 0 9 4 3 2 1 1 0 0 9 2 5 4 0 3 1 5 4 9 0 9 4 6 0 4 0 3 8 2 6 7 0 1 4 8 7 2 2 7 6 5 5 9 2 0 4 4 8 7 4 7 3 4 2 7 9 8 6 4 6 9 9 6 0 9 1 8 0 5 0 3 9 7 5 2 3 1 9 7 8 7 4 4 6 5 4 1 1 3 1 3 2 9 4 8 5 5 4 2 2 9 1 5 3 0 0 6 7 1 5 7 0 5 6 0 0 0 8 5 4 9 2 5 3 1 9 8 8 8 7 8 5 0 9 9 7 4 0 5 7 9 9 7 4 3 2 6 2 0 2 7 8 3 7 7 3 6,6661be20383ac3ef650018d99758ec083384be45a856b0645795bd89253666bb
supplement,8,13007,20,0.9080779944289693,5 4 0 1 6 9 9 2 6 6 6 3 1 1 7 0 8 8 5 8 0 3 1 6 5 5 3 4 1 9 8 9 8 3 4 3 3 6 1 6 5 4 4 5 4 9 1 9 9 1 1 7 9 0 4 7 8 9 0 5 1 7 6 2 1 4 3 1 1 3 2 7 9 6 1 7 5 9 6 2 7 1 2 2 2 3 4 0 2 7 8 4 7 2 2 6 3 1 1 9 2 8 0 7 1 6 1 4 7 5 1 2 9 4 5 4 5 3 6 3 5 2 3 0 0 2 7 9 9 6 9 7 5 0 9 2 6 3 4 3 6 6 7 1 6 5 6 7 8 0 0 7 2 5 3 9 0 3 7 8 1 8 6 8 6 3 3 1 7 5 0 0 8 3 1 6 3 5 8 4 3 2 2 5 5 1 6 4 6 7 5 3 6 9 6 7 1 1 1 7 5 6 0 9 4 3 2 1 1 0 0 9 2 5 4 0 3 1 5 4 9 0 9 4 6 0 4 0 3 8 2 6 7 0 1 4 8 7 2 2 7 6 5 5 9 2 0 4 4 8 7 4 7 8 4 2 7 9 8 6 4 6 9 9 6 0 9 1 8 0 5 0 3 9 7 5 2 3 1 9 7 8 7 4 4 6 5 4 1 1 3 1 3 2 9 4 8 5 5 4 2 2 9 1 5 3 0 0 6 7 1 5 7 0 5 6 0 0 0 8 7 4 9 2 5 9 1 9 8 8 8 7 8 5 0 9 9 7 4 0 5 7 9 9 7 4 3 2 6 2 0 2 7 8 3 7 7 3 6,c3ea75a8dbe975c89cde0062d9d6c32cf5a8662f29b03e13f61a1d86688c66fa
supplement,8,13008,1,0.5598885793871866,5 4 0 2 0 8 9 2 6 6 1 8 1 2 2 0 8 9 5 2 0 8 7 6 5 5 2 1 1 8 8 9 8 8 4 3 2 6 8 6 1 6 1 5 4 8 8 8 9 9 2 7 9 0 6 7 5 9 0 5 1 7 6 8 1 4 3 1 9 3 2 7 9 6 7 7 5 9 6 2 5 0 3 8 3 3 1 0 2 7 2 0 5 2 8 6 8 1 9 9 2 8 5 5 1 6 9 6 7 5 8 2 9 0 5 4 5 8 6 3 5 2 3 0 0 2 7 2 8 6 9 7 5 0 9 2 6 8 4 8 0 6 9 1 6 8 6 7 8 0 0 3 8 5 1 8 0 3 7 9 1 6 6 2 6 8 3 9 2 5 8 0 2 3 1 6 8 5 8 4 3 2 2 5 8 2 6 1 6 7 5 8 6 8 6 7 9 5 9 1 5 6 0 8 4 8 1 7 1 0 5 2 2 5 1 0 2 9 5 4 9 8 8 1 6 8 4 0 1 1 2 6 2 0 9 4 8 9 2 2 9 6 5 5 8 2 0 7 1 9 7 1 4 5 1 3 7 2 2 6 0 6 9 0 6 8 8 9 6 0 5 0 3 8 2 5 2 0 2 2 2 2 7 4 1 6 5 7 1 0 3 9 0 2 9 4 2 8 5 1 2 2 4 2 5 8 0 0 6 9 1 5 7 8 5 6 0 0 9 9 5 4 9 3 5 6 1 8 9 5 9 7 8 5 0 8 8 9 4 0 5 5 8 8 7 4 3 2 6 2 0 0 7 2 1 7 7 3 6,f50cb983f8ab7852d081f202ad22e82ce0cac6a1e360c3bcd0720db52d941e15
supplement,8,13008,2,0.8217270194986073,5 4 0 1 6 3 9 2 6 6 6 3 1 1 7 0 1 9 5 8 0 9 1 6 5 5 3 4 1 9 1 9 8 3 4 2 3 6 1 6 5 4 4 5 4 9 1 9 9 1 1 7 3 0 4 7 5 3 0 5 1 7 6 2 1 4 3 1 1 3 2 7 3 6 1 7 5 7 6 2 7 1 2 2 2 3 4 0 2 7 8 4 7 2 2 6 3 1 1 9 2 8 0 7 1 6 1 4 7 5 1 2 9 4 5 4 5 3 6 3 5 2 3 0 0 2 7 3 9 6 9 7 5 0 9 2 6 3 4 3 6 6 4 1 6 5 6 7 8 0 0 7 2 5 3 9 0 3 7 1 7 6 6 2 6 3 3 9 7 5 0 0 7 3 1 6 3 5 3 4 3 2 2 5 3 1 6 4 6 7 5 3 6 3 6 7 1 2 1 7 5 6 0 9 4 3 1 7 1 0 0 3 2 5 4 0 3 1 5 4 9 0 3 4 6 0 4 0 3 7 2 6 7 0 1 4 3 7 2 2 7 6 5 5 9 2 0 4 4 2 7 4 4 3 4 2 7 9 2 6 4 6 9 9 6 0 9 7 6 0 5 0 3 9 7 5 2 0 1 3 7 2 7 4 4 6 5 5 1 9 3 1 3 2 9 4 3 9 5 4 2 2 9 1 5 3 0 0 6 9 1 5 7 0 5 6 0 0 0 1 5 4 9 2 5 3 1 9 8 8 1 7 8 5 0 9 9 7 4 0 5 7 0 9 7 4 3 2 6 2 0 2 7 2 3 7 7 1 6,9654912faf4758aa5919d7c51dea2438717e33e11e418bd4904fd153f7046df7
supplement,8,13008,3,0.8551532033426184,5 4 0 1 6 9 3 2 6 6 6 3 1 1 7 0 1 9 5 8 0 9 1 6 5 5 7 4 1 9 8 9 8 3 4 3 3 6 1 6 5 4 4 5 4 9 1 9 9 1 1 7 3 0 4 7 7 3 0 5 1 7 6 2 1 4 3 1 1 3 2 7 3 6 1 7 5 9 6 2 7 1 2 2 2 3 4 0 2 7 8 4 7 2 2 6 3 1 1 9 2 8 0 5 1 6 1 4 7 5 1 2 9 4 5 4 5 3 6 3 5 2 3 0 0 2 7 3 9 6 9 7 5 0 9 2 6 3 4 3 6 6 7 1 6 5 6 7 8 0 0 7 2 5 3 9 0 3 7 1 1 6 6 2 6 3 3 9 7 5 0 0 7 3 1 6 3 5 3 4 3 2 2 5 5 1 6 4 6 7 5 3 6 3 6 7 1 1 1 7 5 6 0 9 4 3 1 1 1 0 0 3 2 5 4 0 3 1 5 4 3 0 3 4 6 0 4 0 3 1 2 6 7 0 1 4 8 7 2 2 7 6 5 5 9 2 0 4 4 2 7 4 7 3 4 2 7 9 8 6 4 6 9 9 6 0 9 7 1 0 5 0 3 9 7 5 2 0 1 9 7 8 7 4 4 6 5 4 1 1 3 1 3 2 9 4 5 5 5 4 2 2 9 1 5 3 0 0 6 7 1 5 7 0 5 6 0 0 0 1 5 4 9 2 5 3 1 9 8 8 1 7 8 5 0 9 9 7 4 0 5 7 0 9 7 4 3 2 6 2 0 2 7 8 3 7 7 3 6,0452d137f6ea691fe42b684d454c861490d8ace4d9611ae04c0dadb2b4629499
supplement,8,13008,4,0.8746518105849582,5 4 0 1 6 9 9 2 4 6 1 3 1 1 7 0 1 9 5 8 0 9 1 6 5 5 2 4 1 3 8 9 8 3 4 3 3 6 1 6 5 4 4 5 4 9 1 9 9 1 1 7 3 0 4 7 5 9 0 5 1 7 6 2 1 4 3 1 1 3 2 7 9 6 1 7 5 9 6 2 7 1 2 2 2 3 4 0 2 7 8 4 7 2 2 6 3 1 1 9 2 8 0 5 1 6 1 4 7 5 1 2 9 4 5 4 5 3 6 3 5 2 3 0 0 2 7 3 9 6 9 7 5 0 9 2 6 3 4 3 6 6 7 1 6 5 6 7 8 0 0 7 2 5 3 9 0 3 7 8 1 6 6 2 6 3 3 1 7 5 0 0 7 3 1 6 3 5 3 4 3 2 2 5 1 2 6 4 6 7 5 3 6 9 6 7 1 1 1 7 5 6 0 9 4 3 2 1 1 0 0 9 2 5 4 0 3 1 5 4 9 0 9 4 6 0 4 0 3 7 2 6 7 0 1 4 8 7 2 2 7 6 5 5 9 2 0 4 4 2 7 4 7 3 4 2 7 9 2 6 4 6 9 9 6 0 9 1 6 0 5 0 3 9 7 5 2 2 1 9 7 8 7 4 4 6 5 4 1 1 3 1 3 2 9 4 8 9 5 4 2 2 9 1 5 3 0 0 6 7 1 5 7 0 5 6 0 0 0 1 5 4 9 2 5 3 1 9 8 8 8 7 8 5 0 9 9 7 4 0 5 7 0 9 7 4 3 2 6 2 0 2 7 8 3 7 7 1 6,cec4f88d9a6958c47944e0d2df274fd78dc3e3a87c72066bc8d8096ae90f938c
supplement,8,13008,5,0.8997214484679665,5 4 0 1 6 9 9 2 6 6 6 3 1 1 7 0 8 9 5 8 0 9 1 6 5 5 2 4 1 9 8 9 8 3 4 3 3 6 1 6 5 4 4 5 4 9 1 9 9 1 2 7 3 0 4 7 8 9 0 5 1 7 6 2 1 4 3 1 1 3 2 7 9 6 1 7 5 5 6 2 7 1 2 2 2 3 4 0 2 7 1 4 7 2 2 6 3 1 1 9 2 8 0 7 1 6 1 4 7 5 1 2 9 4 5 4 5 3 6 3 5 2 3 0 0 2 7 9 9 6 9 7 5 0 9 2 6 3 4 3 6 6 7 1 6 5 6 7 8 0 0 7 2 5 3 9 0 3 7 8 1 6 6 2 6 3 3 1 7 5 0 0 7 3 1 6 3 5 3 4 3 2 2 5 5 1 6 4 6 7 5 3 6 5 6 7 1 1 1 7 5 6 0 9 4 3 1 1 1 0 0 9 2 5 4 0 3 1 5 4 9 0 9 4 6 0 4 0 3 8 2 6 7 0 1 4 8 7 2 2 7 6 5 5 9 2 0 4 4 8 7 4 7 3 4 2 7 9 8 6 4 6 9 9 6 0 9 1 1 0 5 0 3 9 7 5 2 2 1 9 7 8 7 4 4 6 5 4 1 1 3 1 3 2 9 4 5 5 5 4 2 2 9 1 5 3 0 0 6 7 1 5 7 0 5 6 0 0 0 1 5 4 9 2 5 3 1 9 8 8 8 7 8 5 0 9 9 7 4 0 5 7 9 9 7 4 3 2 6 2 0 2 7 8 3 7 7 1 6,63be371fddca86bc33fcfe7e865d595bb6449bfd93b7584242a12cc97f5140bc
supplement,8,13008,6,0.8969359331476323,5 4 0 1 6 9 9 2 6 6 6 3 1 1 7 0 8 9 5 8 0 9 1 6 5 5 2 4 1 9 8 9 8 3 4 3 3 6 1 6 5 4 4 5 4 9 1 9 9 1 2 7 3 0 4 7 8 9 0 5 8 7 6 2 1 4 3 1 1 3 2 7 9 6 1 7 5 9 6 2 7 1 2 2 2 3 4 0 2 7 8 4 7 2 2 6 3 1 1 9 2 8 0 7 1 6 1 4 7 5 1 2 9 4 5 4 5 3 6 3 5 2 3 0 0 2 7 9 9 6 9 7 5 0 9 2 6 3 4 3 6 6 7 1 6 5 6 7 8 0 0 7 2 5 3 9 0 3 7 8 8 6 6 7 6 3 3 1 7 5 0 0 7 3 1 6 3 5 8 4 3 2 2 5 5 1 6 4 6 7 5 3 6 5 6 7 1 1 1 7 5 6 0 9 4 3 1 1 1 0 0 9 2 5 4 0 3 1 5 4 9 0 9 4 6 0 4 0 3 8 2 6 7 0 1 4 8 7 2 2 7 6 5 5 9 2 0 4 4 8 7 4 7 3 4 2 7 9 8 6 4 6 9 9 6 0 9 7 8 0 5 0 3 9 7 5 2 2 1 9 7 8 7 4 4 6 5 4 1 1 3 1 3 2 9 4 5 5 5 4 2 2 9 1 5 3 0 0 6 7 1 5 7 0 5 6 0 0 0 1 5 4 7 2 5 3 1 9 8 8 8 7 8 5 0 9 9 7 4 0 5 7 9 9 7 4 3 2 6 2 0 2 7 8 3 7 7 5 6,90a97b6a2c096f879151b03e91a139f9873c3ebdba2da11040baf3e35898e509
supplement,8,13008,7,0.9080779944289693,5 4 0 1 6 9 9 2 0 6 6 3 1 1 7 0 8 9 5 8 0 9 1 6 5 5 2 4 1 9 8 9 8 3 4 3 3 6 1 6 5 4 4 5 4 9 1 9 9 1 2 7 9 0 4 7 8 9 0 5 1 7 6 2 1 4 3 1 1 3 2 7 9 6 1 7 5 5 6 2 7 1 2 2 2 3 4 0 2 7 8 4 7 2 2 6 3 1 1 9 2 8 0 7 1 6 1 4 7 5 1 2 9 4 5 4 5 3 6 3 5 2 3 0 0 2 7 8 9 6 9 7 5 0 9 2 6 3 4 3 6 6 7 1 6 5 6 7 8 0 0 7 2 5 3 9 0 3 7 8 8 8 6 2 6 3 3 1 7 5 0 0 7 3 1 6 3 5 8 4 3 2 2 5 5 1 6 4 6 7 5 3 6 5 6 7 1 1 1 7 8 6 0 9 4 3 1 1 1 0 0 9 2 5 4 0 3 1 5 4 9 0 9 4 6 0 4 0 3 8 2 6 7 0 1 4 8 7 2 2 7 6 5 5 9 2 0 4 4 8 7 4 7 3 4 2 7 9 8 6 4 6 9 9 6 0 9 1 8 0 5 0 3 9 7 5 2 2 1 9 7 8 7 4 4 6 5 4 1 1 3 1 3 2 9 4 8 5 5 4 2 2 9 1 5 3 0 0 6 7 1 5 7 0 5 6 0 0 0 1 7 4 9 2 5 3 1 9 8 8 8 7 8 5 0 9 9 7 4 0 5 7 0 9 7 4 3 2 6 2 0 2 7 8 3 7 7 1 6,da2cd58e06b6cfaa5faaca3ac19db8d7537dcbac96765a9e87ddb8a35aa03dde
supplement,8,13008,8,0.9136490250696379,5 4 0 1 6 9 9 2 6 6 1 3 1 1 7 0 8 9 5 8 0 9 1 6 5 5 3 4 1 9 8 9 8 3 4 3 3 6 1 6 5 4 4 5 4 9 1 9 9 1 1 7 3 0 4 7 8 9 0 5 1 7 6 2 1 4 3 1 1 3 2 7 9 6 1 7 5 8 6 2 7 1 2 2 2 3 4 0 2 7 8 4 7 2 2 6 3 1 1 9 2 8 0 8 1 6 1 4 7 5 1 2 1 4 5 4 5 3 6 3 5 2 3 0 0 2 7 9 9 6 9 7 5 0 9 2 6 3 4 3 6 6 7 1 6 5 6 7 8 0 0 7 2 5 3 9 0 3 7 8 8 8 6 8 6 3 3 1 7 5 0 0 8 3 1 6 3 5 8 4 3 2 2 5 5 1 6 4 6 7 5 3 6 3 6 7 1 1 1 7 8 6 0 9 4 3 1 1 1 0 0 9 2 5 4 0 3 1 5 4 9 0 9 4 6 0 4 0 3 8 2 6 7 0 1 4 8 7 2 2 7 6 5 5 9 2 0 4 4 8 7 4 7 3 4 2 7 9 8 6 4 6 9 9 6 0 9 1 8 0 5 0 3 9 7 5 2 2 1 9 7 8 7 4 4 6 5 4 1 1 3 1 3 2 9 4 8 5 5 4 2 2 9 1 5 3 0 0 6 7 1 5 7 0 5 6 0 0 0 8 8 4 9 2 5 3 1 9 8 8 8 7 8 5 0 9 9 7 4 0 5 7 9 9 7 4 3 2 6 2 0 2 7 8 3 7 7 3 6,4031b0d150c9b3ac45c6c9d614ed8554fee5a94b94a09d32834bb7f962fd10f0
supplement,8,13008,9,0.9136490250696379,5 4 0 1 6 9 9 2 0 6 6 3 1 1 7 0 8 9 5 8 0 9 1 6 5 5 3 4 1 9 8 9 8 3 4 3 3 6 1 6 5 4 4 5 4 9 1 9 9 1 1 7 9 0 4 7 8 9 0 5 1 7 6 2 1 4 3 1 1 3 2 7 9 6 1 7 5 8 6 2 7 1 2 2 2 3 4 0 2 7 8 4 7 2 2 6 3 1 1 9 2 8 0 8 1 6 1 4 7 5 1 2 1 4 5 4 5 3 6 3 5 2 3 0 0 2 7 9 9 6 9 7 5 0 9 2 6 3 4 3 6 6 7 1 6 5 6 7 8 0 0 7 2 5 3 9 0 3 7 8 1 8 6 8 6 3 3 1 7 5 0 0 8 3 1 6 3 5 8 4 3 2 2 5 5 1 6 4 6 7 5 3 6 5 6 7 1 1 1 7 5 6 0 9 4 3 1 1 1 0 0 9 2 5 4 0 3 1 5 4 9 0 9 4 6 0 4 0 3 8 2 6 7 0 1 4 8 7 2 2 7 6 5 5 9 2 0 4 4 8 7 4 7 3 4 2 7 9 8 6 4 6 9 9 6 0 9 1 8 0 5 0 3 9 7 5 2 2 1 9 7 8 7 4 4 6 5 4 1 1 3 1 3 2 9 4 8 5 5 4 2 2 9 1 5 3 0 0 6 7 1 5 7 0 5 6 0 0 0 1 8 4 9 2 5 3 1 9 8 8 8 7 8 5 0 9 9 7 4 0 5 7 9 9 7 4 3 2 6 2 0 2 7 8 3 7 7 1 6,67ad82ab4bde2999effc81789058f1949e0b1625cb9063fce6254d96daafe8c4
supplement,8,13008,10,0.9164345403899722,5 4 0 1 6 9 9 2 0 6 6 3 1 1 7 0 8 9 5 8 0 3 1 6 5 5 3 4 1 3 8 9 8 3 4 3 3 6 1 6 5 4 4 5 4 9 1 9 9 1 1 7 3 0 4 7 8 9 0 5 1 7 6 2 1 4 3 1 1 3 2 7 3 6 1 7 5 8 6 2 7 1 2 2 2 3 4 0 2 7 8 4 7 2 2 6 3 1 1 9 2 8 0 8 1 6 1 4 7 5 1 2 9 4 5 4 5 3 6 3 5 2 3 0 0 2 7 3 9 6 9 7 5 0 9 2 6 3 4 3 6 6 7 1 6 5 6 7 8 0 0 7 2 5 3 9 0 3 7 8 8 8 6 8 6 3 3 1 7 5 0 0 7 3 1 6 3 5 8 4 3 2 2 5 5 1 6 4 6 7 5 3 6 5 6 7 1 1 1 7 8 6 0 9 4 3 1 1 1 0 0 9 2 5 4 0 3 1 5 4 9 0 9 4 6 0 4 0 3 8 2 6 7 0 1 4 8 7 2 2 7 6 5 5 9 2 0 4 4 8 7 4 7 8 4 2 7 9 8 6 4 6 9 9 6 0 9 1 8 0 5 0 3 9 7 5 2 2 1 9 7 8 7 4 4 6 5 4 1 1 3 1 3 2 9 4 8 5 5 4 2 2 9 1 5 3 0 0 6 7 1 5 7 0 5 6 0 0 0 1 8 4 9 2 5 3 1 9 8 8 8 7 8 5 0 9 9 7 4 0 5 7 0 9 7 4 3 2 6 2 0 2 7 8 3 7 7 3 6,78c3625ee7c984110cd63ffebe7d87b6fe8066aafdf7433ff71c248f6db16e09
supplement,8,13008,11,0.9164345403899722,5 4 0 1 6 9 9 2 0 6 6 3 1 1 7 0 8 8 5 8 0 3 1 6 5 5 3 4 1 9 8 9 8 3 4 3 3 6 1 6 5 4 4 5 4 9 1 9 9 1 1 7 3 0 4 7 8 9 0 5 1 7 6 2 1 4 3 1 1 3 2 7 9 6 1 7 5 5 6 2 7 1 2 2 2 3 4 0 2 7 8 4 7 2 2 6 3 1 1 9 2 8 0 8 1 6 1 4 7 5 1 2 9 4 5 4 5 3 6 3 5 2 3 0 0 2 7 3 9 6 9 7 5 0 9 2 6 3 4 3 6 6 7 1 6 5 6 7 8 0 0 7 2 5 3 9 0 3 7 8 8 8 6 8 6 3 3 1 7 5 0 0 8 3 1 6 3 5 8 4 3 2 2 5 5 1 6 4 6 7 5 3 6 5 6 7 1 1 1 7 8 6 0 9 4 3 1 1 1 0 0 9 2 5 4 0 3 1 5 4 9 0 9 4 6 0 4 0 3 8 2 6 7 0 1 4 8 7 2 2 7 6 5 5 9 2 0 4 4 8 7 4 7 3 4 2 7 9 8 6 4 6 9 9 6 0 9 7 8 0 5 0 3 9 7 5 2 2 1 9 7 8 7 4 4 6 5 4 1 1 3 1 3 2 9 4 8 5 5 4 2 2 9 1 5 3 0 0 6 7 1 5 7 0 5 6 0 0 0 8 7 4 9 2 5 3 1 9 8 8 8 7 8 5 0 9 9 7 4 0 5 7 0 9 7 4 3 2 6 2 0 2 7 8 3 7 7 3 6,d6e52189256fe31b8121aebac717adde2e52a9ff749d955ea9a31fd8c7dc2327
supplement,8,13008,12,0.9052924791086351,5 4 0 1 6 9 9 2 0 6 1 3 1 1 7 0 8 9 5 8 0 3 1 6 5 5 3 4 1 9 8 9 8 3 4 3 3 6 1 6 5 4 4 5 4 9 1 9 9 1 1 7 3 0 4 7 8 9 0 5 1 7 6 2 1 4 3 1 1 3 2 7 9 6 1 7 5 5 6 2 7 1 2 2 2 3 4 0 2 7 8 4 7 2 2 6 3 1 1 9 2 8 0 5 1 6 1 4 7 5 1 2 9 4 5 4 5 3 6 3 5 2 3 0 0 2 7 9 9 6 9 7 5 0 9 2 6 3 4 3 6 6 7 1 6 5 6 7 8 0 0 7 2 5 3 9 0 3 7 8 8 8 6 8 6 3 3 1 7 5 0 0 8 3 1 6 3 5 8 4 3 2 2 5 5 1 6 4 6 7 5 3 6 5 6 7 1 1 1 7 8 6 0 9 4 3 1 1 1 0 0 9 2 5 4 0 3 1 5 4 9 0 9 4 6 0 4 0 3 8 2 6 7 0 1 4 8 7 2 2 7 6 5 5 9 2 0 4 4 8 7 4 7 8 4 2 7 9 8 6 4 6 9 9 6 0 9 1 8 0 5 0 3 9 7 5 2 3 1 9 7 8 7 4 4 6 5 4 1 1 3 1 3 2 9 4 8 5 5 4 2 2 9 1 5 3 0 0 6 7 1 5 7 0 5 6 0 0 0 1 7 4 9 2 5 3 1 9 8 8 8 7 8 5 0 9 9 7 4 0 5 7 0 9 7 4 3 2 6 2 0 2 7 8 3 7 7 1 6,c475bc9d289aeb450137f87c4ec90951334ce89da6735dbcf536d325345573ba
supplement,8,13008,13,0.9164345403899722,5 4 0 1 6 9 9 2 0 6 6 3 1 1 7 0 8 8 5 8 0 3 1 6 5 5 3 4 1 9 8 9 8 3 4 3 3 6 1 6 5 4 4 5 4 9 1 9 9 1 1 7 3 0 4 7 8 9 0 5 1 7 6 2 1 4 3 1 1 3 2 7 9 6 1 7 5 8 6 2 7 1 2 2 2 3 4 0 2 7 8 4 7 2 2 6 3 1 1 9 2 8 0 8 1 6 1 4 7 5 1 2 9 4 5 4 5 3 6 3 5 2 3 0 0 2 7 8 9 6 9 7 5 0 9 2 6 3 4 3 6 6 7 1 6 5 6 7 8 0 0 7 2 5 3 9 0 3 7 8 8 8 6 8 6 3 3 1 7 5 0 0 8 3 1 6 3 5 3 4 3 2 2 5 5 1 6 4 6 7 5 3 6 9 6 7 1 1 1 7 8 6 0 9 4 3 1 1 1 0 0 9 2 5 4 0 3 1 5 4 9 0 9 4 6 0 4 0 3 8 2 6 7 0 1 4 8 7 2 2 7 6 5 5 9 2 0 4 4 8 7 4 7 8 4 2 7 9 8 6 4 6 9 9 6 0 9 7 8 0 5 0 3 9 7 5 2 2 1 9 7 8 7 4 4 6 5 4 1 1 3 1 3 2 9 4 8 5 5 4 2 2 9 1 5 3 0 0 6 7 1 5 7 0 5 6 0 0 0 1 8 4 9 2 5 3 1 9 8 8 8 7 8 5 0 9 9 7 4 0 5 7 9 9 7 4 3 2 6 2 0 2 7 8 3 7 7 1 6,c46ae41deb12653a19de631ab8701f6dcb48a2bc2a356eb1cc63a63fe7ae1e79
supplement,8,13008,14,0.9164345403899722,5 4 0 1 6 9 9 2 0 6 6 3 1 1 7 0 8 9 5 8 0 3 1 6 5 5 3 4 1 9 8 9 8 3 4 3 3 6 1 6 5 4 4 5 4 9 1 9 9 1 1 7 3 0 4 7 8 9 0 5 8 7 6 2 1 4 3 1 1 3 2 7 9 6 1 7 5 5 6 2 7 1 2 2 2 3 4 0 2 7 8 4 7 2 2 6 3 1 1 9 2 8 0 8 1 6 1 4 7 5 1 2 9 4 5 4 5 3 6 3 5 2 3 0 0 2 7 9 9 6 9 7 5 0 9 2 6 3 4 3 6 6 7 1 6 5 6 7 8 0 0 7 2 5 3 9 0 3 7 8 8 8 6 8 6 3 3 1 7 5 0 0 8 3 1 6 3 5 8 4 3 2 2 5 5 1 6 4 6 7 5 3 6 5 6 7 1 1 1 7 8 6 0 9 4 3 1 1 1 0 0 9 2 5 4 0 3 1 5 4 9 0 9 4 6 0 4 0 3 8 2 6 7 0 1 4 8 7 2 2 7 6 5 5 9 2 0 4 4 8 7 4 7 8 4 2 7 9 8 6 4 6 9 9 6 0 9 1 8 0 5 0 3 9 7 5 2 2 1 9 7 8 7 4 4 6 5 4 1 1 3 1 3 2 9 4 8 5 5 4 2 2 9 1 5 3 0 0 6 7 1 5 7 0 5 6 0 0 0 1 5 4 9 2 5 3 1 9 8 8 8 7 8 5 0 9 9 7 4 0 5 7 9 9 7 4 3 2 6 2 0 2 7 8 3 7 7 3 6,06419e55e44ea5e91f962d3a322851af6a18eb6b659418c8938d7310119c74db
supplement,8,13008,15,0.9108635097493036,5 4 0 1 6 9 9 2 6 6 6 3 1 1 7 0 8 9 5 8 0 3 1 6 5 5 3 4 1 9 8 9 8 3 4 3 3 6 1 6 5 4 4 5 4 9 1 9 9 1 1 7 3 0 4 7 8 9 0 5 1 7 6 2 1 4 3 1 1 3 2 7 3 6 1 7 5 8 6 2 7 1 2 2 2 3 4 0 2 7 8 4 7 2 2 6 3 1 1 9 2 8 0 8 1 6 1 4 7 5 1 2 9 4 5 4 5 3 6 3 5 2 3 0 0 2 7 9 9 6 9 7 5 0 9 2 6 3 4 3 6 6 7 1 6 5 6 7 8 0 0 7 2 5 3 9 0 3 7 8 8 8 6 8 6 3 3 1 7 5 0 0 8 3 1 6 3 5 8 4 3 2 2 5 5 1 6 4 6 7 5 3 6 5 6 7 1 1 1 7 8 6 0 9 4 3 1 1 1 0 0 9 2 5 4 0 3 1 5 4 9 0 9 4 6 0 4 0 3 8 2 6 7 0 1 4 8 7 2 2 7 6 5 5 9 2 0 4 4 8 7 4 7 3 4 2 7 9 8 6 4 6 9 9 6 0 9 1 8 0 5 0 3 9 7 5 2 9 1 9 7 8 7 4 4 6 5 4 1 1 3 1 3 2 9 4 8 5 5 4 2 2 9 1 5 3 0 0 6 9 1 5 7 0 5 6 0 0 0 1 8 4 9 2 5 3 1 9 8 8 8 7 8 5 0 9 9 7 4 0 5 7 9 9 7 4 3 2 6 2 0 2 7 8 3 7 7 1 6,64fd6bc39fa07e0060ddcaaa1682da71cdedb27ab4394f7f453ba3ae11ca1fda
supplement,8,13008,16,0.9164345403899722,5 4 0 1 6 9 9 2 6 6 6 3 1 1 7 0 8 9 5 8 0 3 1 6 5 5 3 4 1 9 8 9 8 3 4 3 3 6 1 6 5 4 4 5 4 9 8 9 9 1 1 7 3 0 4 7 8 9 0 5 1 7 6 2 1 4 3 1 1 3 2 7 3 6 1 7 5 9 6 2 7 1 2 2 2 3 4 0 2 7 8 4 7 2 2 6 3 1 1 9 2 8 0 8 1 6 1 4 7 5 1 2 9 4 5 4 5 3 6 3 5 2 3 0 0 2 7 8 9 6 9 7 5 0 9 2 6 3 4 3 6 6 7 1 6 5 6 7 8 0 0 7 2 5 3 9 0 3 7 8 8 8 6 8 6 3 3 1 7 5 0 0 8 3 1 6 3 5 8 4 3 2 2 5 5 1 6 4 6 7 5 3 6 5 6 7 1 1 1 7 8 6 0 9 4 3 1 1 1 0 0 9 2 5 4 0 3 1 5 4 9 0 9 4 6 0 4 0 3 8 2 6 7 0 1 4 8 7 2 2 7 6 5 5 9 2 0 4 4 8 7 4 7 3 4 2 7 9 8 6 4 6 9 9 6 0 9 1 8 0 5 0 3 9 7 5 2 3 1 9 7 8 7 4 4 6 5 4 1 1 3 1 3 2 9 4 8 5 5 4 2 2 9 1 5 3 0 0 6 7 1 5 7 0 5 6 0 0 0 1 8 4 9 2 5 3 1 9 8 8 8 7 8 5 0 9 9 7 4 0 5 7 9 9 7 4 3 2 6 2 0 2 7 8 3 7 7 1 6,944be5a5c0f80344a0155af5125850b4d4b7a83bc3410e7ea33ce66a20f549b7
supplement,8,13008,17,0.9136490250696379,5 4 0 1 6 9 9 2 6 6 6 3 1 1 7 0 8 8 5 8 0 3 1 6 5 5 3 4 1 9 8 9 8 3 4 3 3 6 1 6 5 4 4 5 4 9 8 9 9 1 1 7 3 0 4 7 8 9 0 5 8 7 6 2 1 4 3 1 1 3 2 7 9 6 1 7 5 8 6 2 7 1 2 2 2 3 4 0 2 7 8 4 7 2 2 6 3 1 1 9 2 8 0 8 1 6 1 4 7 5 1 2 9 4 5 4 5 3 6 3 5 2 3 0 0 2 7 9 9 6 9 7 5 0 9 2 6 3 4 3 6 6 7 1 6 5 6 7 8 0 0 7 2 5 3 9 0 3 7 8 8 8 6 8 6 3 3 1 7 5 0 0 8 3 1 6 3 5 8 4 3 2 2 5 5 1 6 4 6 7 5 3 6 9 6 7 1 1 1 7 8 6 0 9 4 3 1 1 1 0 0 9 2 5 4 0 3 1 5 4 9 0 9 4 6 0 4 0 3 8 2 6 7 0 1 4 8 7 2 2 7 6 5 5 9 2 0 4 4 8 7 4 7 8 4 2 7 9 8 6 4 6 9 9 6 0 9 1 8 0 5 0 3 9 7 5 2 2 1 9 7 8 7 4 4 6 5 4 1 1 3 1 3 2 9 4 8 9 5 4 2 2 9 1 5 3 0 0 6 9 1 5 7 0 5 6 0 0 0 8 7 4 9 2 5 3 1 9 8 8 8 7 8 5 0 9 9 7 4 0 5 7 0 9 7 4 3 2 6 2 0 2 7 8 3 7 7 1 6,54dc2f454c0dedc7797ff5b0c7dc56c421afc50ada4808e648eabade06903d51
supplement,8,13008,18,0.9136490250696379,5 4 0 1 6 9 9 2 0 6 6 3 1 1 7 0 8 8 5 8 0 3 1 6 5 5 3 4 1 9 8 9 8 3 4 3 3 6 1 6 5 4 4 5 4 9 1 9 9 1 1 7 3 0 4 7 8 9 0 5 1 7 6 2 1 4 3 1 1 3 2 7 9 6 1 7 5 8 6 2 7 1 2 2 2 3 4 0 2 7 8 4 7 2 2 6 3 1 1 9 2 8 0 8 1 6 1 4 7 5 1 2 1 4 5 4 5 3 6 3 5 2 3 0 0 2 7 9 9 6 9 7 5 0 9 2 6 3 4 3 6 6 7 1 6 5 6 7 8 0 0 7 2 5 3 9 0 3 7 8 8 8 6 8 6 3 3 1 7 5 0 0 8 3 1 6 3 5 8 4 3 2 2 5 5 1 6 4 6 7 5 3 6 9 6 7 1 1 1 7 8 6 0 9 4 3 1 1 1 0 0 9 2 5 4 0 3 1 5 4 9 0 9 4 6 0 4 0 3 8 2 6 7 0 1 4 8 7 2 2 7 6 5 5 9 2 0 4 4 8 7 4 7 8 4 2 7 9 8 6 4 6 9 9 6 0 9 7 8 0 5 0 3 9 7 5 2 3 1 9 7 8 7 4 4 6 5 4 1 1 3 1 3 2 9 4 8 5 5 4 2 2 9 1 5 3 0 0 6 7 1 5 7 0 5 6 0 0 0 8 8 4 9 2 5 3 1 9 8 8 8 7 8 5 0 9 9 7 4 0 5 7 0 9 7 4 3 2 6 2 0 2 7 8 3 7 7 3 6,08edf780d8480b08a67f13e00919f9a55929d9816fc18efc74ee05152c68c782
supplement,8,13008,19,0.9108635097493036,5 4 0 1 6 9 9 2 0 6 6 3 1 1 7 0 8 9 5 8 0 3 1 6 5 5 3 4 1 9 8 9 8 3 4 3 3 6 1 6 5 4 4 5 4 9 1 9 9 1 1 7 3 0 4 7 8 9 0 5 8 7 6 2 1 4 3 1 1 3 2 7 9 6 1 7 5 5 6 2 7 1 2 2 2 3 4 0 2 7 8 4 7 2 2 6 3 1 1 9 2 8 0 8 1 6 1 4 7 5 1 2 9 4 5 4 5 3 6 3 5 2 3 0 0 2 7 9 9 6 9 7 5 0 9 2 6 3 4 3 6 6 7 1 6 5 6 7 8 0 0 7 2 5 3 9 0 3 7 8 8 8 6 8 6 3 3 1 7 5 0 0 8 3 1 6 3 5 8 4 3 2 2 5 5 1 6 4 6 7 5 3 6 9 6 7 1 1 1 7 8 6 0 9 4 3 1 1 1 0 0 9 2 5 4 0 3 1 5 4 9 0 9 4 6 0 4 0 3 8 2 6 7 0 1 4 8 7 2 2 7 6 5 5 9 2 0 4 4 8 7 4 7 8 4 2 7 9 8 6 4 6 9 9 6 0 9 7 8 0 5 0 3 9 7 5 2 3 1 9 7 8 7 4 4 6 5 4 1 1 3 1 3 2 9 4 8 5 5 4 2 2 9 1 5 3 0 0 6 7 1 5 7 0 5 6 0 0 0 1 8 4 9 2 5 3 1 9 8 8 8 7 8 5 0 9 9 7 4 0 5 7 9 9 7 4 3 2 6 2 0 2 7 8 3 7 7 3 6,b509503bab9a4b89a9b46ca86078d7f1befd3308af699195446eb6dd5f96ce31
supplement,8,13008,20,0.9136490250696379,5 4 0 1 6 9 9 2 0 6 6 3 1 1 7 0 8 9 5 8 0 3 1 6 5 5 3 4 1 9 8 9 8 3 4 3 3 6 1 6 5 4 4 5 4 9 8 9 9 1 1 7 3 0 4 7 8 9 0 5 1 7 6 2 1 4 3 1 1 3 2 7 9 6 1 7 5 8 6 2 7 1 2 2 2 3 4 0 2 7 8 4 7 2 2 6 3 1 1 9 2 8 0 8 1 6 1 4 7 5 1 2 1 4 5 4 5 3 6 3 5 2 3 0 0 2 7 9 9 6 9 7 5 0 9 2 6 3 4 3 6 6 7 1 6 5 6 7 8 0 0 7 2 5 3 9 0 3 7 8 8 8 6 8 6 3 3 1 7 5 0 0 8 3 1 6 3 5 8 4 3 2 2 5 5 1 6 4 6 7 5 3 6 9 6 7 1 1 1 7 8 6 0 9 4 3 2 1 1 0 0 9 2 5 4 0 3 1 5 4 9 0 9 4 6 0 4 0 3 8 2 6 7 0 1 4 8 7 2 2 7 6 5 5 9 2 0 4 4 8 7 4 7 8 4 2 7 9 8 6 4 6 9 9 6 0 9 1 8 0 5 0 3 9 7 5 2 3 1 9 7 8 7 4 4 6 5 4 1 1 3 1 3 2 9 4 8 5 5 4 2 2 9 1 5 3 0 0 6 7 1 5 7 0 5 6 0 0 0 8 8 4 9 2 5 3 1 9 8 8 8 7 8 5 0 9 9 7 4 0 5 7 9 9 7 4 3 2 6 2 0 2 7 8 3 7 7 1 6,a27ff3f15ee2e708bd53e8653ffa19251778bcac4522a714634b2771dde05741
supplement,8,13009,1,0.5515320334261838,5 4 0 1 6 0 0 2 0 4 1 9 1 1 1 0 2 0 0 1 0 0 2 6 5 5 3 4 4 9 1 0 1 8 1 3 3 6 1 6 3 0 6 4 0 0 2 9 0 1 2 1 0 0 6 7 9 0 0 7 1 1 6 2 1 4 3 1 1 3 2 7 8 6 2 3 5 8 6 2 3 1 2 0 6 3 6 0 3 1 8 6 7 8 8 6 3 1 1 9 8 2 0 4 1 6 1 4 4 5 2 8 4 4 8 4 8 3 6 8 5 2 3 0 0 1 1 4 9 6 9 7 5 0 9 8 6 7 0 3 6 6 9 1 6 0 6 7 2 0 0 7 6 5 3 2 0 3 7 8 1 1 0 8 6 3 3 0 8 5 0 0 3 3 2 6 3 0 3 0 3 3 2 9 3 1 6 6 6 9 4 3 6 9 6 7 1 8 1 6 1 6 0 2 1 3 1 2 1 0 0 9 8 5 6 0 3 8 0 1 0 0 0 6 4 2 4 0 2 1 4 6 2 0 1 6 7 7 0 1 8 6 8 5 0 8 0 4 4 8 1 6 2 6 4 1 5 9 8 5 4 6 9 3 6 0 9 2 2 0 9 0 3 0 8 5 2 0 2 9 8 8 7 6 4 6 5 4 2 1 3 1 3 3 9 4 3 0 8 6 3 2 2 1 5 3 0 0 6 5 1 9 4 0 9 6 0 0 0 6 5 6 9 0 5 2 1 9 8 8 8 7 8 5 0 0 9 9 0 0 9 7 5 9 7 0 3 2 6 0 0 8 7 8 3 8 1 3 6,2ffe5314fdc614eef60827eedb577eeeaf5c2898c56edb68d852aa3e88317f37
supplement,8,13009,2,0.8356545961002786,5 4 0 1 6 9 9 2 0 6 6 3 1 1 7 0 2 0 7 8 0 9 1 6 5 5 3 4 1 9 0 9 1 3 4 3 3 6 1 6 5 4 4 5 4 9 2 9 9 1 2 7 5 0 4 7 7 9 0 5 1 7 6 2 1 4 3 1 1 3 2 7 9 6 1 7 5 5 6 2 7 1 2 2 2 3 4 0 2 7 1 4 7 2 2 6 3 1 1 9 2 2 0 7 1 6 1 4 7 5 1 2 9 4 5 4 5 3 6 3 5 2 3 0 0 2 7 3 9 6 3 7 5 0 9 2 6 9 4 3 6 6 7 1 6 9 6 7 8 0 0 7 2 5 3 9 0 3 7 8 1 1 6 8 6 3 3 1 7 5 0 0 7 3 2 6 3 5 3 4 3 2 2 5 3 1 6 4 6 7 5 3 6 9 6 7 1 2 1 7 5 6 0 3 4 3 2 1 1 0 0 9 2 5 4 0 3 1 9 4 3 0 9 4 6 0 4 0 3 1 2 6 2 0 1 4 8 7 2 2 7 6 5 5 9 2 0 4 4 8 7 4 7 3 4 2 7 9 8 6 4 6 9 9 6 0 9 1 1 0 5 0 3 9 7 5 2 0 1 9 1 8 7 4 4 6 5 4 2 1 3 1 3 2 9 4 3 9 5 4 2 2 3 1 5 3 0 0 6 7 1 5 7 0 5 6 0 0 0 6 5 4 9 0 5 2 1 9 8 8 5 7 8 5 0 9 3 7 4 0 5 7 0 9 7 4 3 2 6 2 0 2 7 8 3 7 7 3 6,8fac2a3b4b7778616de8d1a5f137301de9328068f388e77c045e6c42c1621938
supplement,8,13009,3,0.8551532033426184,5 4 0 1 6 3 9 2 0 6 1 3 1 1 7 0 8 5 5 8 0 9 1 6 5 5 3 4 1 9 1 9 8 3 4 3 3 6 1 6 5 4 4 6 4 9 1 9 9 1 2 7 5 0 4 7 5 3 0 5 1 7 6 2 2 4 3 1 1 3 2 7 9 6 1 7 5 5 6 2 7 1 2 2 2 3 4 0 2 7 5 4 7 2 2 6 3 1 1 9 2 1 0 7 1 6 1 4 7 5 1 2 9 4 5 4 5 3 6 3 5 2 3 0 0 2 7 3 9 6 9 7 5 0 9 2 6 3 4 3 6 6 7 1 6 5 6 7 8 0 0 7 2 5 3 9 0 3 7 7 1 8 6 2 6 3 3 4 7 5 0 0 7 3 1 6 3 5 3 4 3 2 2 5 5 1 6 4 6 7 5 3 6 9 6 7 1 1 1 7 5 6 0 9 4 3 2 1 1 0 0 9 2 5 4 0 3 1 5 4 3 0 9 4 6 0 4 0 3 7 2 6 7 0 1 4 8 7 2 2 7 6 5 5 9 2 0 4 4 8 7 4 7 3 4 2 7 9 8 6 4 6 9 9 6 0 9 7 1 0 5 0 3 9 7 5 2 0 1 9 7 8 7 4 4 6 5 4 2 1 3 1 3 2 9 4 8 5 5 4 2 2 9 1 5 3 0 0 6 7 1 5 7 0 5 6 0 0 0 1 5 4 7 2 5 3 1 9 8 8 8 7 8 5 0 9 9 7 4 0 5 7 5 9 7 4 3 2 6 2 0 2 7 8 3 7 7 5 6,dbe8cd5173e35f5d666262eb4038cdbaa3bb00a1962afb1eebdacee7ab82e7b6
supplement,8,13009,4,0.8774373259052924,5 4 0 1 6 9 9 2 0 6 1 3 1 1 7 0 8 8 5 8 0 9 1 6 5 5 3 4 1 9 1 9 8 3 4 3 3 6 1 6 5 4 4 6 4 9 1 9 9 2 2 7 3 0 4 7 5 3 0 5 1 7 6 2 2 4 3 1 1 3 2 7 9 6 1 7 5 5 6 2 7 1 2 2 2 3 4 0 2 7 8 4 7 2 2 6 3 1 1 9 2 8 0 7 1 6 1 4 7 5 1 2 9 4 5 4 5 3 6 3 5 2 3 0 0 2 7 3 9 6 9 7 5 0 9 2 6 3 4 3 6 6 7 1 6 5 6 7 8 0 0 7 2 5 3 9 0 3 7 8 1 8 6 8 6 3 3 9 7 5 0 0 7 3 2 6 3 5 3 4 3 2 2 5 8 2 6 4 6 7 5 3 6 9 6 7 1 1 1 7 5 6 0 9 4 3 2 1 1 0 0 9 2 5 4 0 3 1 5 4 3 0 9 4 6 0 4 0 3 8 2 6 7 0 1 4 8 7 2 2 7 6 5 5 9 2 0 4 4 8 7 4 7 8 4 2 7 9 8 6 4 6 9 9 6 0 9 7 8 0 5 0 3 9 7 5 2 0 1 9 7 8 7 4 4 6 5 4 2 1 3 1 3 2 9 4 8 5 5 4 2 2 3 1 5 3 0 0 6 7 1 5 7 0 5 6 0 0 0 1 5 4 7 2 5 3 1 9 8 8 8 7 8 5 0 9 3 7 4 0 5 7 9 9 7 4 3 2 6 2 0 2 7 8 3 7 7 8 6,2453fe7bb5b2e518c3410f57d941bcff5c5902ed517de884689854a9a2d9459a
supplement,8,13009,5,0.8690807799442897,5 4 0 1 6 9 9 2 0 6 1 3 1 1 7 0 8 8 5 8 0 9 1 6 5 5 3 4 1 9 1 9 8 3 4 3 3 6 1 6 5 4 4 5 4 9 1 9 9 1 1 7 3 0 4 7 8 3 0 5 1 7 6 2 1 4 3 1 1 3 2 7 9 6 1 7 5 5 6 2 7 1 2 2 2 3 4 0 2 7 8 4 7 2 2 6 3 1 1 9 2 1 0 7 1 6 1 4 7 5 1 2 1 4 5 4 5 3 6 3 5 2 3 0 0 2 7 3 9 6 9 7 5 0 9 2 6 3 4 3 6 6 7 1 6 5 6 7 8 0 0 7 2 5 3 9 0 3 7 7 1 1 6 8 6 3 3 1 7 5 0 0 7 3 1 6 3 5 3 4 3 2 2 5 8 1 6 4 6 7 5 3 6 9 6 7 1 1 1 7 5 6 0 9 4 3 2 1 1 0 0 9 2 5 4 0 3 1 5 4 3 0 9 4 6 0 4 0 3 8 2 6 7 0 1 4 8 7 2 2 7 6 5 5 9 2 0 4 4 8 7 4 7 3 4 2 7 9 8 6 4 6 9 9 6 0 9 7 1 0 5 0 3 9 7 5 2 0 1 9 7 8 7 4 4 6 5 4 1 1 3 1 3 2 9 4 8 5 5 4 2 2 3 1 5 3 0 0 6 7 1 5 7 0 5 6 0 0 0 1 5 4 7 2 5 3 1 9 8 8 8 7 8 5 0 9 3 7 4 0 5 7 0 9 7 4 3 2 6 2 0 2 7 8 3 7 7 8 6,6ba4185fad039214c7adffd343ad7d9f72bb64831b6800e6af07e5807d248c14
supplement,8,13009,6,0.8997214484679665,5 4 0 1 6 9 9 2 0 6 1 3 1 1 7 0 8 8 5 8 0 9 1 6 5 5 3 4 1 9 8 9 8 3 4 3 3 6 1 6 5 4 4 6 4 9 8 9 9 8 1 7 3 0 4 7 8 9 0 5 1 7 6 2 1 4 3 1 1 3 2 7 9 6 1 7 5 5 6 2 7 1 2 2 2 3 4 0 2 7 8 4 7 2 2 6 3 1 1 9 2 1 0 7 1 6 1 4 7 5 1 2 1 4 5 4 5 3 6 3 5 2 3 0 0 2 7 8 9 6 9 7 5 0 9 2 6 3 4 3 6 6 7 1 6 5 6 7 8 0 0 7 2 5 3 9 0 3 7 8 1 8 6 8 6 3 3 1 7 5 0 0 7 3 1 6 3 5 3 4 3 2 2 5 8 1 6 4 6 7 5 3 6 9 6 7 1 1 1 7 5 6 0 9 4 3 1 1 1 0 0 9 2 5 4 0 3 1 5 4 3 0 9 4 6 0 4 0 3 7 2 6 7 0 1 4 8 7 2 2 7 6 5 5 9 2 0 4 4 8 7 4 7 8 4 2 7 9 8 6 4 6 9 9 6 0 9 1 8 0 5 0 3 9 7 5 2 2 1 9 7 8 7 4 4 6 5 4 1 1 3 1 3 2 9 4 8 5 5 4 2 2 3 1 5 3 0 0 6 7 1 5 7 0 5 6 0 0 0 8 7 4 7 2 5 3 1 9 8 8 8 7 8 5 0 9 9 7 4 0 5 7 0 9 7 4 3 2 6 2 0 2 7 8 3 7 7 8 6,675e73f372d8b53588f5ba87c79a6c8b1304abf199142a84fa51fbc938f135ce
supplement,8,13009,7,0.9192200557103064,5 4 0 1 6 9 9 2 0 6 1 3 1 1 7 0 8 8 5 8 0 9 1 6 5 5 3 4 1 9 8 9 8 3 4 3 3 6 1 6 5 4 4 5 4 9 8 9 9 8 1 7 3 0 4 7 8 9 0 5 1 7 6 2 1 4 3 1 1 3 2 7 9 6 1 7 5 5 6 2 7 1 2 2 2 3 4 0 2 7 8 4 7 2 2 6 3 2 1 9 2 8 0 7 1 6 1 4 7 5 1 2 9 4 5 4 5 3 6 3 5 2 3 0 0 2 7 8 9 6 9 7 5 0 9 2 6 3 4 3 6 6 7 1 6 5 6 7 8 0 0 7 2 5 3 9 0 3 7 8 8 8 6 8 6 3 3 1 7 5 0 0 8 3 1 6 3 5 8 4 3 2 2 5 8 1 6 4 6 7 5 3 6 5 6 7 1 8 1 7 8 6 0 9 4 3 2 1 1 0 0 9 2 5 4 0 3 1 5 4 9 0 9 4 6 0 4 0 3 8 2 6 7 0 1 4 8 7 2 2 7 6 5 5 9 2 0 4 4 8 7 4 7 8 4 2 7 9 8 6 4 6 9 9 6 0 9 1 8 0 5 0 3 9 7 5 2 3 1 9 7 8 7 4 4 6 5 4 1 1 3 1 3 2 9 4 8 5 5 4 2 2 3 1 5 3 0 0 6 7 1 5 7 0 5 6 0 0 0 8 5 4 7 2 5 3 1 9 8 8 8 7 8 5 0 9 9 7 4 0 5 7 9 9 7 4 3 2 6 2 0 2 7 8 3 7 7 8 6,2fe1449c4706c8913c2f71068c04db913eabffb6e76027cd8748e49453249f01
supplement,8,13009,8,0.9052924791086351,5 4 0 1 6 9 9 2 0 6 1 3 1 1 7 0 8 9 5 8 0 9 1 6 5 5 3 4 1 9 8 9 8 3 4 3 3 6 1 6 5 4 4 5 4 9 1 9 9 8 1 7 3 0 4 7 8 9 0 5 1 7 6 2 1 4 3 1 1 3 2 7 9 6 1 7 5 5 6 2 7 2 2 2 2 3 4 0 2 7 8 4 7 2 2 6 3 2 1 9 2 8 0 7 1 6 1 4 7 5 1 2 1 4 5 4 5 3 6 3 5 2 3 0 0 2 7 3 9 6 9 7 5 0 9 2 6 3 4 3 6 6 7 1 6 5 6 7 8 0 0 7 2 5 3 9 0 3 7 8 1 8 6 8 6 3 3 1 7 5 0 0 7 3 1 6 3 5 3 4 3 2 2 5 5 1 6 4 6 7 5 3 6 9 6 7 1 1 1 7 5 6 0 9 4 3 2 1 1 0 0 9 2 5 4 0 3 1 5 4 9 0 9 4 6 0 4 0 3 7 2 6 7 0 1 4 8 7 2 2 7 6 5 5 9 2 0 4 4 8 7 4 7 3 4 2 7 9 8 6 4 6 9 9 6 0 9 1 8 0 5 0 3 9 7 5 2 3 1 9 7 8 7 4 4 6 5 4 1 1 3 1 3 2 9 4 8 5 5 4 2 2 9 1 5 3 0 0 6 7 1 5 7 0 5 6 0 0 0 8 5 4 9 2 5 3 1 9 8 8 8 7 8 5 0 9 9 7 4 0 5 7 9 9 7 4 3 2 6 2 0 2 7 8 3 7 7 3 6,7a98c9c7167213fc7583080861c24a8f236b3d08b5a8d0c905766f1bb515d184
supplement,8,13009,9,0.9136490250696379,5 4 0 1 6 9 9 2 0 6 1 3 1 1 7 0 8 8 5 8 0 9 1 6 5 5 3 4 1 9 8 9 8 3 4 3 3 6 1 6 5 4 4 5 4 9 8 9 9 8 8 7 5 0 4 7 8 9 0 5 8 7 6 2 1 4 3 1 1 3 2 7 9 6 1 7 5 5 6 2 7 1 2 2 2 3 4 0 2 7 8 4 7 2 2 6 3 8 1 9 2 8 0 7 1 6 1 4 7 5 1 2 9 4 5 4 5 3 6 3 5 2 3 0 0 2 7 8 9 6 9 7 5 0 9 2 6 3 4 3 6 6 7 1 6 5 6 7 8 0 0 7 2 5 3 9 0 3 7 8 8 8 6 8 6 3 3 1 7 5 0 0 8 3 2 6 3 5 3 4 3 2 2 5 8 8 6 4 6 7 5 9 6 9 6 7 1 8 1 7 5 6 0 9 4 3 2 1 1 0 0 9 2 5 4 0 3 1 5 4 9 0 9 4 6 0 4 0 3 8 2 6 7 0 1 4 8 7 2 2 7 6 5 5 9 2 0 4 4 8 7 4 7 8 4 2 7 9 8 6 4 6 9 9 6 0 9 1 8 0 5 0 3 9 7 5 2 2 1 9 7 8 7 4 4 6 5 4 1 1 3 1 3 2 9 4 8 5 5 4 2 2 9 1 5 3 0 0 6 7 1 5 7 0 5 6 0 0 0 8 5 4 9 2 5 3 1 9 8 8 8 7 8 5 0 9 8 7 4 0 5 7 9 9 7 4 3 2 6 2 0 2 7 8 3 7 7 8 6,a803cbc8c700a1caf2da21c34bd0a4609a9ec96f60f40d9a20be8321f2cd503a
supplement,8,13009,10,0.9164345403899722,5 4 0 1 6 9 9 2 0 6 1 3 1 1 7 0 8 8 5 8 0 9 1 6 5 5 1 4 1 9 8 9 8 3 4 3 3 6 1 6 5 4 4 6 4 9 8 9 9 8 1 7 3 0 4 7 8 9 0 5 1 7 6 2 1 4 3 1 1 3 2 7 9 6 1 7 5 8 6 2 7 1 2 2 2 3 4 0 2 7 8 4 7 2 2 6 3 1 1 9 2 8 0 7 1 6 1 4 7 5 1 2 9 4 5 4 5 3 6 3 5 2 3 0 0 2 7 8 9 6 9 7 5 0 9 2 6 3 4 3 6 6 7 1 6 5 6 7 8 0 0 7 2 5 3 9 0 3 7 8 1 8 6 8 6 3 3 1 7 5 0 0 8 3 1 6 3 5 8 4 3 2 2 5 8 1 6 4 6 7 5 9 6 9 6 7 1 1 1 7 5 6 0 9 4 3 2 1 1 0 0 9 2 5 4 0 3 1 5 4 9 0 9 4 6 0 4 0 3 8 2 6 7 0 1 4 8 7 2 2 7 6 5 5 9 2 0 4 4 8 7 4 7 8 4 2 7 9 8 6 4 6 9 9 6 0 9 1 8 0 5 0 3 9 7 5 2 2 1 9 7 8 7 4 4 6 5 4 1 1 3 1 3 2 9 4 8 5 5 4 2 2 9 1 5 3 0 0 6 7 1 5 7 0 5 6 0 0 0 8 7 4 9 2 5 3 1 9 8 8 8 7 8 5 0 9 9 7 4 0 5 7 9 9 7 4 3 2 6 2 0 2 7 8 3 7 7 3 6,2eb8a6bcca84a6f966cc0bc663ccbcb99b6f888c7e3080a86403b304cd5aba8a
supplement,8,13009,11,0.9192200557103064,5 4 0 1 6 9 9 2 0 6 1 3 1 1 7 0 8 8 5 8 0 9 1 6 5 5 3 4 1 9 8 9 8 3 4 3 3 6 1 6 5 4 4 5 4 9 8 9 9 8 8 7 3 0 4 7 8 9 0 5 1 7 6 2 2 4 3 1 1 3 2 7 9 6 1 7 5 8 6 2 7 1 2 2 2 3 4 0 2 7 8 4 7 2 2 6 3 8 1 9 2 8 0 7 1 6 1 4 7 5 1 2 9 4 5 4 5 3 6 3 5 2 3 0 0 2 7 8 9 6 9 7 5 0 9 2 6 3 4 3 6 6 7 1 6 5 6 7 8 0 0 7 2 5 3 9 0 3 7 8 8 8 6 8 6 3 3 1 7 5 0 0 8 3 1 6 3 5 8 4 3 2 2 5 5 8 6 4 6 7 5 9 6 9 6 7 1 1 1 7 8 6 0 9 4 3 2 1 1 0 0 9 2 5 4 0 3 1 5 4 9 0 9 4 6 0 4 0 3 8 2 6 7 0 1 4 8 7 2 2 7 6 5 5 9 2 0 4 4 8 7 4 7 8 4 2 7 9 8 6 4 6 9 9 6 0 9 1 8 0 5 0 3 9 7 5 2 2 1 9 7 8 7 4 4 6 5 4 1 1 3 1 3 2 9 4 8 5 5 4 2 2 9 1 5 3 0 0 6 7 1 5 7 0 5 6 0 0 0 8 5 4 9 2 5 3 1 9 8 8 8 7 8 5 0 9 9 7 4 0 5 7 9 9 7 4 3 2 6 2 0 2 7 8 3 7 7 8 6,0deab4e54c0e33c0613e863eb02bf569e4eca60a7887d83136c91e7c0be4a985
supplement,8,13009,12,0.9164345403899722,5 4 0 1 6 9 9 2 0 6 1 3 1 1 7 0 8 9 5 8 0 9 1 6 5 5 3 4 1 9 8 9 8 3 4 3 3 6 1 6 5 4 4 5 4 9 8 9 9 8 1 7 9 0 4 7 8 9 0 5 1 7 6 2 1 4 3 1 1 3 2 7 9 6 1 7 5 8 6 2 7 1 2 2 2 3 4 0 2 7 8 4 7 2 2 6 3 2 1 9 2 8 0 8 1 6 1 4 7 5 1 2 9 4 5 4 5 9 6 3 5 2 3 0 0 2 7 9 9 6 9 7 5 0 9 2 6 3 4 3 6 6 7 1 6 5 6 7 8 0 0 7 2 5 3 9 0 3 7 8 8 8 6 8 6 3 3 1 7 5 0 0 8 3 1 6 3 5 8 4 3 2 2 5 5 8 6 4 6 7 5 9 6 9 6 7 1 1 1 7 5 6 0 9 4 3 1 1 1 0 0 9 2 5 4 0 3 1 5 4 9 0 9 4 6 0 4 0 3 8 2 6 7 0 1 4 8 7 2 2 7 6 5 5 9 2 0 4 4 8 7 4 7 8 4 2 7 9 8 6 4 6 9 9 6 0 9 1 8 0 5 0 3 9 7 5 2 2 1 9 7 8 7 4 4 6 5 4 1 1 3 1 3 2 9 4 8 5 5 4 2 2 9 1 5 3 0 0 6 7 1 5 7 0 5 6 0 0 0 8 8 4 9 2 5 3 1 9 8 8 8 7 8 5 0 9 9 7 4 0 5 7 9 9 7 4 3 2 6 2 0 2 7 8 3 7 7 8 6,b6c0630ded049f3468bbca7b3cb8414aa5b26aeeef9fe14b0a97c49fa3514f7e
supplement,8,13009,13,0.9164345403899722,5 4 0 1 6 9 9 2 0 6 1 3 1 1 7 0 8 8 5 8 0 9 1 6 5 5 3 4 1 9 8 9 8 3 4 3 3 6 1 6 5 4 4 5 4 9 8 9 9 8 1 7 3 0 4 7 8 9 0 5 8 7 6 2 1 4 3 1 1 3 2 7 9 6 1 7 5 5 6 2 7 1 2 2 2 3 4 0 2 7 8 4 7 2 2 6 3 2 1 9 2 8 0 7 1 6 1 4 7 5 1 2 9 4 5 4 5 3 6 3 5 2 3 0 0 2 7 3 9 6 9 7 5 0 9 2 6 3 4 3 6 6 7 1 6 5 6 7 8 0 0 7 2 5 3 9 0 3 7 8 8 8 6 8 6 3 3 1 7 5 0 0 8 3 1 6 3 5 8 4 3 2 2 5 5 8 6 4 6 7 5 9 6 5 6 7 1 1 1 7 8 6 0 9 4 3 1 1 1 0 0 9 2 5 4 0 3 1 5 4 9 0 9 4 6 0 4 0 3 8 2 6 7 0 1 4 8 7 2 2 7 6 5 5 9 2 0 4 4 8 7 4 7 8 4 2 7 9 8 6 4 6 9 9 6 0 9 1 8 0 5 0 3 9 7 5 2 2 1 9 7 8 7 4 4 6 5 4 1 1 3 1 3 2 9 4 8 5 5 4 2 2 3 1 5 3 0 0 6 7 1 5 7 0 5 6 0 0 0 8 5 4 9 2 5 3 1 9 8 8 8 7 8 5 0 9 3 7 4 0 5 7 0 9 7 4 3 2 6 2 0 2 7 8 3 7 7 8 6,0113de61bba0ab97b51f678faefd3366a088014a579a78b0db846b7848552625
supplement,8,13009,14,0.9220055710306406,5 4 0 1 6 9 9 2 0 6 1 3 1 1 7 0 8 9 5 8 0 9 1 6 5 5 3 4 1 9 8 9 8 3 4 3 3 6 1 6 5 4 4 5 4 9 8 9 9 8 8 7 3 0 4 7 8 9 0 5 8 7 6 2 1 4 3 1 1 3 2 7 9 6 1 7 5 8 6 2 7 1 2 2 2 3 4 0 2 7 8 4 7 2 2 6 3 8 1 9 2 8 0 8 1 6 1 4 7 5 1 2 9 4 5 4 5 3 6 3 5 2 3 0 0 2 7 8 9 6 9 7 5 0 9 2 6 3 4 3 6 6 7 1 6 5 6 7 8 0 0 7 2 5 3 9 0 3 7 8 8 8 6 8 6 3 3 1 7 5 0 0 8 3 1 6 3 5 8 4 3 2 2 5 5 8 6 4 6 7 5 9 6 5 6 7 1 1 1 7 8 6 0 9 4 3 2 1 1 0 0 9 2 5 4 0 3 1 5 4 9 0 9 4 6 0 4 0 3 8 2 6 7 0 1 4 8 7 2 2 7 6 5 5 9 2 0 4 4 8 7 4 7 8 4 2 7 9 8 6 4 6 9 9 6 0 9 1 8 0 5 0 3 9 7 5 2 2 1 9 7 8 7 4 4 6 5 4 1 1 3 1 3 2 9 4 8 5 5 4 2 2 9 1 5 3 0 0 6 7 1 5 7 0 5 6 0 0 0 8 5 4 9 2 5 3 1 9 8 8 8 7 8 5 0 9 9 7 4 0 5 7 9 9 7 4 3 2 6 2 0 2 7 8 3 7 7 8 6,47b0492278770687a684a0f3015fc8be26deefd25e2e47d2f6091f12871ae2e6
supplement,8,13009,15,0.924791086350975,5 4 0 1 6 9 9 2 0 6 6 3 1 1 7 0 8 9 5 8 0 9 1 6 5 5 3 4 1 9 8 9 8 3 4 3 3 6 1 6 5 4 4 5 4 9 8 9 9 8 1 7 3 0 4 7 8 9 0 5 1 7 6 2 1 4 3 1 1 3 2 7 9 6 1 7 5 5 6 2 7 1 2 2 2 3 4 0 2 7 8 4 7 2 2 6 3 2 1 9 2 8 0 7 1 6 1 4 7 5 1 2 9 4 5 4 5 3 6 3 5 2 3 0 0 2 7 3 9 6 9 7 5 0 9 2 6 3 4 3 6 6 7 1 6 5 6 7 8 0 0 7 2 5 3 9 0 3 7 8 1 8 6 8 6 3 3 1 7 5 0 0 7 3 1 6 3 5 8 4 3 2 2 5 5 8 6 4 6 7 5 9 6 9 6 7 1 8 1 7 8 6 0 9 4 3 2 1 1 0 0 9 2 5 4 0 3 1 5 4 9 0 9 4 6 0 4 0 3 8 2 6 7 0 1 4 8 7 2 2 7 6 5 5 9 2 0 4 4 8 7 4 7 8 4 2 7 9 8 6 4 6 9 9 6 0 9 1 8 0 5 0 3 9 7 5 2 2 1 9 7 8 7 4 4 6 5 4 1 1 3 1 3 2 9 4 8 5 5 4 2 2 9 1 5 3 0 0 6 7 1 5 7 0 5 6 0 0 0 8 5 4 9 2 5 3 1 9 8 8 8 7 8 5 0 9 9 7 4 0 5 7 0 9 7 4 3 2 6 2 0 2 7 8 3 7 7 3 6,19971935d1b619585d5032f9c0e76cc8886b6b84faf223a5411a53b832414bbb
supplement,8,13009,16,0.9192200557103064,5 4 0 1 6 9 9 2 0 6 1 3 1 1 7 0 8 9 5 8 0 9 1 6 5 5 3 4 1 9 8 9 8 3 4 3 3 6 1 6 5 4 4 5 4 9 8 9 9 8 1 7 9 0 4 7 8 9 0 5 8 7 6 2 1 4 3 1 1 3 2 7 9 6 1 7 5 8 6 2 7 1 2 2 2 3 4 0 2 7 8 4 7 2 2 6 3 2 1 9 2 8 0 8 1 6 1 4 7 5 1 2 9 4 5 4 5 3 6 3 5 2 3 0 0 2 7 8 9 6 9 7 5 0 9 2 6 3 4 3 6 6 7 1 6 5 6 7 8 0 0 7 2 5 3 9 0 3 7 8 8 8 6 8 6 3 3 1 7 5 0 0 8 3 1 6 3 5 8 4 3 2 2 5 5 8 6 4 6 7 5 9 6 9 6 7 1 1 1 7 8 6 0 9 4 3 1 1 1 0 0 9 2 5 4 0 3 1 5 4 9 0 9 4 6 0 4 0 3 8 2 6 7 0 1 4 8 7 2 2 7 6 5 5 9 2 0 4 4 8 7 4 7 8 4 2 7 9 8 6 4 6 9 9 6 0 9 1 8 0 5 0 3 9 7 5 2 2 1 9 7 8 7 4 4 6 5 4 1 1 3 1 3 2 9 4 8 5 5 4 2 2 9 1 5 3 0 0 6 7 1 5 7 0 5 6 0 0 0 8 7 4 9 2 5 3 1 9 8 8 8 7 8 5 0 9 8 7 4 0 5 7 0 9 7 4 3 2 6 2 0 2 7 8 3 7 7 8 6,5043fe93d2b9d156247145a4c09fe7e66358025662589ea1563b49a9a334de0e
supplement,8,13009,17,0.9136490250696379,5 4 0 1 6 9 9 2 0 6 6 3 1 1 7 0 8 9 5 8 0 9 1 6 5 5 3 4 1 9 8 9 8 3 4 3 3 6 1 6 5 4 4 5 4 9 8 9 9 8 1 7 3 0 4 7 8 9 0 5 8 7 6 2 1 4 3 1 1 3 2 7 9 6 1 7 5 8 6 2 7 1 2 2 2 3 4 0 2 7 8 4 7 2 2 6 3 2 1 9 2 8 0 7 1 6 1 4 7 5 1 2 9 4 5 4 5 3 6 3 5 2 3 0 0 2 7 3 9 6 9 7 5 0 9 2 6 3 4 3 6 6 7 1 6 5 6 7 8 0 0 7 2 5 3 9 0 3 7 8 8 8 6 8 6 3 3 1 7 5 0 0 8 3 1 6 3 5 8 4 3 2 2 5 5 8 6 4 6 7 5 9 6 9 6 7 1 1 1 7 8 6 0 9 4 3 2 1 1 0 0 9 2 5 4 0 3 1 5 4 9 0 9 4 6 0 4 0 3 8 2 6 7 0 1 4 8 7 2 2 7 6 5 5 9 2 0 4 4 8 7 4 7 8 4 2 7 9 8 6 4 6 9 9 6 0 9 1 8 0 5 0 3 9 7 5 2 2 1 9 7 8 7 4 4 6 5 4 1 1 3 1 3 2 9 4 8 5 5 4 2 2 9 1 5 3 0 0 6 7 1 5 7 0 5 6 0 0 0 8 5 4 9 2 5 3 1 9 8 8 8 7 8 5 0 9 9 7 4 0 5 7 0 9 7 4 3 2 6 2 0 2 7 8 3 7 7 8 6,0419b61a6ab8dfa538d5df25ce51ace8a3a315598330085652e8661647b4d540
supplement,8,13009,18,0.9220055710306406,5 4 0 1 6 9 9 2 0 6 6 3 1 1 7 0 8 9 5 8 0 9 1 6 5 5 3 4 1 9 8 9 8 3 4 3 3 6 1 6 5 4 4 5 4 9 8 9 9 8 1 7 3 0 4 7 8 9 0 5 1 7 6 2 1 4 3 1 1 3 2 7 9 6 1 7 5 8 6 2 7 1 2 2 2 3 4 0 2 7 8 4 7 2 2 6 3 1 1 9 2 8 0 7 1 6 1 4 7 5 1 2 9 4 5 4 5 3 6 3 5 2 3 0 0 2 7 8 9 6 9 7 5 0 9 2 6 3 4 3 6 6 7 1 6 5 6 7 8 0 0 7 2 5 3 9 0 3 7 8 8 8 6 8 6 3 3 1 7 5 0 0 7 3 1 6 3 5 8 4 3 2 2 5 5 8 6 4 6 7 5 9 6 9 6 7 1 1 1 7 8 6 0 9 4 3 1 1 1 0 0 9 2 5 4 0 3 1 5 4 9 0 9 4 6 0 4 0 3 8 2 6 7 0 1 4 8 7 2 2 7 6 5 5 9 2 0 4 4 8 7 4 7 8 4 2 7 9 8 6 4 6 9 9 6 0 9 1 8 0 5 0 3 9 7 5 2 2 1 9 7 8 7 4 4 6 5 4 1 1 3 1 3 2 9 4 8 9 5 4 2 2 9 1 5 3 0 0 6 7 1 5 7 0 5 6 0 0 0 8 7 4 9 2 5 3 1 9 8 8 8 7 8 5 0 9 9 7 4 0 5 7 9 9 7 4 3 2 6 2 0 2 7 8 3 7 7 3 6,8b0d68cf3d76d45f245f8d852457cdc1655ac27a2fd6ac18274f356bd76a0063
supplement,8,13009,19,0.9220055710306406,5 4 0 1 6 9 9 2 6 6 6 3 1 1 7 0 8 9 5 8 0 9 1 6 5 5 3 4 1 9 8 9 8 3 4 3 3 6 1 6 5 4 4 5 4 9 8 9 9 8 1 7 3 0 4 7 8 9 0 5 1 7 6 2 1 4 3 1 1 3 2 7 9 6 1 7 5 8 6 2 7 1 2 2 2 3 4 0 2 7 8 4 7 2 2 6 3 2 1 9 2 8 0 7 1 6 1 4 7 5 1 2 9 4 5 4 5 3 6 3 5 2 3 0 0 2 7 8 9 6 9 7 5 0 9 2 6 9 4 3 6 6 7 1 6 5 6 7 8 0 0 7 2 5 3 9 0 3 7 8 8 8 6 8 6 3 3 1 7 5 0 0 8 3 1 6 3 5 8 4 3 2 2 5 5 8 6 4 6 7 5 3 6 9 6 7 1 1 1 7 8 6 0 9 4 3 1 1 1 0 0 9 2 5 4 0 3 1 5 4 9 0 9 4 6 0 4 0 3 8 2 6 7 0 1 4 8 7 2 2 7 6 5 5 9 2 0 4 4 8 7 4 7 8 4 2 7 9 8 6 4 6 9 9 6 0 9 1 8 0 5 0 3 9 7 5 2 2 1 9 7 8 7 4 4 6 5 4 1 1 3 1 3 2 9 4 8 5 5 4 2 2 9 1 5 3 0 0 6 7 1 5 7 0 5 6 0 0 0 8 5 4 9 2 5 3 1 9 8 8 8 7 8 5 0 9 9 7 4 0 5 7 0 9 7 4 3 2 6 2 0 2 7 8 3 7 7 3 6,7b2c2329edf8c59d4467aa15e86ed684554dfa8a1f3e2c2516912facac37811b
supplement,8,13009,20,0.9220055710306406,5 4 0 1 6 9 9 2 0 6 1 3 1 1 7 0 8 8 5 8 0 9 1 6 5 5 3 4 1 9 8 9 8 3 4 3 3 6 1 6 5 4 4 5 4 9 8 9 9 8 1 7 3 0 4 7 8 9 0 5 8 7 6 2 1 4 3 1 1 3 2 7 9 6 1 7 5 8 6 2 7 1 2 2 2 3 4 0 2 7 8 4 7 2 2 6 3 2 1 9 2 8 0 7 1 6 1 4 7 5 1 2 9 4 5 4 5 3 6 3 5 2 3 0 0 2 7 8 9 6 9 7 5 0 9 2 6 3 4 3 6 6 7 1 6 5 6 7 8 0 0 7 2 5 3 9 0 3 7 8 8 8 6 8 6 3 3 1 7 5 0 0 8 3 1 6 3 5 8 4 3 2 2 5 5 8 6 4 6 7 5 9 6 9 6 7 1 1 1 7 8 6 0 9 4 3 1 1 1 0 0 9 2 5 4 0 3 1 5 4 9 0 9 4 6 0 4 0 3 8 2 6 7 0 1 4 8 7 2 2 7 6 5 5 9 2 0 4 4 8 7 4 7 8 4 2 7 9 8 6 4 6 9 9 6 0 9 1 8 0 5 0 3 9 7 5 2 2 1 9 7 8 7 4 4 6 5 4 1 1 3 1 3 2 9 4 8 5 5 4 2 2 9 1 5 3 0 0 6 7 1 5 7 0 5 6 0 0 0 8 5 4 9 2 5 3 1 9 8 8 8 7 8 5 0 9 8 7 4 0 5 7 0 9 7 4 3 2 6 2 0 2 7 8 3 7 7 8 6,663ab4410d957cbe469176fa064e23780aaabbd9f5e38afb2b3c006937cc33af
supplement,8,13010,1,0.4958217270194986,0 4 5 8 6 9 8 0 1 2 1 3 1 1 8 0 8 4 0 0 0 3 1 0 0 0 7 0 1 5 8 9 9 3 4 3 3 6 1 0 5 4 4 2 0 8 1 4 9 1 8 0 3 0 4 7 9 3 0 0 4 7 6 2 2 4 3 1 4 0 2 7 9 8 2 7 9 9 0 2 8 4 3 1 3 3 4 0 3 7 2 4 1 1 5 6 5 8 4 9 0 8 0 9 1 0 1 4 7 0 1 2 4 4 0 4 0 3 8 3 2 2 5 0 0 2 7 1 9 0 9 1 0 8 4 2 0 5 4 3 6 6 4 2 1 5 6 7 0 0 0 7 1 0 3 1 0 3 7 5 4 8 0 8 0 3 3 4 8 0 0 0 1 1 1 6 0 9 0 8 3 7 2 0 8 1 0 4 0 9 2 0 6 5 6 7 4 2 4 4 0 6 0 8 4 0 2 1 1 0 0 9 0 2 4 0 0 8 0 4 8 0 9 4 1 0 4 0 3 3 2 6 0 0 4 4 1 0 2 0 7 6 0 0 9 2 0 4 4 0 4 4 0 1 4 3 7 8 8 0 8 0 5 1 0 0 1 1 8 0 5 0 3 1 7 0 2 3 1 9 0 9 4 4 4 1 0 4 1 8 0 4 3 1 9 0 0 0 9 4 2 2 6 1 0 3 0 0 1 1 1 0 7 0 5 6 5 0 0 1 2 4 1 3 9 8 1 9 9 8 8 1 0 2 0 5 9 1 4 6 0 0 1 1 3 8 3 2 0 2 0 1 4 0 3 1 7 3 0,6e99727497811de9b99ab33808c76e798bcb4a715f992e877c1cacc510261d23
supplement,8,13010,2,0.8189415041782729,5 4 0 1 6 9 8 2 0 6 1 3 1 1 7 0 8 9 0 8 0 3 1 6 5 5 3 4 1 9 1 9 1 3 4 3 3 6 1 6 5 4 4 0 4 9 1 9 9 2 1 7 3 0 4 7 8 9 0 2 7 7 6 2 1 4 3 1 1 3 2 7 3 6 1 7 5 9 6 2 7 1 2 2 2 3 4 0 3 7 7 4 7 2 2 6 3 1 4 9 2 8 0 1 1 6 1 4 7 5 1 2 1 4 5 4 5 3 6 3 5 2 3 0 0 2 7 3 9 6 9 7 5 0 9 2 6 3 4 3 6 6 7 1 6 5 6 7 3 0 0 7 2 5 3 9 0 3 7 8 7 8 6 8 0 3 3 4 7 5 0 0 8 3 1 6 3 5 3 4 3 2 2 5 8 2 6 4 6 7 2 0 6 5 6 7 1 1 1 7 7 6 0 9 4 3 1 1 1 0 0 9 2 5 4 0 3 1 5 4 3 0 9 4 6 0 4 0 3 7 2 6 7 0 1 4 3 1 2 2 7 6 5 0 9 2 0 4 4 8 7 4 7 3 4 3 7 9 8 0 4 6 9 9 6 0 9 1 8 0 5 0 3 3 7 5 2 3 1 9 7 2 1 4 4 1 5 4 1 1 3 1 3 2 9 4 2 9 5 1 2 2 9 1 5 3 0 0 6 7 1 5 7 0 5 6 0 0 0 1 2 4 1 3 5 3 1 9 8 8 3 7 0 5 0 5 3 7 4 0 5 7 0 9 7 4 3 2 0 2 0 2 7 2 3 7 7 3 6,2f13e001e102e4421abdd2b515a9db53b84dacd42bfecc6007bcde8650fc15d2
supplement,8,13010,3,0.8607242339832869,5 4 0 1 6 9 3 2 0 6 1 3 1 1 7 0 8 9 5 8 0 3 1 6 5 5 3 4 1 9 8 9 8 3 4 3 3 6 1 6 5 4 4 1 4 9 1 9 9 2 1 7 3 0 4 7 7 3 0 3 7 7 6 2 1 4 3 1 1 3 2 7 3 6 1 7 5 7 6 2 7 7 2 2 2 3 4 0 3 7 7 4 7 2 2 6 3 8 1 9 2 8 0 7 1 6 1 4 7 5 1 2 1 4 5 4 5 3 6 3 5 2 3 0 0 2 7 3 9 6 3 7 5 0 9 2 6 3 4 3 6 6 7 2 6 9 6 7 8 0 0 7 2 5 3 9 0 3 7 8 7 8 6 8 6 3 3 1 7 5 0 0 8 3 1 6 3 5 3 4 3 2 2 5 3 2 6 4 6 7 5 3 6 9 6 7 1 8 1 7 8 6 0 9 4 3 2 1 1 0 0 9 2 5 4 0 3 1 5 4 3 0 9 4 6 0 4 0 3 7 2 6 7 0 1 4 8 7 2 2 7 6 5 5 9 2 0 4 4 8 7 4 7 3 4 7 7 9 8 6 4 6 9 9 6 0 9 7 8 0 5 0 3 9 7 5 2 3 1 9 7 8 7 4 4 6 5 4 1 1 3 1 3 2 9 4 8 9 5 4 2 2 3 1 5 3 0 0 6 7 1 5 7 0 5 6 0 0 0 1 7 4 7 3 5 3 1 9 8 8 3 7 8 5 0 9 3 7 4 0 5 7 9 9 7 4 3 2 6 2 0 2 7 8 3 7 7 3 6,db6dc7a7adb5a4361f449557a8fa100743ebac7fe513f7b5eb0c53aced764b3c
supplement,8,13010,4,0.8690807799442897,5 4 0 1 6 9 9 2 0 6 1 3 1 1 7 0 8 9 5 8 0 3 1 6 5 5 3 4 1 9 8 9 8 3 4 3 3 6 1 6 5 4 4 6 4 9 1 9 9 2 1 7 3 0 4 7 8 9 0 5 1 7 6 2 1 4 3 1 1 3 2 7 3 6 1 7 5 9 6 2 7 1 2 2 2 3 4 0 3 7 7 4 7 2 2 6 3 7 1 9 2 8 0 7 1 6 1 4 7 5 1 2 1 4 5 4 5 3 6 3 5 2 3 0 0 2 7 3 9 6 9 7 5 0 9 2 6 3 4 3 6 6 7 2 6 9 6 7 8 0 0 7 2 5 3 9 0 3 7 8 7 8 6 8 6 3 3 9 7 5 0 0 8 3 1 6 3 5 3 4 3 2 2 5 1 2 6 4 6 7 5 3 6 9 6 7 1 1 1 7 5 6 0 9 4 3 2 1 1 0 0 9 2 5 4 0 3 1 5 4 9 0 9 4 6 0 4 0 3 7 2 6 7 0 1 4 8 7 2 2 7 6 5 5 9 2 0 4 4 8 7 4 7 3 4 7 7 9 8 6 4 6 9 9 6 0 9 1 8 0 5 0 3 9 7 5 2 9 1 9 7 8 7 4 4 6 5 4 1 1 3 1 3 2 9 4 3 9 5 4 2 2 9 1 5 3 0 0 6 7 1 5 7 0 5 6 0 0 0 1 7 4 7 3 5 3 1 9 8 8 8 7 8 5 0 9 9 7 4 0 5 7 9 9 7 4 3 2 6 2 0 2 7 8 3 7 7 3 6,6cf5767b7eff91e73890c4a338d4fd2cf5808b0fdbbe41a2d54a3c20efc62a2e
supplement,8,13010,5,0.8941504178272981,5 4 0 1 6 9 9 2 0 6 1 3 1 1 7 0 8 9 5 8 0 9 1 6 5 5 3 4 1 9 8 9 8 3 4 3 3 6 1 6 5 4 4 5 4 9 1 9 9 2 1 7 3 0 4 7 8 3 0 5 1 7 6 2 1 4 3 1 1 3 2 7 9 6 1 7 5 5 6 2 7 1 2 2 2 3 4 0 2 7 5 4 7 2 2 6 3 8 1 9 2 8 0 7 1 6 1 4 7 5 1 2 1 4 5 4 5 3 6 3 5 2 3 0 0 2 7 8 9 6 9 7 5 0 9 2 6 3 4 3 6 6 7 1 6 9 6 7 8 0 0 7 2 5 3 9 0 3 7 8 1 8 6 8 6 3 3 1 7 5 0 0 8 3 1 6 3 5 3 4 3 2 2 5 5 1 6 4 6 7 5 0 6 9 6 7 1 1 1 7 8 6 0 9 4 3 2 1 1 0 0 9 2 5 4 0 3 1 5 4 9 0 9 4 6 0 4 0 3 8 2 6 7 0 1 4 8 7 2 2 7 6 5 5 9 2 0 4 4 8 7 4 7 3 4 7 7 9 8 6 4 6 9 9 6 0 9 1 8 0 5 0 3 9 7 5 2 3 1 9 7 8 7 4 4 6 5 4 1 1 3 1 3 2 9 4 8 5 5 4 2 2 9 1 5 3 0 0 6 7 1 5 7 0 5 6 0 0 0 1 7 4 1 2 5 3 1 9 8 8 8 7 8 5 0 9 9 7 4 0 5 7 9 9 7 4 3 2 6 2 0 2 7 8 3 7 7 3 6,1393bb2ee3a79573414effe7b495e9bb7fea49ca57ef2d4502751f6598588c8b
supplement,8,13010,6,0.9025069637883009,5 4 0 1 6 9 9 2 0 6 1 3 1 1 7 0 8 9 5 8 0 9 1 6 5 5 3 4 1 9 1 9 8 3 4 3 3 6 1 6 5 4 4 5 4 9 1 9 9 2 1 7 3 0 4 7 8 9 0 5 1 7 6 2 1 4 3 1 1 3 2 7 9 6 1 7 5 9 6 2 7 1 2 2 2 3 4 0 3 7 1 4 7 2 2 6 3 1 1 9 2 8 0 1 1 6 1 4 7 5 1 2 1 4 5 4 5 3 6 3 5 2 3 0 0 2 7 3 9 6 9 7 5 0 9 2 6 3 4 3 6 6 7 1 6 5 6 7 8 0 0 7 2 5 3 9 0 3 7 8 1 8 6 8 6 3 3 1 7 5 0 0 8 3 1 6 3 5 3 4 3 2 2 5 1 1 6 4 6 7 5 3 6 9 6 7 1 1 1 7 5 6 0 9 4 3 1 1 1 0 0 9 2 5 4 0 3 1 5 4 9 0 9 4 6 0 4 0 3 8 2 6 7 0 1 4 8 7 2 2 7 6 5 5 9 2 0 4 4 8 7 4 7 8 4 2 7 9 8 6 4 6 9 9 6 0 9 1 8 0 5 0 3 9 7 5 2 9 1 9 7 8 7 4 4 6 5 4 1 1 3 1 3 2 9 4 8 9 5 1 2 2 9 1 5 3 0 0 6 7 1 5 7 0 5 6 0 0 0 1 5 4 9 2 5 3 1 9 8 8 8 7 8 5 0 9 9 7 4 0 5 7 9 9 7 4 3 2 6 2 0 2 7 8 3 7 7 3 6,c522ef04b08a009a7d3f3d43383881c9a30156d9fb6ddbda16f09eecee3559b8
supplement,8,13010,7,0.9080779944289693,5 4 0 1 6 9 9 2 0 6 1 3 1 1 7 0 8 9 5 8 0 9 1 6 5 5 3 4 1 9 8 9 8 3 4 3 3 6 1 6 5 4 4 5 4 9 1 9 9 1 1 7 3 0 4 7 8 9 0 5 1 7 6 2 1 4 3 1 1 3 2 7 9 6 1 7 5 5 6 2 7 1 2 2 2 3 4 0 2 7 8 4 7 2 2 6 3 2 1 9 2 8 0 7 1 6 1 4 7 5 1 2 1 4 5 4 5 3 6 3 5 2 3 0 0 2 7 9 9 6 9 7 5 0 9 2 6 3 4 3 6 6 7 1 6 5 6 7 8 0 0 7 2 5 3 9 0 3 7 8 1 8 6 8 6 3 3 1 7 5 0 0 8 3 1 6 3 5 3 4 3 2 2 5 5 1 6 4 6 7 5 3 6 9 6 7 1 1 1 7 8 6 0 9 4 3 1 1 1 0 0 9 2 5 4 0 3 1 5 4 9 0 9 4 6 0 4 0 3 8 2 6 7 0 1 4 8 7 2 2 7 6 5 5 9 2 0 4 4 8 7 4 7 8 4 2 7 9 8 6 4 6 9 9 6 0 9 1 8 0 5 0 3 9 7 5 2 2 1 9 7 8 7 4 4 6 5 4 1 1 3 1 3 2 9 4 8 9 5 4 2 2 9 1 5 3 0 0 6 7 1 5 7 0 5 6 0 0 0 1 7 4 9 2 5 3 1 9 8 8 8 7 8 5 0 9 9 7 4 0 5 7 9 9 7 4 3 2 6 2 0 2 7 8 3 7 7 8 6,5747d1d3a7f09bf32bbaad67baf23fc5a5cce22c3c7b666523b5f328d8c537fb
supplement,8,13010,8,0.8997214484679665,5 4 0 1 6 9 9 2 0 6 1 3 1 1 7 0 8 9 5 8 0 3 1 6 5 5 3 4 1 9 8 9 8 3 4 3 3 6 1 6 5 4 4 5 4 9 1 9 9 8 8 7 3 0 4 7 8 9 0 5 8 7 6 2 1 4 3 1 1 3 2 7 3 6 1 7 5 8 6 2 7 1 2 2 2 3 4 0 2 7 8 4 7 2 2 6 3 2 1 9 2 8 0 7 1 6 1 4 7 5 1 2 1 4 5 4 5 3 6 3 5 2 3 0 0 2 7 9 9 6 9 7 5 0 9 2 6 3 4 3 6 6 7 1 6 5 6 7 8 0 0 7 2 5 3 9 0 3 7 8 8 8 6 8 6 3 3 1 7 5 0 0 8 3 1 6 3 5 3 4 3 2 2 5 5 1 6 4 6 7 5 3 6 9 6 7 1 1 1 7 5 6 0 9 4 3 1 1 1 0 0 9 2 5 4 0 3 1 5 4 9 0 9 4 6 0 4 0 3 8 2 6 7 0 1 4 8 7 2 2 7 6 5 5 9 2 0 4 4 8 7 4 7 8 4 2 7 9 8 6 4 6 9 9 6 0 9 1 8 0 5 0 3 9 7 5 2 2 1 9 7 8 7 4 4 6 5 4 1 1 3 1 3 2 9 4 8 5 5 4 2 2 9 1 5 3 0 0 6 7 1 5 7 0 5 6 0 0 0 1 7 4 7 2 5 3 1 9 8 8 8 7 8 5 0 9 3 7 4 0 5 7 9 9 7 4 3 2 6 2 0 2 7 8 3 7 7 3 6,cdc1c65d7781dadcb75dcf51c15780cbef243289ba9849641d3b3deab67b8436
supplement,8,13010,9,0.8997214484679665,5 4 0 1 6 9 9 2 0 6 1 3 1 1 7 0 8 9 5 8 0 9 1 6 9 5 3 4 1 9 8 9 8 3 4 3 3 6 1 6 5 4 4 5 4 9 8 9 9 8 8 7 9 0 4 7 8 9 0 5 1 7 6 2 1 4 3 1 1 3 2 7 9 6 1 7 5 8 6 2 7 1 2 2 2 3 4 0 2 7 8 4 7 2 2 6 3 2 1 9 2 8 0 7 1 6 1 4 7 5 1 2 9 4 5 4 5 3 6 3 5 2 3 0 0 2 7 9 9 6 9 7 5 0 9 2 6 3 4 3 6 6 7 1 6 5 6 7 8 0 0 7 2 5 3 9 0 3 7 8 8 8 6 8 6 3 3 1 7 5 0 0 8 3 1 6 3 5 3 4 3 2 2 5 5 1 6 4 6 7 5 3 6 9 6 7 1 1 1 7 8 6 0 9 4 3 2 1 1 0 0 9 2 5 4 0 3 1 5 4 9 0 9 4 6 0 4 0 3 8 2 6 7 0 1 4 8 7 2 2 7 6 5 5 9 2 0 4 4 8 7 4 7 9 4 2 7 9 8 6 4 6 9 9 6 0 9 1 8 0 5 0 3 9 7 5 2 9 1 9 7 8 7 4 4 6 5 4 1 9 3 1 3 2 9 4 8 5 5 4 2 2 9 1 5 3 0 0 6 7 1 5 7 0 5 6 0 0 0 1 8 4 9 2 5 9 1 9 8 8 8 7 8 5 0 9 9 7 4 0 5 7 9 9 7 4 3 2 6 2 0 2 7 8 3 7 7 8 6,a08645b7747aed3972df00ae469b550b71e80fafc80970b74147c3b4fc701198
supplement,8,13010,10,0.8941504178272981,5 4 0 1 6 9 9 2 0 6 1 3 1 1 7 0 8 9 5 8 0 3 1 6 5 5 3 4 1 9 8 9 8 3 4 3 3 6 1 6 5 4 4 5 4 9 1 9 9 1 1 7 3 0 4 7 8 9 0 5 1 7 6 2 1 4 3 1 1 3 2 7 3 6 1 7 5 5 6 2 7 1 2 2 2 3 4 0 2 7 8 4 7 2 2 6 3 2 1 9 2 8 0 7 1 6 1 4 7 5 1 2 1 4 5 4 5 3 6 3 5 2 3 0 0 2 7 9 9 6 9 7 5 0 9 2 6 3 4 3 6 6 7 1 6 5 6 7 8 0 0 7 2 5 3 9 0 3 7 8 1 8 6 8 6 3 3 1 7 5 0 0 8 3 1 6 3 5 3 4 3 2 2 5 5 1 6 4 6 7 5 3 6 9 6 7 1 1 1 7 5 6 0 9 4 3 2 1 1 0 0 9 2 5 4 0 3 1 5 4 9 0 9 4 6 0 4 0 3 7 2 6 7 0 1 4 8 7 2 2 7 6 5 5 9 2 0 4 4 8 7 4 7 3 4 2 7 9 8 6 4 6 9 9 6 0 9 1 8 0 5 0 3 9 7 5 2 2 1 9 7 8 7 4 4 6 5 4 1 1 3 1 3 2 9 4 8 5 5 4 2 2 9 1 5 3 0 0 6 7 1 5 7 0 5 6 0 0 0 1 7 4 9 2 5 3 1 9 8 8 8 7 8 5 0 9 3 7 4 0 5 7 0 9 7 4 3 2 6 2 0 2 7 8 3 7 7 3 6,fecfb26f125fd7fd3bbee49255ec3210558bb8a0b93f00c037513ba6b2a15cb6
supplement,8,13010,11,0.9108635097493036,5 4 0 1 6 9 9 2 0 6 1 3 1 1 7 0 8 9 5 8 0 9 1 6 5 5 3 4 1 9 8 9 8 3 4 3 3 6 1 6 5 4 4 5 4 9 1 9 9 1 1 7 3 0 4 7 8 9 0 5 1 7 6 2 1 4 3 1 1 3 2 7 9 6 1 7 5 8 6 2 7 1 2 2 2 3 4 0 2 7 8 4 7 2 2 6 3 2 1 9 2 8 0 7 1 6 1 4 7 5 1 2 1 4 5 4 5 3 6 3 5 2 3 0 0 2 7 8 9 6 9 7 5 0 9 2 6 3 4 3 6 6 7 1 6 5 6 7 8 0 0 7 2 5 3 9 0 3 7 8 1 8 6 8 6 3 3 1 7 5 0 0 8 3 1 6 3 5 3 4 3 2 2 5 5 1 6 4 6 7 5 3 6 9 6 7 1 1 1 7 5 6 0 9 4 3 2 1 1 0 0 9 2 5 4 0 3 1 5 4 9 0 9 4 6 0 4 0 3 8 2 6 7 0 1 4 8 7 2 2 7 6 5 5 9 2 0 4 4 8 7 4 7 8 4 2 7 9 8 6 4 6 9 9 6 0 9 1 8 0 5 0 3 9 7 5 2 2 1 9 7 8 7 4 4 6 5 4 1 1 3 1 3 2 9 4 8 5 5 4 2 2 9 1 5 3 0 0 6 7 1 5 7 0 5 6 0 0 0 1 7 4 9 2 5 3 1 9 8 8 8 7 8 5 0 9 9 7 4 0 5 7 9 9 7 4 3 2 6 2 0 2 7 8 3 7 7 3 6,09cef8720af10c3ba4c3f181b59bfd46da88df9a61c9178c51ce37694296a82b
supplement,8,13010,12,0.9164345403899722,5 4 0 1 6 9 9 2 0 6 1 3 1 1 7 0 8 9 5 8 0 9 1 6 5 5 3 4 1 9 8 9 8 3 4 3 3 6 1 6 5 4 4 5 4 9 8 9 9 8 1 7 3 0 4 7 8 9 0 5 1 7 6 2 1 4 3 1 1 3 2 7 9 6 1 7 5 5 6 2 7 1 2 2 2 3 4 0 2 7 8 4 7 2 2 6 3 7 1 9 2 8 0 7 1 6 1 4 7 5 1 2 9 4 5 4 5 3 6 3 5 2 3 0 0 2 7 9 9 6 9 7 5 0 9 2 6 9 4 3 6 6 7 1 6 5 6 7 8 0 0 7 2 5 3 9 0 3 7 8 1 8 6 8 6 3 3 1 7 5 0 0 8 3 1 6 3 5 8 4 3 2 2 5 5 1 6 4 6 7 5 3 6 5 6 7 1 1 1 7 8 6 0 9 4 3 2 1 1 0 0 9 2 5 4 0 3 1 5 4 9 0 9 4 6 0 4 0 3 8 2 6 7 0 1 4 8 7 2 2 7 6 5 5 9 2 0 4 4 8 7 4 7 8 4 2 7 9 8 6 4 6 9 9 6 0 9 1 8 0 5 0 3 9 7 5 2 2 1 9 7 8 7 4 4 6 5 4 1 1 3 1 3 2 9 4 8 5 5 4 2 2 9 1 5 3 0 0 6 7 1 5 7 0 5 6 0 0 0 1 8 4 9 2 5 3 1 9 8 8 8 7 8 5 0 9 9 7 4 0 5 7 9 9 7 4 3 2 6 2 0 2 7 8 3 7 7 8 6,5a0257acef2ec78cb79e2b0d6a383da437c27f0904b3bf8a77e8d30545277917
supplement,8,13010,13,0.9136490250696379,5 4 0 1 6 9 9 2 0 6 1 3 1 1 7 0 8 9 5 8 0 9 1 6 5 5 3 4 1 9 8 9 8 3 4 3 3 6 1 6 5 4 4 5 4 9 8 9 9 8 8 7 3 0 4 7 8 9 0 5 1 7 6 2 1 4 3 1 1 3 2 7 9 6 1 7 5 8 6 2 7 1 2 2 2 3 4 0 2 7 8 4 7 2 2 6 3 2 1 9 2 8 0 4 1 6 1 4 7 5 1 2 1 4 5 4 5 3 6 3 5 2 3 0 0 2 7 8 9 6 9 7 5 0 9 2 6 3 4 3 6 6 7 1 6 5 6 7 8 0 0 7 2 5 3 9 0 3 7 8 1 8 6 8 6 3 3 1 7 5 0 0 8 3 1 6 3 5 3 4 3 2 2 5 5 1 6 4 6 7 5 3 6 5 6 7 1 1 1 7 8 6 0 9 4 3 2 1 1 0 0 9 2 5 4 0 3 1 5 4 9 0 9 4 6 0 4 0 3 8 2 6 7 0 1 4 8 7 2 2 7 6 5 5 9 2 0 4 4 8 7 4 7 3 4 2 7 9 8 6 4 6 9 9 6 0 9 1 8 0 5 0 3 9 7 5 2 2 1 9 7 8 7 4 4 6 5 4 1 1 3 1 3 2 9 4 8 5 5 4 2 2 9 1 5 3 0 0 6 7 1 5 7 0 5 6 0 0 0 1 7 4 9 2 5 3 1 9 8 8 8 7 8 5 0 9 9 7 4 0 5 7 9 9 7 4 3 2 0 2 0 2 7 8 3 7 7 8 6,32c21d9222bb6a457a61e79e4ee3dfe579d791722771ccf2186d6205c1debbec
supplement,8,13010,14,0.9080779944289693,5 4 0 1 6 9 9 2 0 6 1 3 1 1 7 0 8 9 5 8 0 9 1 6 5 5 3 4 1 9 8 9 8 3 4 3 3 6 1 6 5 4 4 5 4 9 1 9 9 2 1 7 3 0 4 7 8 9 0 5 1 7 6 2 1 4 3 1 1 3 2 7 9 6 1 7 5 5 6 2 7 1 2 2 2 3 4 0 2 7 8 4 7 2 2 6 3 2 1 9 2 1 0 7 1 6 1 4 7 5 1 2 9 4 5 4 5 3 6 3 5 2 3 0 0 2 7 9 9 6 9 7 5 0 9 2 6 3 4 3 6 6 7 1 6 5 6 7 8 0 0 7 2 5 3 9 0 3 7 8 1 8 6 8 6 3 3 1 7 5 0 0 8 3 1 6 3 5 3 4 3 2 2 5 5 1 6 4 6 7 5 3 6 9 6 7 1 1 1 7 8 6 0 9 4 3 2 1 1 0 0 9 2 5 4 0 3 1 5 4 9 0 9 4 6 0 4 0 3 7 2 6 7 0 1 4 8 7 2 2 7 6 5 5 9 2 0 4 4 8 7 4 7 9 4 2 7 9 8 6 4 6 9 9 6 0 9 1 8 0 5 0 3 9 7 5 2 2 1 9 7 8 7 4 4 6 5 4 1 1 3 1 3 2 9 4 8 5 5 4 2 2 9 1 5 3 0 0 6 7 1 5 7 0 5 6 0 0 0 1 5 4 9 2 5 3 1 9 8 8 8 7 8 5 0 9 9 7 4 0 5 7 9 9 7 4 3 2 6 2 0 2 7 8 3 7 7 3 6,e0f696847eb36ca89e1277bfc3286a03c3c4f4886fc9f3812009eddb77b6cb42
supplement,8,13010,15,0.9052924791086351,5 4 0 1 6 9 9 2 0 6 1 3 1 1 7 0 8 9 5 8 0 9 1 6 5 5 3 4 1 9 8 9 8 3 4 3 3 6 1 6 5 4 4 5 4 9 1 9 9 8 1 7 9 0 4 7 8 9 0 5 1 7 6 2 1 4 3 1 1 3 2 7 9 6 1 7 5 9 6 2 7 1 2 2 2 3 4 0 2 7 8 4 7 2 2 6 3 7 1 9 2 8 0 8 1 6 1 4 7 5 1 2 1 4 5 4 5 3 6 3 5 2 3 0 0 2 7 9 9 6 9 7 5 0 9 2 6 3 4 3 6 6 7 1 6 5 6 7 8 0 0 7 2 5 3 9 0 3 7 8 1 8 6 8 6 3 3 1 7 5 0 0 8 3 1 6 3 5 3 4 3 2 2 5 5 1 6 4 6 7 5 3 6 9 6 7 1 1 1 7 5 6 0 9 4 3 2 1 1 0 0 9 2 5 4 0 3 1 5 4 9 0 9 4 6 0 4 0 3 8 2 6 7 0 1 4 8 7 2 2 7 6 5 5 9 2 0 4 4 8 7 4 7 3 4 2 7 9 8 6 4 6 9 9 6 0 9 1 8 0 5 0 3 9 7 5 2 2 1 9 7 8 7 4 4 6 5 4 1 1 3 1 3 2 9 4 8 5 5 4 2 2 9 1 5 3 0 0 6 7 1 5 7 0 5 6 0 0 0 1 7 4 9 2 5 3 1 9 8 8 8 7 8 5 0 9 9 7 4 0 5 7 9 9 7 4 3 2 6 2 0 2 7 8 3 7 7 3 6,be058007f0870602eb0cd3b4d4260a2a5a50ba710509b9fece072c8bbb1a1900
supplement,8,13010,16,0.9275766016713092,5 4 0 1 6 9 9 2 0 6 1 3 1 1 7 0 8 8 5 8 0 9 1 6 5 5 3 4 1 9 8 9 8 3 4 3 3 6 1 6 5 4 4 5 4 9 8 9 9 1 8 7 3 0 4 7 8 9 0 5 1 7 6 2 1 4 3 1 1 3 2 7 3 6 1 7 5 8 6 2 7 1 2 2 2 3 4 0 2 7 8 4 7 2 2 6 3 2 1 9 2 8 0 8 1 6 1 4 7 5 1 2 9 4 5 4 5 3 6 3 5 2 3 0 0 2 7 8 9 6 9 7 5 0 9 2 6 3 4 3 6 6 7 1 6 5 6 7 8 0 0 7 2 5 3 9 0 3 7 8 1 8 6 8 6 3 3 1 7 5 0 0 8 3 1 6 3 5 3 4 3 2 2 5 5 8 6 4 6 7 5 3 6 9 6 7 1 1 1 7 8 6 0 9 4 3 1 1 1 0 0 9 2 5 4 0 3 1 5 4 9 0 9 4 6 0 4 0 3 8 2 6 7 0 1 4 8 7 2 2 7 6 5 5 9 2 0 4 4 8 7 4 7 8 4 2 7 9 8 6 4 6 9 9 6 0 9 1 8 0 5 0 3 9 7 5 2 2 1 9 7 8 7 4 4 6 5 4 1 1 3 1 3 2 9 4 8 5 5 4 2 2 9 1 5 3 0 0 6 7 1 5 7 0 5 6 0 0 0 1 5 4 9 2 5 3 1 9 8 8 8 7 8 5 0 9 9 7 4 0 5 7 9 9 7 4 3 2 0 2 0 2 7 8 3 7 7 3 6,a2a98c4ba08dd9538f773680f1c1ecb244f01298bb67ac0f3cb1733bbaa3d291
supplement,8,13010,17,0.9192200557103064,5 4 0 1 6 9 9 2 0 6 1 3 1 1 7 0 8 9 5 8 0 9 1 6 5 5 3 4 1 9 8 9 8 3 4 3 3 6 1 6 5 4 4 5 4 9 8 9 9 8 1 7 3 0 4 7 8 9 0 5 1 7 6 2 1 4 3 1 1 3 2 7 3 6 1 7 5 8 6 2 7 1 2 2 2 3 4 0 2 7 8 4 7 2 2 6 3 8 1 9 2 8 0 8 1 6 1 4 7 5 1 2 1 4 5 4 5 3 6 3 5 2 3 0 0 2 7 9 9 6 9 7 5 0 9 2 6 3 4 3 6 6 7 1 6 5 6 7 8 0 0 7 2 5 3 9 0 3 7 8 1 8 6 8 6 3 3 1 7 5 0 0 8 3 1 6 3 5 8 4 3 2 2 5 5 1 6 4 6 7 5 3 6 5 6 7 1 1 1 7 8 6 0 9 4 3 1 1 1 0 0 9 2 5 4 0 3 1 5 4 9 0 9 4 6 0 4 0 3 8 2 6 7 0 1 4 8 7 2 2 7 6 5 5 9 2 0 4 4 8 7 4 7 8 4 2 7 9 8 6 4 6 9 9 6 0 9 1 8 0 5 0 3 9 7 5 2 2 1 9 7 8 7 4 4 6 5 4 1 1 3 1 3 2 9 4 8 5 5 4 2 2 9 1 5 3 0 0 6 7 1 5 7 0 5 6 0 0 0 1 5 4 9 2 5 3 1 9 8 8 8 7 8 5 0 9 9 7 4 0 5 7 9 9 7 4 3 2 6 2 0 2 7 8 3 7 7 3 6,d807cbc9f4161cdcae7d894c7415a8f9b7372d239b0ef4cd6bcc2def4ff07f7c
supplement,8,13010,18,0.9220055710306406,5 4 0 1 6 9 9 2 0 6 1 3 1 1 7 0 8 8 5 8 0 3 1 6 5 5 3 4 1 9 8 9 8 3 4 3 3 6 1 6 5 4 4 5 4 9 8 9 9 8 1 7 3 0 4 7 8 9 0 5 8 7 6 2 1 4 3 1 1 3 2 7 9 6 1 7 5 8 6 2 7 1 2 2 2 3 4 0 2 7 8 4 7 2 2 6 3 2 1 9 2 8 0 8 1 6 1 4 7 5 1 2 1 4 5 4 5 3 6 3 5 2 3 0 0 2 7 8 9 6 9 7 5 0 9 2 6 3 4 3 6 6 7 1 6 5 6 7 8 0 0 7 2 5 3 9 0 3 7 8 1 8 6 8 6 3 3 1 7 5 0 0 8 3 1 6 3 5 8 4 3 2 2 5 5 8 6 4 6 7 5 3 6 9 6 7 1 8 1 7 8 6 0 9 4 3 2 1 1 0 0 9 2 5 4 0 3 1 5 4 9 0 9 4 6 0 4 0 3 8 2 6 7 0 1 4 8 7 2 2 7 6 5 5 9 2 0 4 4 8 7 4 7 8 4 2 7 9 8 6 4 6 9 9 6 0 9 1 8 0 5 0 3 9 7 5 2 2 1 9 7 8 7 4 4 6 5 4 1 1 3 1 3 2 9 4 8 5 5 4 2 2 9 1 5 3 0 0 6 7 1 5 7 0 5 6 0 0 0 1 7 4 9 2 5 3 1 9 8 8 8 7 8 5 0 9 9 7 4 0 5 7 9 9 7 4 3 2 0 2 0 2 7 8 3 7 7 3 6,0407691ee010530667ea3049e4a8484808b3d8108d0b9548652b6b95999745f4
supplement,8,13010,19,0.9164345403899722,5 4 0 1 6 9 9 2 0 6 1 3 1 1 7 0 8 9 5 8 0 9 1 6 5 5 3 4 1 9 8 9 8 3 4 3 3 6 1 6 5 4 4 5 4 9 1 9 9 1 1 7 3 0 4 7 8 9 0 5 1 7 6 2 1 4 3 1 1 3 2 7 9 6 1 7 5 8 6 2 7 1 2 2 2 3 4 0 2 7 8 4 7 2 2 6 3 7 1 9 2 8 0 8 1 6 1 4 7 5 1 2 9 4 5 4 5 3 6 3 5 2 3 0 0 2 7 9 9 6 9 7 5 0 9 2 6 3 4 3 6 6 7 1 6 5 6 7 8 0 0 7 2 5 3 9 0 3 7 8 1 8 6 8 6 3 3 1 7 5 0 0 8 3 1 6 3 5 8 4 3 2 2 5 5 2 6 4 6 7 5 3 6 9 6 7 1 1 1 7 8 6 0 9 4 3 2 1 1 0 0 9 2 5 4 0 3 1 5 4 9 0 9 4 6 0 4 0 3 8 2 6 7 0 1 4 8 7 2 2 7 6 5 5 9 2 0 4 4 8 7 4 7 8 4 2 7 9 8 6 4 6 9 9 6 0 9 1 8 0 5 0 3 9 7 5 2 2 1 9 7 8 7 4 4 6 5 4 1 1 3 1 3 2 9 4 8 5 5 4 2 2 9 1 5 3 0 0 6 7 1 5 7 0 5 6 0 0 0 1 5 4 9 2 5 3 1 9 8 8 8 7 8 5 0 9 9 7 4 0 5 7 9 9 7 4 3 2 6 2 0 2 7 8 3 7 7 3 6,a0b24236fbff5c435f72c57c06e7460017cb1edcc1c61cf9f532fccf989e07e6
supplement,8,13010,20,0.9275766016713092,5 4 0 1 6 9 9 2 0 6 1 3 1 1 7 0 8 9 5 8 0 9 1 6 5 5 3 4 1 9 8 9 8 3 4 3 3 6 1 6 5 4 4 5 4 9 8 9 9 8 8 7 3 0 4 7 8 9 0 5 1 7 6 2 1 4 3 1 1 3 2 7 9 6 1 7 5 8 6 2 7 1 2 2 2 3 4 0 2 7 8 4 7 2 2 6 3 8 1 9 2 8 0 7 1 6 1 4 7 5 1 2 9 4 5 4 5 3 6 3 5 2 3 0 0 2 7 8 9 6 9 7 5 0 9 2 6 9 4 3 6 6 7 1 6 5 6 7 8 0 0 7 2 5 3 9 0 3 7 8 1 8 6 8 6 3 3 1 7 5 0 0 8 3 1 6 3 5 8 4 3 2 2 5 5 8 6 4 6 7 5 3 6 5 6 7 1 8 1 7 8 6 0 9 4 3 2 1 1 0 0 9 2 5 4 0 3 1 5 4 9 0 9 4 6 0 4 0 3 8 2 6 7 0 1 4 8 7 2 2 7 6 5 5 9 2 0 4 4 8 7 4 7 8 4 2 7 9 8 6 4 6 9 9 6 0 9 1 8 0 5 0 3 9 7 5 2 2 1 9 7 8 7 4 4 6 5 4 1 1 3 1 3 2 9 4 8 5 5 4 2 2 9 1 5 3 0 0 6 7 1 5 7 0 5 6 0 0 0 1 8 4 9 2 5 3 1 9 8 8 8 7 8 5 0 9 9 7 4 0 5 7 0 9 7 4 3 2 6 2 0 2 7 8 3 7 7 3 6,a526a7c006a9abd3b40f1605364f6793a74a8a32b956bcd640b44ab52d4907c6
